{"stats":{"minecraft:mined":{"minecraft:short_grass":2,"minecraft:acacia_log":1,"minecraft:dead_bush":1},"minecraft:killed_by":{"minecraft:skeleton":1},"minecraft:custom":{"minecraft:jump":33,"minecraft:time_since_rest":3076,"minecraft:damage_dealt":46,"minecraft:leave_game":1,"minecraft:deaths":1,"minecraft:sprint_one_cm":11158,"minecraft:play_time":5241,"minecraft:damage_taken":385,"minecraft:time_since_death":3052,"minecraft:walk_one_cm":10029,"minecraft:total_world_time":5241,"minecraft:fly_one_cm":9367}},"DataVersion":3700}