{"stats":{"minecraft:broken":{"minecraft:stone_pickaxe":1},"minecraft:used":{"minecraft:stone_sword":5,"minecraft:stone_pickaxe":131,"minecraft:iron_pickaxe":105,"minecraft:wooden_pickaxe":19,"minecraft:cooked_chicken":1,"minecraft:stone_axe":22,"minecraft:dirt":21,"minecraft:crafting_table":3,"minecraft:furnace":1,"minecraft:smoker":1},"minecraft:mined":{"minecraft:furnace":1,"minecraft:iron_ore":16,"minecraft:smoker":1,"minecraft:deepslate_lapis_ore":1,"minecraft:crafting_table":3,"minecraft:short_grass":6,"minecraft:acacia_log":5,"minecraft:grass_block":1,"minecraft:coal_ore":2,"minecraft:deepslate_iron_ore":11,"minecraft:gravel":5,"minecraft:dirt":12,"minecraft:stripped_acacia_log":4,"minecraft:stone":203,"minecraft:deepslate":15},"minecraft:killed_by":{"minecraft:creeper":2},"minecraft:picked_up":{"minecraft:raw_iron":27,"minecraft:stick":1,"minecraft:crafting_table":4,"minecraft:feather":20,"minecraft:chicken":14,"minecraft:acacia_log":5,"minecraft:wooden_pickaxe":1,"minecraft:smoker":1,"minecraft:gravel":4,"minecraft:flint":1,"minecraft:lapis_lazuli":6,"minecraft:dirt":55,"minecraft:stripped_acacia_log":4,"minecraft:stone_sword":1,"minecraft:rotten_flesh":2,"minecraft:acacia_planks":9,"minecraft:cobbled_deepslate":15,"minecraft:stone_axe":1,"minecraft:wheat_seeds":2,"minecraft:stone_pickaxe":1,"minecraft:coal":2,"minecraft:furnace":1,"minecraft:cobblestone":213,"minecraft:egg":5},"minecraft:crafted":{"minecraft:shield":1,"minecraft:crafting_table":1,"minecraft:stick":12,"minecraft:iron_pickaxe":1,"minecraft:iron_ingot":5,"minecraft:cooked_chicken":7,"minecraft:wooden_pickaxe":1,"minecraft:stone_pickaxe":1,"minecraft:stone_sword":1,"minecraft:furnace":5,"minecraft:acacia_planks":20,"minecraft:stone_axe":1,"minecraft:air":0,"minecraft:smoker":1},"minecraft:custom":{"minecraft:time_since_rest":12030,"minecraft:interact_with_furnace":2,"minecraft:sprint_one_cm":24672,"minecraft:damage_taken":717,"minecraft:walk_one_cm":31742,"minecraft:mob_kills":8,"minecraft:damage_dealt":479,"minecraft:interact_with_crafting_table":6,"minecraft:fly_one_cm":61406,"minecraft:crouch_one_cm":4797,"minecraft:play_time":17915,"minecraft:deaths":2,"minecraft:sneak_time":3313,"minecraft:jump":223,"minecraft:time_since_death":11948,"minecraft:interact_with_smoker":4,"minecraft:total_world_time":17915,"minecraft:fall_one_cm":2087},"minecraft:killed":{"minecraft:husk":1,"minecraft:chicken":7}},"DataVersion":3700}