{"stats":{"minecraft:broken":{"minecraft:stone_pickaxe":1,"minecraft:iron_pickaxe":1},"minecraft:used":{"minecraft:stone_sword":11,"minecraft:stone_pickaxe":134,"minecraft:oak_planks":1,"minecraft:wooden_pickaxe":21,"minecraft:shield":29,"minecraft:iron_sword":36,"minecraft:cooked_chicken":7,"minecraft:rotten_flesh":2,"minecraft:iron_chestplate":1,"minecraft:golden_apple":1,"minecraft:torch":3,"minecraft:glow_berries":10,"minecraft:dirt":21,"minecraft:crafting_table":7,"minecraft:tuff":9,"minecraft:smoker":1,"minecraft:bread":5,"minecraft:iron_pickaxe":346,"minecraft:iron_helmet":2,"minecraft:iron_boots":1,"minecraft:gravel":4,"minecraft:stone_axe":42,"minecraft:cobblestone":86,"minecraft:furnace":5,"minecraft:bucket":2,"minecraft:cobbled_deepslate":51,"minecraft:iron_leggings":2},"minecraft:mined":{"minecraft:tuff":14,"minecraft:deepslate_diamond_ore":53,"minecraft:smoker":1,"minecraft:crafting_table":7,"minecraft:short_grass":6,"minecraft:acacia_log":5,"minecraft:grass_block":1,"minecraft:deepslate_gold_ore":3,"minecraft:oak_planks":11,"minecraft:spawner":2,"minecraft:furnace":5,"minecraft:iron_ore":16,"minecraft:cobbled_deepslate":3,"minecraft:deepslate_lapis_ore":1,"minecraft:coal_ore":47,"minecraft:deepslate_iron_ore":19,"minecraft:rail":3,"minecraft:gravel":6,"minecraft:sand":5,"minecraft:dirt":12,"minecraft:stripped_acacia_log":4,"minecraft:stone":276,"minecraft:deepslate":49},"minecraft:killed_by":{"minecraft:skeleton":1,"minecraft:creeper":3,"minecraft:zombie":2},"minecraft:dropped":{"minecraft:detector_rail":4,"minecraft:tuff":5,"minecraft:activator_rail":4,"minecraft:rail":2,"minecraft:bow":1,"minecraft:acacia_planks":1},"minecraft:picked_up":{"minecraft:iron_chestplate":1,"minecraft:crafting_table":10,"minecraft:feather":50,"minecraft:chicken":14,"minecraft:water_bucket":1,"minecraft:glow_ink_sac":12,"minecraft:chest_minecart":2,"minecraft:wooden_pickaxe":4,"minecraft:smoker":4,"minecraft:flint":6,"minecraft:tuff":14,"minecraft:shield":2,"minecraft:dirt":55,"minecraft:lapis_lazuli":6,"minecraft:string":11,"minecraft:iron_leggings":1,"minecraft:bone":11,"minecraft:acacia_planks":11,"minecraft:activator_rail":4,"minecraft:bow":3,"minecraft:wheat_seeds":2,"minecraft:detector_rail":4,"minecraft:cobbled_deepslate":71,"minecraft:raw_gold":6,"minecraft:iron_ingot":5,"minecraft:stone_pickaxe":2,"minecraft:cooked_chicken":7,"minecraft:iron_pickaxe":3,"minecraft:iron_sword":1,"minecraft:oak_planks":14,"minecraft:egg":5,"minecraft:furnace":17,"minecraft:stick":11,"minecraft:raw_iron":83,"minecraft:oak_fence":15,"minecraft:torch":29,"minecraft:acacia_log":5,"minecraft:gravel":10,"minecraft:sand":6,"minecraft:spider_eye":2,"minecraft:stripped_acacia_log":4,"minecraft:stone_sword":1,"minecraft:arrow":10,"minecraft:rotten_flesh":5,"minecraft:diamond":110,"minecraft:stone_axe":4,"minecraft:iron_helmet":1,"minecraft:totem_of_undying":1,"minecraft:coal":92,"minecraft:rail":8,"minecraft:cobblestone":311},"minecraft:crafted":{"minecraft:crafting_table":1,"minecraft:iron_helmet":1,"minecraft:wooden_pickaxe":1,"minecraft:cooked_chicken":7,"minecraft:iron_sword":1,"minecraft:furnace":5,"minecraft:bucket":1,"minecraft:stone_axe":3,"minecraft:air":0,"minecraft:iron_chestplate":1,"minecraft:iron_boots":1,"minecraft:shield":2,"minecraft:stick":20,"minecraft:iron_ingot":31,"minecraft:iron_pickaxe":2,"minecraft:stone_pickaxe":2,"minecraft:stone_sword":1,"minecraft:iron_leggings":1,"minecraft:acacia_planks":20,"minecraft:smoker":1},"minecraft:custom":{"minecraft:interact_with_furnace":18,"minecraft:mob_kills":21,"minecraft:interact_with_crafting_table":26,"minecraft:leave_game":1,"minecraft:time_since_death":0,"minecraft:time_since_rest":388,"minecraft:sprint_one_cm":85760,"minecraft:damage_absorbed":40,"minecraft:damage_taken":2993,"minecraft:walk_one_cm":184088,"minecraft:damage_blocked_by_shield":2053,"minecraft:drop":6,"minecraft:damage_dealt":2781,"minecraft:fly_one_cm":88427,"minecraft:open_chest":2,"minecraft:crouch_one_cm":13431,"minecraft:play_time":56341,"minecraft:deaths":6,"minecraft:sneak_time":7283,"minecraft:walk_under_water_one_cm":9160,"minecraft:jump":695,"minecraft:walk_on_water_one_cm":9111,"minecraft:total_world_time":56341,"minecraft:interact_with_smoker":4,"minecraft:fall_one_cm":7147},"minecraft:killed":{"minecraft:husk":1,"minecraft:cave_spider":2,"minecraft:spider":2,"minecraft:skeleton":6,"minecraft:zombie":3,"minecraft:chicken":7}},"DataVersion":3700}