{"stats":{"minecraft:broken":{"minecraft:stone_pickaxe":1,"minecraft:iron_pickaxe":1},"minecraft:used":{"minecraft:stone_sword":11,"minecraft:stone_pickaxe":134,"minecraft:oak_planks":1,"minecraft:shield":29,"minecraft:wooden_pickaxe":21,"minecraft:iron_sword":40,"minecraft:cooked_chicken":7,"minecraft:rotten_flesh":2,"minecraft:iron_chestplate":2,"minecraft:glow_berries":10,"minecraft:torch":3,"minecraft:golden_apple":1,"minecraft:dirt":21,"minecraft:crafting_table":7,"minecraft:tuff":9,"minecraft:smoker":2,"minecraft:bread":5,"minecraft:iron_pickaxe":347,"minecraft:iron_helmet":2,"minecraft:iron_boots":1,"minecraft:gravel":4,"minecraft:stone_axe":69,"minecraft:cobblestone":86,"minecraft:cooked_porkchop":2,"minecraft:furnace":5,"minecraft:bucket":2,"minecraft:cobbled_deepslate":51,"minecraft:iron_leggings":2},"minecraft:mined":{"minecraft:tuff":14,"minecraft:deepslate_diamond_ore":53,"minecraft:smoker":2,"minecraft:crafting_table":7,"minecraft:short_grass":22,"minecraft:acacia_log":5,"minecraft:grass_block":1,"minecraft:deepslate_gold_ore":3,"minecraft:oak_planks":11,"minecraft:spawner":2,"minecraft:furnace":5,"minecraft:fire":8,"minecraft:iron_ore":16,"minecraft:cobbled_deepslate":3,"minecraft:deepslate_lapis_ore":1,"minecraft:coal_ore":47,"minecraft:deepslate_iron_ore":19,"minecraft:rail":3,"minecraft:gravel":6,"minecraft:sand":5,"minecraft:dirt":12,"minecraft:stripped_acacia_log":4,"minecraft:stone":276,"minecraft:deepslate":49},"minecraft:killed_by":{"minecraft:skeleton":1,"minecraft:creeper":3,"minecraft:zombie":2},"minecraft:dropped":{"minecraft:detector_rail":4,"minecraft:tuff":5,"minecraft:activator_rail":4,"minecraft:rail":5,"minecraft:sand":3,"minecraft:bow":1,"minecraft:acacia_planks":1},"minecraft:picked_up":{"minecraft:iron_chestplate":2,"minecraft:crafting_table":11,"minecraft:feather":68,"minecraft:chicken":21,"minecraft:glow_ink_sac":18,"minecraft:water_bucket":2,"minecraft:chest_minecart":3,"minecraft:leather":5,"minecraft:wooden_pickaxe":5,"minecraft:smoker":6,"minecraft:flint":8,"minecraft:tuff":14,"minecraft:shield":3,"minecraft:lapis_lazuli":13,"minecraft:string":16,"minecraft:dirt":55,"minecraft:name_tag":3,"minecraft:iron_leggings":2,"minecraft:bone":15,"minecraft:acacia_planks":11,"minecraft:activator_rail":4,"minecraft:bow":3,"minecraft:wheat_seeds":5,"minecraft:detector_rail":4,"minecraft:cobbled_deepslate":71,"minecraft:raw_gold":9,"minecraft:beef":10,"minecraft:iron_ingot":7,"minecraft:stone_pickaxe":3,"minecraft:cooked_chicken":8,"minecraft:iron_pickaxe":4,"minecraft:oak_planks":14,"minecraft:iron_sword":2,"minecraft:egg":5,"minecraft:furnace":21,"minecraft:stick":13,"minecraft:raw_iron":85,"minecraft:oak_fence":21,"minecraft:torch":58,"minecraft:acacia_log":5,"minecraft:porkchop":10,"minecraft:gravel":10,"minecraft:sand":9,"minecraft:spider_eye":3,"minecraft:stripped_acacia_log":4,"minecraft:stone_sword":1,"minecraft:arrow":14,"minecraft:rotten_flesh":7,"minecraft:diamond":163,"minecraft:stone_axe":6,"minecraft:iron_helmet":2,"minecraft:totem_of_undying":2,"minecraft:coal":178,"minecraft:rail":11,"minecraft:cobblestone":321},"minecraft:custom":{"minecraft:interact_with_furnace":18,"minecraft:mob_kills":39,"minecraft:interact_with_crafting_table":26,"minecraft:leave_game":1,"minecraft:time_since_death":11532,"minecraft:time_since_rest":12352,"minecraft:sprint_one_cm":141846,"minecraft:damage_taken":3019,"minecraft:damage_absorbed":40,"minecraft:walk_one_cm":205709,"minecraft:damage_blocked_by_shield":2053,"minecraft:drop":8,"minecraft:damage_dealt":4261,"minecraft:fly_one_cm":246672,"minecraft:open_chest":2,"minecraft:crouch_one_cm":13977,"minecraft:play_time":68305,"minecraft:deaths":6,"minecraft:sneak_time":7412,"minecraft:walk_under_water_one_cm":10097,"minecraft:jump":1150,"minecraft:walk_on_water_one_cm":9943,"minecraft:interact_with_smoker":14,"minecraft:total_world_time":68305,"minecraft:fall_one_cm":12221},"minecraft:crafted":{"minecraft:cooked_beef":6,"minecraft:cooked_porkchop":10,"minecraft:crafting_table":1,"minecraft:cooked_chicken":13,"minecraft:iron_helmet":1,"minecraft:wooden_pickaxe":1,"minecraft:iron_sword":1,"minecraft:furnace":5,"minecraft:bucket":1,"minecraft:stone_axe":3,"minecraft:air":0,"minecraft:iron_chestplate":1,"minecraft:iron_boots":1,"minecraft:shield":2,"minecraft:stick":20,"minecraft:iron_ingot":31,"minecraft:iron_pickaxe":2,"minecraft:stone_pickaxe":2,"minecraft:stone_sword":1,"minecraft:iron_leggings":1,"minecraft:acacia_planks":20,"minecraft:smoker":1},"minecraft:killed":{"minecraft:husk":2,"minecraft:cave_spider":2,"minecraft:pig":4,"minecraft:spider":2,"minecraft:skeleton":6,"minecraft:zombie":3,"minecraft:chicken":14,"minecraft:cow":6}},"DataVersion":3700}