{"stats":{"minecraft:broken":{"minecraft:stone_pickaxe":1,"minecraft:iron_pickaxe":1},"minecraft:used":{"minecraft:stone_sword":11,"minecraft:shield":30,"minecraft:iron_sword":41,"minecraft:rotten_flesh":2,"minecraft:cooked_chicken":14,"minecraft:iron_chestplate":2,"minecraft:torch":3,"minecraft:dirt":23,"minecraft:tuff":9,"minecraft:iron_helmet":2,"minecraft:iron_boots":1,"minecraft:bow":9,"minecraft:furnace":5,"minecraft:cooked_beef":10,"minecraft:cobbled_deepslate":51,"minecraft:iron_leggings":2,"minecraft:water_bucket":17,"minecraft:stone_pickaxe":134,"minecraft:oak_planks":1,"minecraft:wooden_pickaxe":21,"minecraft:white_wool":4,"minecraft:golden_apple":1,"minecraft:glow_berries":10,"minecraft:crafting_table":9,"minecraft:smoker":3,"minecraft:bread":5,"minecraft:iron_pickaxe":349,"minecraft:gravel":4,"minecraft:stone_axe":87,"minecraft:diamond_sword":76,"minecraft:cobblestone":89,"minecraft:cooked_porkchop":10,"minecraft:bucket":19},"minecraft:mined":{"minecraft:dark_oak_planks":2,"minecraft:tuff":14,"minecraft:deepslate_diamond_ore":53,"minecraft:dark_oak_log":4,"minecraft:acacia_log":5,"minecraft:grass_block":5,"minecraft:spawner":2,"minecraft:furnace":5,"minecraft:cobbled_deepslate":3,"minecraft:iron_ore":16,"minecraft:fire":8,"minecraft:deepslate_lapis_ore":1,"minecraft:bookshelf":11,"minecraft:deepslate_iron_ore":19,"minecraft:rail":3,"minecraft:stripped_acacia_log":4,"minecraft:stone":276,"minecraft:white_wool":4,"minecraft:glass_pane":2,"minecraft:smoker":3,"minecraft:crafting_table":9,"minecraft:short_grass":22,"minecraft:cobblestone":1,"minecraft:deepslate_gold_ore":3,"minecraft:oak_planks":11,"minecraft:coal_ore":47,"minecraft:gravel":6,"minecraft:sand":5,"minecraft:dirt":17,"minecraft:deepslate":49},"minecraft:killed_by":{"minecraft:creeper":3,"minecraft:skeleton":1,"minecraft:zombie":2},"minecraft:dropped":{"minecraft:wheat_seeds":3,"minecraft:oak_fence":6,"minecraft:iron_helmet":1,"minecraft:chest_minecart":1,"minecraft:activator_rail":4,"minecraft:rail":5,"minecraft:emerald":1,"minecraft:red_carpet":77,"minecraft:stick":2,"minecraft:dark_oak_log":2,"minecraft:iron_leggings":1,"minecraft:sand":3,"minecraft:acacia_planks":1,"minecraft:stone_axe":1,"minecraft:detector_rail":4,"minecraft:tuff":5,"minecraft:rotten_flesh":2,"minecraft:totem_of_undying":1,"minecraft:iron_chestplate":1,"minecraft:bow":1},"minecraft:picked_up":{"minecraft:crafting_table":13,"minecraft:iron_chestplate":2,"minecraft:chicken":21,"minecraft:chest_minecart":4,"minecraft:wooden_pickaxe":5,"minecraft:shield":3,"minecraft:string":18,"minecraft:white_carpet":33,"minecraft:iron_leggings":2,"minecraft:activator_rail":4,"minecraft:cobbled_deepslate":71,"minecraft:detector_rail":4,"minecraft:beef":10,"minecraft:iron_pickaxe":4,"minecraft:furnace":21,"minecraft:egg":5,"minecraft:raw_iron":85,"minecraft:stick":15,"minecraft:oak_fence":21,"minecraft:torch":58,"minecraft:acacia_log":5,"minecraft:porkchop":10,"minecraft:stone_sword":1,"minecraft:arrow":16,"minecraft:rotten_flesh":8,"minecraft:totem_of_undying":4,"minecraft:white_wool":4,"minecraft:cobblestone":322,"minecraft:rail":11,"minecraft:feather":68,"minecraft:glow_ink_sac":18,"minecraft:water_bucket":2,"minecraft:leather":5,"minecraft:smoker":7,"minecraft:flint":8,"minecraft:tuff":14,"minecraft:lapis_lazuli":13,"minecraft:dirt":58,"minecraft:name_tag":3,"minecraft:red_carpet":191,"minecraft:bone":23,"minecraft:acacia_planks":11,"minecraft:bow":3,"minecraft:wheat_seeds":5,"minecraft:raw_gold":9,"minecraft:iron_ingot":7,"minecraft:cooked_chicken":8,"minecraft:stone_pickaxe":3,"minecraft:iron_sword":2,"minecraft:oak_planks":14,"minecraft:book":33,"minecraft:cooked_porkchop":6,"minecraft:gravel":10,"minecraft:sand":9,"minecraft:dark_oak_log":3,"minecraft:spider_eye":3,"minecraft:stripped_acacia_log":4,"minecraft:diamond":163,"minecraft:stone_axe":6,"minecraft:iron_helmet":2,"minecraft:emerald":5,"minecraft:coal":218},"minecraft:crafted":{"minecraft:cooked_chicken":13,"minecraft:furnace":5,"minecraft:diamond_helmet":1,"minecraft:bow":1,"minecraft:diamond_leggings":1,"minecraft:iron_boots":1,"minecraft:stone_pickaxe":2,"minecraft:diamond_boots":1,"minecraft:dark_oak_planks":4,"minecraft:smoker":1,"minecraft:cooked_beef":10,"minecraft:diamond_sword":1,"minecraft:arrow":8,"minecraft:cooked_porkchop":10,"minecraft:crafting_table":1,"minecraft:wooden_pickaxe":1,"minecraft:iron_helmet":1,"minecraft:iron_sword":1,"minecraft:bucket":1,"minecraft:stone_axe":3,"minecraft:air":0,"minecraft:iron_chestplate":1,"minecraft:shield":2,"minecraft:stick":28,"minecraft:iron_ingot":31,"minecraft:iron_pickaxe":2,"minecraft:stone_sword":1,"minecraft:iron_leggings":1,"minecraft:acacia_planks":20,"minecraft:diamond_chestplate":1},"minecraft:custom":{"minecraft:interact_with_anvil":1,"minecraft:mob_kills":65,"minecraft:interact_with_crafting_table":33,"minecraft:leave_game":1,"minecraft:time_since_death":47532,"minecraft:climb_one_cm":1028,"minecraft:sprint_one_cm":296221,"minecraft:walk_one_cm":324755,"minecraft:damage_blocked_by_shield":2098,"minecraft:drop":34,"minecraft:play_time":104305,"minecraft:deaths":6,"minecraft:sneak_time":7705,"minecraft:walk_under_water_one_cm":14352,"minecraft:jump":2003,"minecraft:walk_on_water_one_cm":39109,"minecraft:total_world_time":104305,"minecraft:interact_with_furnace":18,"minecraft:time_since_rest":48352,"minecraft:damage_taken":5006,"minecraft:damage_absorbed":40,"minecraft:damage_dealt":8851,"minecraft:fly_one_cm":438141,"minecraft:swim_one_cm":5971,"minecraft:open_chest":5,"minecraft:crouch_one_cm":14362,"minecraft:interact_with_smoker":17,"minecraft:fall_one_cm":21061},"minecraft:killed":{"minecraft:evoker":1,"minecraft:vex":1,"minecraft:cave_spider":2,"minecraft:vindicator":8,"minecraft:spider":3,"minecraft:skeleton":10,"minecraft:chicken":14,"minecraft:husk":2,"minecraft:pig":4,"minecraft:creeper":2,"minecraft:zombie":10,"minecraft:cow":6}},"DataVersion":3700}