{"stats":{"minecraft:broken":{"minecraft:stone_pickaxe":1,"minecraft:iron_pickaxe":1},"minecraft:used":{"minecraft:stone_sword":11,"minecraft:shield":30,"minecraft:iron_sword":41,"minecraft:rotten_flesh":6,"minecraft:cooked_chicken":15,"minecraft:iron_chestplate":2,"minecraft:torch":3,"minecraft:dirt":23,"minecraft:tuff":9,"minecraft:iron_helmet":2,"minecraft:iron_boots":1,"minecraft:bow":9,"minecraft:furnace":5,"minecraft:cooked_beef":10,"minecraft:cobbled_deepslate":51,"minecraft:iron_leggings":2,"minecraft:cooked_mutton":2,"minecraft:water_bucket":20,"minecraft:stone_pickaxe":134,"minecraft:oak_planks":1,"minecraft:wooden_pickaxe":21,"minecraft:white_wool":10,"minecraft:golden_apple":1,"minecraft:glow_berries":10,"minecraft:crafting_table":9,"minecraft:smoker":3,"minecraft:bread":6,"minecraft:iron_pickaxe":359,"minecraft:gravel":4,"minecraft:stone_axe":91,"minecraft:diamond_sword":95,"minecraft:cobblestone":89,"minecraft:cooked_porkchop":10,"minecraft:bucket":22},"minecraft:mined":{"minecraft:dark_oak_planks":4,"minecraft:tuff":14,"minecraft:deepslate_diamond_ore":53,"minecraft:cobblestone_stairs":1,"minecraft:dark_oak_log":4,"minecraft:orange_wool":2,"minecraft:acacia_log":5,"minecraft:grass_block":6,"minecraft:spawner":3,"minecraft:furnace":5,"minecraft:cobbled_deepslate":3,"minecraft:iron_ore":16,"minecraft:fire":8,"minecraft:deepslate_lapis_ore":1,"minecraft:bookshelf":11,"minecraft:deepslate_iron_ore":19,"minecraft:rail":3,"minecraft:stripped_acacia_log":4,"minecraft:stone":276,"minecraft:white_wool":12,"minecraft:glass_pane":6,"minecraft:smoker":3,"minecraft:crafting_table":9,"minecraft:short_grass":22,"minecraft:cobblestone":1,"minecraft:deepslate_gold_ore":3,"minecraft:oak_planks":11,"minecraft:cobblestone_wall":3,"minecraft:coal_ore":47,"minecraft:gravel":6,"minecraft:sand":5,"minecraft:dirt":17,"minecraft:cobweb":4,"minecraft:deepslate":49},"minecraft:killed_by":{"minecraft:creeper":3,"minecraft:skeleton":1,"minecraft:zombie":2},"minecraft:dropped":{"minecraft:wheat_seeds":3,"minecraft:oak_fence":6,"minecraft:iron_helmet":1,"minecraft:chest_minecart":1,"minecraft:activator_rail":4,"minecraft:rail":5,"minecraft:cobblestone_stairs":1,"minecraft:emerald":1,"minecraft:red_carpet":77,"minecraft:stick":2,"minecraft:dirt":1,"minecraft:gray_wool":1,"minecraft:dark_oak_log":2,"minecraft:brown_wool":1,"minecraft:iron_leggings":1,"minecraft:sand":3,"minecraft:acacia_planks":1,"minecraft:stone_axe":1,"minecraft:detector_rail":4,"minecraft:tuff":5,"minecraft:white_carpet":33,"minecraft:rotten_flesh":2,"minecraft:totem_of_undying":1,"minecraft:iron_chestplate":1,"minecraft:bow":1},"minecraft:picked_up":{"minecraft:crafting_table":13,"minecraft:iron_chestplate":2,"minecraft:chicken":21,"minecraft:chest_minecart":4,"minecraft:wooden_pickaxe":5,"minecraft:shield":3,"minecraft:string":24,"minecraft:white_carpet":33,"minecraft:iron_leggings":2,"minecraft:activator_rail":4,"minecraft:cobbled_deepslate":71,"minecraft:detector_rail":4,"minecraft:beef":10,"minecraft:iron_pickaxe":4,"minecraft:furnace":21,"minecraft:egg":5,"minecraft:raw_iron":85,"minecraft:stick":15,"minecraft:oak_fence":21,"minecraft:torch":58,"minecraft:acacia_log":5,"minecraft:porkchop":10,"minecraft:stone_sword":1,"minecraft:arrow":18,"minecraft:rotten_flesh":11,"minecraft:totem_of_undying":4,"minecraft:white_wool":12,"minecraft:cobblestone":322,"minecraft:rail":11,"minecraft:feather":69,"minecraft:glow_ink_sac":18,"minecraft:water_bucket":2,"minecraft:brown_wool":1,"minecraft:leather":5,"minecraft:smoker":7,"minecraft:flint":8,"minecraft:tuff":14,"minecraft:cobblestone_wall":2,"minecraft:cobblestone_stairs":1,"minecraft:lapis_lazuli":13,"minecraft:dirt":59,"minecraft:name_tag":3,"minecraft:cooked_mutton":2,"minecraft:red_carpet":191,"minecraft:bone":24,"minecraft:acacia_planks":11,"minecraft:bow":3,"minecraft:wheat_seeds":5,"minecraft:raw_gold":9,"minecraft:iron_ingot":7,"minecraft:cooked_chicken":9,"minecraft:stone_pickaxe":3,"minecraft:iron_sword":2,"minecraft:oak_planks":14,"minecraft:book":33,"minecraft:cooked_porkchop":6,"minecraft:gravel":10,"minecraft:sand":9,"minecraft:dark_oak_log":3,"minecraft:spider_eye":3,"minecraft:stripped_acacia_log":4,"minecraft:diamond":163,"minecraft:stone_axe":6,"minecraft:iron_helmet":2,"minecraft:gray_wool":1,"minecraft:emerald":5,"minecraft:coal":218},"minecraft:crafted":{"minecraft:cooked_chicken":13,"minecraft:furnace":5,"minecraft:diamond_helmet":1,"minecraft:bow":1,"minecraft:diamond_leggings":1,"minecraft:iron_boots":1,"minecraft:stone_pickaxe":2,"minecraft:diamond_boots":1,"minecraft:dark_oak_planks":4,"minecraft:smoker":1,"minecraft:cooked_beef":10,"minecraft:diamond_sword":1,"minecraft:arrow":8,"minecraft:cooked_porkchop":10,"minecraft:crafting_table":1,"minecraft:wooden_pickaxe":1,"minecraft:iron_helmet":1,"minecraft:iron_sword":1,"minecraft:bucket":1,"minecraft:stone_axe":3,"minecraft:air":0,"minecraft:iron_chestplate":1,"minecraft:shield":2,"minecraft:stick":28,"minecraft:iron_ingot":31,"minecraft:iron_pickaxe":2,"minecraft:stone_sword":1,"minecraft:iron_leggings":1,"minecraft:acacia_planks":20,"minecraft:diamond_chestplate":1},"minecraft:custom":{"minecraft:interact_with_anvil":1,"minecraft:mob_kills":72,"minecraft:interact_with_crafting_table":33,"minecraft:leave_game":1,"minecraft:time_since_death":59532,"minecraft:climb_one_cm":1028,"minecraft:sprint_one_cm":353074,"minecraft:walk_one_cm":365268,"minecraft:damage_blocked_by_shield":2098,"minecraft:drop":39,"minecraft:talked_to_villager":2,"minecraft:play_time":116305,"minecraft:deaths":6,"minecraft:sneak_time":7750,"minecraft:walk_under_water_one_cm":15594,"minecraft:jump":2303,"minecraft:walk_on_water_one_cm":40115,"minecraft:total_world_time":116305,"minecraft:interact_with_furnace":18,"minecraft:time_since_rest":60352,"minecraft:damage_taken":5192,"minecraft:damage_absorbed":40,"minecraft:damage_dealt":9761,"minecraft:fly_one_cm":502932,"minecraft:swim_one_cm":5971,"minecraft:open_chest":6,"minecraft:crouch_one_cm":14424,"minecraft:interact_with_smoker":17,"minecraft:fall_one_cm":25677},"minecraft:killed":{"minecraft:evoker":1,"minecraft:vex":1,"minecraft:cave_spider":2,"minecraft:vindicator":8,"minecraft:spider":4,"minecraft:skeleton":11,"minecraft:chicken":15,"minecraft:husk":2,"minecraft:pig":4,"minecraft:creeper":2,"minecraft:sheep":2,"minecraft:zombie":12,"minecraft:cow":6}},"DataVersion":3700}