{"stats":{"minecraft:used":{"minecraft:stone_sword":10,"minecraft:ladder":1,"minecraft:stone_pickaxe":97,"minecraft:wooden_pickaxe":12,"minecraft:shield":19,"minecraft:iron_sword":52,"minecraft:iron_chestplate":2,"minecraft:torch":45,"minecraft:sand":3,"minecraft:crafting_table":6,"minecraft:mushroom_stew":7,"minecraft:black_wool":2,"minecraft:iron_axe":40,"minecraft:bread":19,"minecraft:iron_pickaxe":31,"minecraft:leather_helmet":1,"minecraft:iron_helmet":1,"minecraft:iron_boots":1,"minecraft:totem_of_undying":1,"minecraft:stone_axe":91,"minecraft:cobblestone":25,"minecraft:dark_oak_boat":2,"minecraft:furnace":2,"minecraft:andesite":2,"minecraft:cooked_beef":1,"minecraft:iron_leggings":1},"minecraft:dropped":{"minecraft:stone_axe":2,"minecraft:birch_planks":2,"minecraft:stone_sword":1,"minecraft:cobbled_deepslate":7,"minecraft:light_gray_wool":1,"minecraft:granite":7,"aq:dolphin_finn":1,"minecraft:leather_helmet":1,"minecraft:stick":1,"minecraft:dirt":2,"minecraft:diorite":1,"minecraft:arrow":2,"minecraft:stone_pickaxe":2,"minecraft:wooden_pickaxe":2},"minecraft:custom":{"minecraft:interact_with_furnace":42,"minecraft:mob_kills":32,"minecraft:interact_with_crafting_table":30,"minecraft:leave_game":3,"minecraft:time_since_death":34697,"minecraft:time_since_rest":34703,"minecraft:sprint_one_cm":120374,"minecraft:damage_taken":2646,"minecraft:walk_one_cm":89610,"minecraft:damage_blocked_by_shield":2100,"minecraft:drop":17,"minecraft:damage_dealt":3150,"minecraft:swim_one_cm":57605,"minecraft:fly_one_cm":208858,"minecraft:open_chest":3,"minecraft:crouch_one_cm":14315,"minecraft:play_time":81431,"minecraft:deaths":5,"minecraft:sneak_time":6082,"minecraft:walk_under_water_one_cm":18857,"minecraft:boat_one_cm":40338,"minecraft:jump":1108,"minecraft:walk_on_water_one_cm":12666,"minecraft:enchant_item":7,"minecraft:total_world_time":81431,"minecraft:fall_one_cm":37427},"minecraft:mined":{"minecraft:kelp_plant":1,"minecraft:dark_oak_log":32,"minecraft:crafting_table":6,"minecraft:torch":1,"minecraft:ladder":1,"minecraft:brown_mushroom_block":32,"minecraft:tall_grass":3,"minecraft:cobblestone":5,"minecraft:lapis_ore":4,"minecraft:sugar_cane":6,"minecraft:kelp":1,"minecraft:wall_torch":5,"minecraft:furnace":4,"minecraft:iron_ore":21,"minecraft:andesite":2,"minecraft:grass":11,"minecraft:coal_ore":29,"minecraft:deepslate_iron_ore":8,"minecraft:sand":3,"minecraft:red_mushroom_block":53,"minecraft:stone":63,"minecraft:oak_leaves":2},"minecraft:crafted":{"minecraft:cooked_beef":2,"minecraft:dark_oak_boat":1,"minecraft:crafting_table":2,"minecraft:wooden_pickaxe":1,"minecraft:iron_helmet":1,"minecraft:iron_sword":1,"minecraft:bowl":8,"minecraft:furnace":2,"minecraft:mushroom_stew":11,"minecraft:stone_axe":1,"minecraft:cooked_mutton":3,"minecraft:air":0,"minecraft:iron_boots":1,"minecraft:iron_chestplate":1,"minecraft:shield":2,"minecraft:iron_axe":1,"minecraft:stick":36,"minecraft:iron_ingot":33,"minecraft:stone_pickaxe":1,"minecraft:iron_pickaxe":1,"minecraft:stone_sword":1,"minecraft:iron_leggings":1,"minecraft:torch":76,"minecraft:dark_oak_planks":92},"minecraft:killed_by":{"minecraft:player":1,"minecraft:skeleton":1,"minecraft:zombie":2},"minecraft:picked_up":{"minecraft:crafting_table":8,"minecraft:iron_chestplate":3,"immersive_aircraft:nether_engine":1,"minecraft:ladder":1,"minecraft:andesite":2,"minecraft:brown_mushroom":20,"minecraft:leather":19,"minecraft:dark_oak_boat":2,"minecraft:wooden_pickaxe":1,"minecraft:red_mushroom":11,"minecraft:potato":3,"minecraft:birch_planks":2,"minecraft:mushroom_stew":1,"minecraft:gunpowder":63,"immersive_aircraft:gyrodyne":1,"minecraft:lapis_lazuli":95,"minecraft:dirt":2,"minecraft:iron_leggings":1,"minecraft:bone":3,"minecraft:kelp":5,"minecraft:wheat_seeds":5,"minecraft:cobbled_deepslate":7,"minecraft:iron_ingot":3,"minecraft:beef":26,"minecraft:stone_pickaxe":3,"minecraft:iron_pickaxe":2,"minecraft:light_gray_wool":2,"minecraft:sugar_cane":19,"minecraft:iron_sword":1,"minecraft:oak_planks":34,"minecraft:iron_boots":1,"minecraft:furnace":4,"minecraft:raw_iron":53,"minecraft:torch":14,"minecraft:bowl":3,"minecraft:porkchop":5,"minecraft:sand":3,"immersive_aircraft:rotary_cannon":1,"minecraft:diorite":1,"aq:dolphin_finn":1,"minecraft:dark_oak_log":23,"minecraft:leather_helmet":2,"minecraft:stone_sword":2,"minecraft:arrow":4,"minecraft:rotten_flesh":5,"minecraft:stone_axe":2,"minecraft:iron_helmet":1,"minecraft:scute":2,"minecraft:granite":7,"immersive_aircraft:steel_boiler":1,"minecraft:black_wool":2,"minecraft:mutton":34,"minecraft:coal":40,"minecraft:white_wool":17,"minecraft:cobblestone":125},"minecraft:killed":{"minecraft:pig":2,"minecraft:sheep":16,"minecraft:skeleton":1,"minecraft:zombie":1,"minecraft:cow":12}},"DataVersion":3337}