{"stats":{"minecraft:used":{"minecraft:stone_sword":10,"minecraft:ladder":1,"minecraft:shield":28,"minecraft:iron_sword":106,"minecraft:iron_chestplate":2,"minecraft:torch":45,"minecraft:iron_axe":62,"minecraft:iron_helmet":1,"minecraft:iron_boots":1,"minecraft:totem_of_undying":1,"minecraft:dark_oak_boat":3,"minecraft:furnace":7,"minecraft:cooked_beef":3,"minecraft:cobbled_deepslate":8,"minecraft:iron_leggings":1,"minecraft:cooked_mutton":3,"minecraft:water_bucket":1,"minecraft:diamond_boots":1,"minecraft:stone_pickaxe":97,"minecraft:wooden_pickaxe":12,"minecraft:sand":3,"minecraft:crafting_table":13,"minecraft:mushroom_stew":7,"minecraft:smoker":1,"minecraft:diamond_pickaxe":49,"minecraft:black_wool":2,"minecraft:bread":24,"minecraft:iron_pickaxe":320,"minecraft:leather_helmet":1,"minecraft:stone_axe":91,"minecraft:cobblestone":27,"minecraft:smithing_table":1,"minecraft:bucket":2,"minecraft:andesite":2},"minecraft:dropped":{"minecraft:iron_ingot":8,"minecraft:bread":8,"minecraft:birch_planks":2,"minecraft:wheat_seeds":4,"minecraft:cooked_porkchop":19,"minecraft:cobblestone":24,"minecraft:granite":7,"minecraft:leather_helmet":1,"minecraft:stick":3,"minecraft:dirt":4,"minecraft:diorite":7,"minecraft:brown_wool":2,"minecraft:iron_leggings":1,"minecraft:iron_pickaxe":3,"wildwestguns2_3d:silver_ore":25,"wildwestguns2_3d:silver_ingot":6,"minecraft:stone_axe":2,"minecraft:kelp":5,"minecraft:iron_nugget":28,"minecraft:stone_sword":1,"minecraft:cobbled_deepslate":35,"minecraft:raw_iron":4,"minecraft:light_gray_wool":2,"minecraft:iron_boots":1,"minecraft:oak_planks":4,"aq:dolphin_finn":1,"minecraft:andesite":5,"additionaladditions:rose_gold_sword":1,"minecraft:arrow":2,"minecraft:stone_pickaxe":2,"minecraft:wooden_pickaxe":2},"minecraft:custom":{"minecraft:interact_with_smithing_table":5,"minecraft:mob_kills":60,"minecraft:interact_with_crafting_table":65,"minecraft:leave_game":3,"minecraft:time_since_death":88697,"minecraft:sprint_one_cm":196042,"minecraft:walk_one_cm":158951,"minecraft:damage_blocked_by_shield":3150,"minecraft:drop":54,"minecraft:play_time":135431,"minecraft:deaths":5,"minecraft:sneak_time":8899,"minecraft:walk_under_water_one_cm":19066,"minecraft:boat_one_cm":49604,"minecraft:jump":1769,"minecraft:walk_on_water_one_cm":15010,"minecraft:enchant_item":7,"minecraft:total_world_time":135431,"minecraft:interact_with_furnace":77,"minecraft:time_since_rest":88703,"minecraft:damage_taken":3162,"minecraft:damage_dealt":6213,"minecraft:swim_one_cm":60441,"minecraft:fly_one_cm":293399,"minecraft:open_chest":3,"minecraft:crouch_one_cm":22183,"minecraft:interact_with_smoker":28,"minecraft:fall_one_cm":54593},"minecraft:mined":{"minecraft:tuff":2,"minecraft:deepslate_diamond_ore":14,"minecraft:dark_oak_log":32,"minecraft:ladder":1,"minecraft:grass_block":1,"minecraft:brown_mushroom_block":32,"wildwestguns2_3d:silver_ore":30,"minecraft:kelp":1,"minecraft:furnace":8,"minecraft:iron_ore":67,"minecraft:cobbled_deepslate":2,"minecraft:andesite":6,"minecraft:deepslate_iron_ore":19,"minecraft:stone":108,"minecraft:smoker":1,"minecraft:kelp_plant":1,"minecraft:crafting_table":13,"minecraft:torch":1,"minecraft:copper_ore":18,"minecraft:tall_grass":5,"minecraft:cobblestone":7,"minecraft:deepslate_gold_ore":11,"minecraft:lapis_ore":4,"minecraft:sugar_cane":6,"minecraft:diorite":5,"minecraft:wall_torch":5,"minecraft:bee_nest":1,"minecraft:grass":19,"minecraft:coal_ore":84,"minecraft:oak_log":5,"minecraft:sand":3,"minecraft:red_mushroom_block":53,"minecraft:oak_leaves":2,"minecraft:deepslate":87},"minecraft:crafted":{"minecraft:oak_planks":4,"minecraft:dark_oak_boat":2,"minecraft:furnace":4,"minecraft:mushroom_stew":11,"wildwestguns2_3d:silver_ingot":5,"additionaladditions:rose_gold_alloy":2,"minecraft:cooked_mutton":26,"minecraft:diamond_leggings":1,"minecraft:iron_boots":1,"minecraft:iron_axe":1,"minecraft:stone_pickaxe":1,"minecraft:diamond_boots":1,"minecraft:dark_oak_planks":92,"minecraft:smoker":1,"minecraft:cooked_beef":29,"minecraft:cooked_porkchop":19,"minecraft:crafting_table":2,"minecraft:wooden_pickaxe":1,"minecraft:iron_helmet":1,"minecraft:iron_sword":1,"minecraft:bowl":8,"minecraft:smithing_table":1,"minecraft:copper_ingot":20,"minecraft:bucket":1,"minecraft:stone_axe":1,"minecraft:air":0,"additionaladditions:rose_gold_chestplate":1,"minecraft:iron_chestplate":1,"minecraft:diamond_pickaxe":1,"minecraft:shield":3,"minecraft:stick":44,"minecraft:iron_ingot":42,"additionaladditions:rose_gold_helmet":1,"minecraft:iron_pickaxe":2,"minecraft:stone_sword":1,"minecraft:gold_ingot":8,"minecraft:iron_leggings":1,"minecraft:torch":76,"minecraft:shears":1},"minecraft:killed_by":{"minecraft:player":1,"minecraft:skeleton":1,"minecraft:zombie":2},"minecraft:picked_up":{"minecraft:iron_chestplate":3,"minecraft:crafting_table":14,"minecraft:ladder":1,"minecraft:brown_mushroom":20,"minecraft:wooden_pickaxe":1,"minecraft:string":1,"minecraft:raw_copper":64,"wildwestguns2_3d:silver_ore":52,"minecraft:iron_leggings":1,"minecraft:cobbled_deepslate":92,"minecraft:beef":27,"minecraft:iron_pickaxe":3,"minecraft:light_gray_wool":2,"minecraft:sugar_cane":19,"minecraft:iron_boots":1,"minecraft:furnace":8,"minecraft:raw_iron":156,"minecraft:torch":14,"minecraft:bowl":3,"minecraft:porkchop":19,"immersive_aircraft:rotary_cannon":1,"aq:dolphin_finn":1,"minecraft:diorite":7,"wildwestguns2_3d:silver_ingot":1,"minecraft:stone_sword":2,"minecraft:arrow":6,"minecraft:rotten_flesh":6,"minecraft:mutton":79,"minecraft:cobblestone":167,"minecraft:white_wool":29,"immersive_aircraft:nether_engine":1,"minecraft:andesite":7,"minecraft:leather":21,"minecraft:brown_wool":2,"minecraft:dark_oak_boat":3,"minecraft:smoker":1,"minecraft:red_mushroom":11,"minecraft:mushroom_stew":1,"minecraft:potato":3,"minecraft:birch_planks":2,"minecraft:tuff":2,"minecraft:oak_log":5,"additionaladditions:rose_gold_sword":1,"minecraft:gunpowder":63,"immersive_aircraft:gyrodyne":1,"minecraft:lapis_lazuli":95,"minecraft:dirt":4,"minecraft:cooked_mutton":1,"minecraft:bone":3,"minecraft:kelp":5,"minecraft:wheat_seeds":6,"minecraft:raw_gold":11,"minecraft:stone_pickaxe":3,"minecraft:iron_ingot":3,"minecraft:oak_planks":38,"minecraft:iron_sword":1,"minecraft:sand":3,"minecraft:dark_oak_log":23,"minecraft:leather_helmet":2,"minecraft:diamond":14,"minecraft:stone_axe":2,"minecraft:iron_helmet":1,"minecraft:granite":7,"minecraft:scute":2,"immersive_aircraft:steel_boiler":1,"minecraft:black_wool":2,"minecraft:coal":204},"minecraft:killed":{"minecraft:spider":1,"minecraft:skeleton":4,"minecraft:pig":10,"minecraft:sheep":29,"minecraft:zombie":2,"minecraft:cow":13}},"DataVersion":3337}