{"stats":{"minecraft:used":{"minecraft:stone_sword":10,"minecraft:stone_pickaxe":97,"minecraft:shield":19,"minecraft:wooden_pickaxe":12,"minecraft:iron_chestplate":1,"minecraft:torch":34,"minecraft:sand":3,"minecraft:crafting_table":4,"minecraft:mushroom_stew":7,"minecraft:iron_pickaxe":16,"minecraft:leather_helmet":1,"minecraft:stone_axe":91,"minecraft:cobblestone":25,"minecraft:dark_oak_boat":2,"minecraft:furnace":1,"minecraft:andesite":2},"minecraft:dropped":{"minecraft:wooden_pickaxe":1},"minecraft:custom":{"minecraft:interact_with_furnace":6,"minecraft:mob_kills":4,"minecraft:interact_with_crafting_table":13,"minecraft:leave_game":1,"minecraft:time_since_death":1574,"minecraft:time_since_rest":1649,"minecraft:sprint_one_cm":50977,"minecraft:damage_taken":1082,"minecraft:walk_one_cm":42913,"minecraft:damage_blocked_by_shield":2100,"minecraft:drop":1,"minecraft:damage_dealt":523,"minecraft:swim_one_cm":39152,"minecraft:fly_one_cm":74526,"minecraft:open_chest":1,"minecraft:crouch_one_cm":10754,"minecraft:play_time":35161,"minecraft:deaths":2,"minecraft:sneak_time":4183,"minecraft:walk_under_water_one_cm":7494,"minecraft:boat_one_cm":18404,"minecraft:jump":438,"minecraft:walk_on_water_one_cm":5631,"minecraft:total_world_time":35161,"minecraft:fall_one_cm":13737},"minecraft:mined":{"minecraft:dark_oak_log":10,"minecraft:crafting_table":4,"minecraft:torch":1,"minecraft:brown_mushroom_block":32,"minecraft:cobblestone":5,"minecraft:lapis_ore":4,"minecraft:wall_torch":5,"minecraft:furnace":1,"minecraft:iron_ore":17,"minecraft:andesite":2,"minecraft:grass":1,"minecraft:coal_ore":29,"minecraft:sand":3,"minecraft:red_mushroom_block":53,"minecraft:stone":63,"minecraft:oak_leaves":2},"minecraft:crafted":{"minecraft:dark_oak_boat":1,"minecraft:crafting_table":1,"minecraft:wooden_pickaxe":1,"minecraft:bowl":8,"minecraft:furnace":1,"minecraft:mushroom_stew":11,"minecraft:stone_axe":1,"minecraft:air":0,"minecraft:iron_chestplate":1,"minecraft:shield":1,"minecraft:stick":20,"minecraft:iron_ingot":13,"minecraft:iron_pickaxe":1,"minecraft:stone_pickaxe":1,"minecraft:stone_sword":1,"minecraft:dark_oak_planks":40,"minecraft:torch":36},"minecraft:killed_by":{"minecraft:zombie":2},"minecraft:picked_up":{"minecraft:iron_chestplate":2,"minecraft:crafting_table":6,"minecraft:andesite":2,"minecraft:dark_oak_boat":2,"minecraft:brown_mushroom":20,"minecraft:red_mushroom":11,"minecraft:potato":3,"minecraft:mushroom_stew":1,"minecraft:lapis_lazuli":72,"minecraft:bone":3,"minecraft:wheat_seeds":2,"minecraft:iron_ingot":2,"minecraft:stone_pickaxe":2,"minecraft:iron_pickaxe":2,"minecraft:furnace":1,"minecraft:raw_iron":25,"minecraft:torch":14,"minecraft:bowl":3,"minecraft:sand":3,"aq:dolphin_finn":1,"minecraft:dark_oak_log":10,"minecraft:leather_helmet":2,"minecraft:stone_sword":2,"minecraft:arrow":2,"minecraft:rotten_flesh":5,"minecraft:stone_axe":1,"minecraft:scute":2,"minecraft:mutton":9,"minecraft:coal":37,"minecraft:white_wool":6,"minecraft:cobblestone":125},"minecraft:killed":{"minecraft:sheep":2,"minecraft:skeleton":1,"minecraft:zombie":1}},"DataVersion":3337}