{"stats":{"minecraft:used":{"minecraft:moss_block":1,"additionaladditions:rose_gold_sword":76,"minecraft:stone_sword":10,"minecraft:ladder":1,"minecraft:shield":45,"minecraft:iron_sword":106,"minecraft:netherrack":15,"minecraft:iron_chestplate":2,"minecraft:torch":45,"minecraft:dirt":3,"minecraft:tuff":17,"additionaladditions:rose_gold_axe":5,"minecraft:dark_oak_planks":3,"minecraft:lava_bucket":4,"minecraft:iron_axe":62,"minecraft:iron_helmet":1,"minecraft:iron_boots":1,"minecraft:totem_of_undying":4,"minecraft:honeycomb_block":6,"minecraft:dark_oak_boat":3,"minecraft:furnace":7,"minecraft:cooked_beef":9,"minecraft:cobbled_deepslate":43,"minecraft:enchanted_golden_apple":11,"minecraft:iron_leggings":1,"minecraft:cooked_mutton":5,"minecraft:water_bucket":33,"minecraft:oak_planks":7,"minecraft:diamond_boots":1,"minecraft:stone_pickaxe":97,"minecraft:ender_pearl":3,"minecraft:wooden_pickaxe":12,"minecraft:diamond_axe":35,"minecraft:sand":3,"minecraft:crafting_table":18,"minecraft:mushroom_stew":7,"minecraft:smoker":1,"minecraft:diamond_pickaxe":526,"minecraft:black_wool":2,"minecraft:diamond_shovel":39,"minecraft:bread":36,"minecraft:iron_pickaxe":320,"minecraft:leather_helmet":1,"minecraft:stone_axe":91,"minecraft:diamond_sword":76,"minecraft:cobblestone":29,"minecraft:smithing_table":1,"minecraft:bucket":39,"minecraft:andesite":2,"minecraft:diamond_leggings":1},"minecraft:dropped":{"minecraft:iron_ingot":8,"minecraft:bread":205,"minecraft:iron_sword":3,"minecraft:birch_planks":2,"minecraft:wheat_seeds":20,"immersive_aircraft:rotary_cannon":1,"minecraft:diamond":30,"minecraft:smithing_table":1,"minecraft:cooked_porkchop":19,"the_bumblezone:pollen_puff":4,"minecraft:cobblestone":54,"minecraft:granite":7,"minecraft:leather_helmet":1,"minecraft:emerald":3,"minecraft:stick":10,"minecraft:dirt":5,"minecraft:diorite":13,"minecraft:brown_wool":2,"minecraft:iron_leggings":1,"additionaladditions:rose_gold_chestplate":1,"minecraft:sugar":15,"minecraft:iron_pickaxe":3,"wildwestguns2_3d:silver_ore":25,"minecraft:string":7,"minecraft:white_wool":23,"minecraft:dark_oak_boat":1,"wildwestguns2_3d:silver_ingot":6,"minecraft:dandelion":1,"minecraft:bone":1,"minecraft:stone_axe":2,"minecraft:kelp":5,"minecraft:iron_nugget":28,"minecraft:stone_sword":1,"minecraft:cobbled_deepslate":133,"minecraft:tuff":32,"minecraft:raw_iron":4,"minecraft:rotten_flesh":5,"minecraft:light_gray_wool":2,"minecraft:iron_boots":1,"minecraft:oak_planks":12,"minecraft:enchanted_golden_apple":17,"aq:dolphin_finn":1,"minecraft:gunpowder":3,"minecraft:andesite":6,"immersive_aircraft:steel_boiler":1,"additionaladditions:rose_gold_sword":1,"minecraft:spider_eye":2,"minecraft:arrow":5,"minecraft:stone_pickaxe":2,"minecraft:wooden_pickaxe":2,"minecraft:oak_leaves":54},"minecraft:custom":{"minecraft:interact_with_smithing_table":8,"minecraft:mob_kills":90,"minecraft:interact_with_crafting_table":77,"minecraft:leave_game":3,"minecraft:time_since_death":66514,"minecraft:damage_resisted":322,"minecraft:sprint_one_cm":386219,"minecraft:walk_one_cm":309508,"minecraft:damage_blocked_by_shield":4740,"minecraft:drop":118,"minecraft:damage_dealt_absorbed":50,"minecraft:play_time":243411,"minecraft:deaths":9,"minecraft:sneak_time":20431,"minecraft:walk_under_water_one_cm":27657,"minecraft:boat_one_cm":49604,"minecraft:jump":3039,"minecraft:walk_on_water_one_cm":25974,"minecraft:enchant_item":7,"minecraft:total_world_time":243411,"minecraft:interact_with_furnace":84,"minecraft:time_since_rest":66519,"minecraft:damage_taken":6304,"minecraft:damage_absorbed":715,"minecraft:damage_dealt":14837,"minecraft:swim_one_cm":71996,"minecraft:fly_one_cm":732231,"minecraft:open_chest":6,"minecraft:crouch_one_cm":48115,"minecraft:interact_with_smoker":28,"minecraft:fall_one_cm":84222},"minecraft:mined":{"minecraft:tuff":37,"minecraft:white_bed":1,"minecraft:deepslate_diamond_ore":32,"minecraft:dark_oak_log":56,"minecraft:obsidian":19,"minecraft:nether_bricks":1,"minecraft:ladder":1,"minecraft:grass_block":3,"minecraft:brown_mushroom_block":32,"wildwestguns2_3d:silver_ore":30,"minecraft:moss_block":2,"minecraft:kelp":1,"minecraft:furnace":9,"minecraft:iron_ore":67,"minecraft:cobbled_deepslate":7,"minecraft:andesite":7,"minecraft:deepslate_iron_ore":26,"minecraft:iron_block":88,"minecraft:stone":201,"minecraft:smithing_table":1,"minecraft:smoker":1,"minecraft:kelp_plant":1,"minecraft:dandelion":1,"the_bumblezone:pile_of_pollen":40,"minecraft:crafting_table":19,"minecraft:torch":1,"minecraft:honeycomb_block":23,"minecraft:copper_ore":18,"minecraft:tall_grass":5,"minecraft:cobblestone":10,"minecraft:deepslate_gold_ore":21,"minecraft:lapis_ore":4,"minecraft:oak_planks":7,"minecraft:sugar_cane":6,"minecraft:diorite":11,"minecraft:wall_torch":5,"minecraft:warped_nylium":3,"minecraft:bee_nest":1,"minecraft:grass":191,"minecraft:coal_ore":99,"minecraft:oak_log":9,"minecraft:dirt":3,"minecraft:sand":3,"minecraft:netherrack":41,"minecraft:red_mushroom_block":53,"minecraft:oak_leaves":3,"minecraft:deepslate":213},"minecraft:crafted":{"minecraft:oak_planks":20,"minecraft:dark_oak_boat":2,"minecraft:furnace":4,"minecraft:mushroom_stew":11,"minecraft:diamond_shovel":1,"wildwestguns2_3d:silver_ingot":5,"additionaladditions:rose_gold_sword":1,"additionaladditions:rose_gold_alloy":4,"minecraft:cooked_mutton":26,"additionaladditions:rose_gold_axe":1,"minecraft:diamond_helmet":1,"minecraft:diamond_leggings":2,"minecraft:iron_boots":1,"minecraft:iron_axe":1,"minecraft:stone_pickaxe":1,"minecraft:diamond_boots":2,"minecraft:dark_oak_planks":188,"minecraft:smoker":1,"minecraft:cooked_beef":29,"minecraft:diamond_sword":1,"minecraft:cooked_porkchop":19,"minecraft:diamond_axe":1,"minecraft:crafting_table":3,"minecraft:wooden_pickaxe":1,"minecraft:iron_helmet":1,"minecraft:iron_sword":1,"minecraft:bowl":8,"minecraft:smithing_table":1,"minecraft:copper_ingot":20,"minecraft:bucket":2,"minecraft:stone_axe":1,"minecraft:air":0,"additionaladditions:rose_gold_chestplate":1,"minecraft:iron_chestplate":1,"minecraft:diamond_pickaxe":2,"minecraft:shield":3,"minecraft:stick":56,"minecraft:iron_ingot":42,"additionaladditions:rose_gold_helmet":1,"minecraft:iron_pickaxe":2,"minecraft:stone_sword":1,"minecraft:gold_ingot":16,"minecraft:iron_leggings":1,"minecraft:torch":76,"minecraft:shears":1,"minecraft:diamond_chestplate":2},"minecraft:killed_by":{"minecraft:player":3,"minecraft:skeleton":1,"minecraft:zombie":2},"minecraft:broken":{"minecraft:shield":1},"minecraft:picked_up":{"minecraft:iron_chestplate":3,"minecraft:crafting_table":20,"minecraft:nether_brick_fence":1,"minecraft:ladder":1,"minecraft:smithing_table":1,"minecraft:brown_mushroom":20,"minecraft:wooden_pickaxe":1,"minecraft:string":7,"minecraft:raw_copper":64,"wildwestguns2_3d:silver_ore":52,"minecraft:iron_leggings":1,"additionaladditions:chicken_nugget":1,"minecraft:diamond_leggings":1,"minecraft:cobbled_deepslate":232,"minecraft:beef":27,"minecraft:enchanted_golden_apple":64,"minecraft:iron_pickaxe":3,"minecraft:light_gray_wool":2,"minecraft:sugar_cane":19,"minecraft:iron_boots":1,"minecraft:furnace":9,"minecraft:raw_iron":163,"minecraft:torch":14,"minecraft:bowl":3,"minecraft:porkchop":19,"additionaladditions:rose_gold_alloy":25,"undergarden:cloggrum_nugget":1,"minecraft:honeycomb_block":134,"immersive_aircraft:rotary_cannon":1,"aq:dolphin_finn":1,"minecraft:diorite":13,"wildwestguns2_3d:silver_ingot":1,"minecraft:diamond_chestplate":1,"minecraft:stone_sword":2,"minecraft:arrow":10,"minecraft:rotten_flesh":10,"minecraft:nether_bricks":1,"minecraft:diamond_boots":1,"minecraft:iron_block":88,"minecraft:totem_of_undying":3,"minecraft:gold_ingot":3,"minecraft:blaze_rod":4,"minecraft:obsidian":15,"minecraft:mutton":79,"minecraft:cobblestone":263,"minecraft:white_wool":29,"immersive_aircraft:nether_engine":1,"minecraft:andesite":8,"minecraft:leather":21,"minecraft:brown_wool":2,"minecraft:dark_oak_boat":3,"minecraft:smoker":1,"minecraft:red_mushroom":11,"minecraft:mushroom_stew":1,"minecraft:potato":3,"minecraft:birch_planks":2,"minecraft:tuff":49,"minecraft:oak_log":13,"additionaladditions:rose_gold_chestplate":1,"additionaladditions:rose_gold_sword":1,"minecraft:gunpowder":68,"immersive_aircraft:gyrodyne":1,"minecraft:lapis_lazuli":95,"minecraft:dirt":8,"minecraft:lantern":2,"minecraft:cooked_mutton":1,"minecraft:bone":6,"minecraft:kelp":5,"minecraft:wheat_seeds":22,"minecraft:raw_gold":23,"minecraft:stone_pickaxe":3,"minecraft:iron_ingot":14,"undergarden:forgotten_nugget":53,"minecraft:diamond_helmet":1,"minecraft:moss_block":1,"minecraft:oak_planks":45,"minecraft:iron_sword":4,"minecraft:dandelion":1,"minecraft:sand":3,"minecraft:white_bed":2,"minecraft:spider_eye":2,"minecraft:dark_oak_log":47,"minecraft:leather_helmet":2,"minecraft:sugar":15,"minecraft:diamond":60,"minecraft:stone_axe":2,"the_bumblezone:pollen_puff":20,"minecraft:iron_helmet":1,"minecraft:granite":7,"minecraft:scute":2,"minecraft:netherrack":44,"minecraft:bread":351,"immersive_aircraft:steel_boiler":2,"minecraft:oak_leaves":54,"minecraft:black_wool":2,"minecraft:coal":249},"minecraft:killed":{"minecraft:spider":4,"minecraft:skeleton":10,"minecraft:magma_cube":1,"minecraft:piglin":2,"minecraft:pig":10,"undergarden:forgotten_guardian":5,"minecraft:creeper":2,"minecraft:sheep":29,"minecraft:zombie":6,"minecraft:blaze":10,"undergarden:muncher":1,"minecraft:cow":13}},"DataVersion":3337}