{"stats":{"minecraft:used":{"minecraft:cooked_mutton":1,"minecraft:stone_sword":14,"minecraft:stone_pickaxe":4,"minecraft:oak_planks":30,"minecraft:wooden_pickaxe":16,"minecraft:iron_sword":6,"minecraft:cooked_salmon":5,"minecraft:torch":4,"minecraft:dirt":4,"minecraft:sand":2,"minecraft:crafting_table":3,"minecraft:wooden_axe":1,"minecraft:dark_oak_planks":11,"minecraft:diamond_pickaxe":30,"minecraft:villager_spawn_egg":2,"minecraft:iron_axe":37,"minecraft:stone_axe":2,"minecraft:furnace":7,"minecraft:cooked_porkchop":7,"minecraft:yellow_bed":2},"minecraft:custom":{"minecraft:interact_with_furnace":15,"minecraft:mob_kills":10,"minecraft:interact_with_crafting_table":7,"minecraft:time_since_death":4944,"minecraft:climb_one_cm":3610,"minecraft:time_since_rest":4949,"minecraft:sprint_one_cm":114726,"minecraft:damage_taken":1035,"minecraft:walk_one_cm":41232,"minecraft:drop":17,"minecraft:damage_dealt":869,"minecraft:swim_one_cm":23419,"minecraft:talked_to_villager":1,"minecraft:fly_one_cm":252450,"minecraft:open_chest":8,"minecraft:crouch_one_cm":2830,"minecraft:play_time":38779,"minecraft:deaths":1,"minecraft:sneak_time":1125,"minecraft:walk_under_water_one_cm":2572,"minecraft:jump":1040,"minecraft:walk_on_water_one_cm":12328,"minecraft:total_world_time":38779,"minecraft:fall_one_cm":44254},"minecraft:dropped":{"minecraft:bread":15,"minecraft:wheat_seeds":1,"minecraft:birch_log":1},"minecraft:mined":{"minecraft:smithing_table":1,"minecraft:dark_oak_leaves":1,"minecraft:dark_oak_log":9,"minecraft:crafting_table":4,"minecraft:granite":1,"minecraft:grass_block":1,"minecraft:oak_planks":3,"minecraft:wall_torch":2,"minecraft:furnace":5,"minecraft:birch_log":1,"minecraft:iron_ore":5,"minecraft:andesite":1,"minecraft:yellow_bed":2,"minecraft:enchanting_table":1,"minecraft:grass":7,"minecraft:oak_log":27,"minecraft:coal_ore":9,"minecraft:sand":2,"minecraft:stone":18,"minecraft:oak_leaves":6,"minecraft:deepslate":8},"minecraft:crafted":{"minecraft:oak_planks":108,"minecraft:cooked_porkchop":7,"minecraft:crafting_table":1,"minecraft:wooden_pickaxe":1,"minecraft:furnace":2,"minecraft:cooked_salmon":5,"minecraft:stone_axe":1,"minecraft:cooked_mutton":1,"minecraft:air":0,"minecraft:diamond_pickaxe":1,"minecraft:stick":20,"minecraft:stone_pickaxe":1,"minecraft:wooden_axe":1,"minecraft:stone_sword":1,"minecraft:dark_oak_planks":32,"minecraft:torch":8},"minecraft:killed_by":{"minecraft:skeleton":1},"minecraft:picked_up":{"minecraft:wooden_axe":1,"minecraft:birch_log":1,"minecraft:enchanting_table":2,"minecraft:iron_chestplate":1,"minecraft:crafting_table":7,"minecraft:salmon":5,"minecraft:andesite":2,"minecraft:smithing_table":2,"minecraft:wooden_pickaxe":1,"minecraft:oak_log":27,"minecraft:yellow_bed":2,"minecraft:dirt":4,"minecraft:iron_axe":1,"minecraft:wheat_seeds":13,"minecraft:cobbled_deepslate":8,"minecraft:coal_block":62,"minecraft:iron_sword":1,"minecraft:oak_planks":99,"minecraft:furnace":5,"minecraft:egg":2,"minecraft:stick":1,"minecraft:raw_iron":10,"minecraft:torch":2,"minecraft:porkchop":7,"minecraft:sand":2,"minecraft:dark_oak_log":8,"minecraft:dark_oak_planks":13,"minecraft:diamond_shovel":1,"minecraft:diamond":2,"minecraft:granite":1,"minecraft:bread":14,"minecraft:mutton":3,"minecraft:coal":11,"minecraft:cobblestone":20,"minecraft:diamond_pickaxe":1},"minecraft:killed":{"minecraft:pig":4,"minecraft:salmon":5}},"DataVersion":3337}