{"stats":{"minecraft:used":{"minecraft:cooked_mutton":3,"minecraft:stone_sword":14,"minecraft:stone_pickaxe":4,"minecraft:oak_planks":43,"minecraft:shield":3,"minecraft:wooden_pickaxe":16,"minecraft:iron_sword":10,"minecraft:cooked_salmon":5,"minecraft:torch":24,"minecraft:dirt":4,"minecraft:sand":2,"minecraft:crafting_table":5,"minecraft:wooden_axe":1,"minecraft:dark_oak_planks":12,"minecraft:diamond_pickaxe":96,"minecraft:villager_spawn_egg":2,"minecraft:iron_axe":44,"minecraft:bread":2,"minecraft:stone_axe":2,"minecraft:furnace":10,"minecraft:cooked_porkchop":7,"minecraft:smithing_table":1,"additionaladditions:rose_gold_chestplate":1,"minecraft:yellow_bed":2,"minecraft:cobbled_deepslate":3},"minecraft:custom":{"minecraft:interact_with_furnace":38,"minecraft:mob_kills":11,"minecraft:interact_with_crafting_table":21,"minecraft:time_since_death":16944,"minecraft:climb_one_cm":3610,"minecraft:time_since_rest":16949,"minecraft:sprint_one_cm":137039,"minecraft:damage_taken":1115,"minecraft:walk_one_cm":56127,"minecraft:damage_blocked_by_shield":900,"minecraft:drop":17,"minecraft:damage_dealt":1089,"minecraft:swim_one_cm":23419,"minecraft:talked_to_villager":1,"minecraft:fly_one_cm":272272,"minecraft:open_chest":8,"minecraft:crouch_one_cm":5833,"minecraft:play_time":50779,"minecraft:deaths":1,"minecraft:sneak_time":2401,"minecraft:walk_under_water_one_cm":2572,"minecraft:jump":1191,"minecraft:walk_on_water_one_cm":12328,"minecraft:total_world_time":50779,"minecraft:fall_one_cm":49122,"minecraft:interact_with_smithing_table":1},"minecraft:dropped":{"minecraft:bread":15,"minecraft:wheat_seeds":1,"minecraft:birch_log":1},"minecraft:mined":{"minecraft:smithing_table":1,"minecraft:dark_oak_leaves":1,"minecraft:deepslate_diamond_ore":1,"minecraft:dark_oak_log":9,"minecraft:crafting_table":6,"minecraft:granite":1,"minecraft:grass_block":1,"minecraft:deepslate_gold_ore":30,"minecraft:oak_planks":8,"minecraft:wall_torch":3,"minecraft:deepslate_copper_ore":7,"minecraft:furnace":7,"minecraft:birch_log":1,"minecraft:iron_ore":5,"minecraft:andesite":1,"minecraft:yellow_bed":2,"minecraft:enchanting_table":1,"minecraft:grass":7,"minecraft:oak_log":27,"minecraft:coal_ore":9,"minecraft:deepslate_iron_ore":13,"minecraft:sand":2,"minecraft:stone":18,"minecraft:oak_leaves":6,"minecraft:deepslate":20},"minecraft:crafted":{"minecraft:oak_planks":108,"minecraft:cooked_porkchop":7,"minecraft:crafting_table":1,"minecraft:wooden_pickaxe":1,"minecraft:iron_helmet":1,"minecraft:furnace":3,"minecraft:cooked_salmon":5,"minecraft:copper_ingot":10,"additionaladditions:rose_gold_alloy":3,"minecraft:stone_axe":1,"minecraft:cooked_mutton":3,"minecraft:air":0,"additionaladditions:rose_gold_chestplate":1,"minecraft:iron_boots":1,"minecraft:diamond_pickaxe":1,"minecraft:shield":1,"minecraft:stick":52,"minecraft:iron_ingot":12,"minecraft:stone_pickaxe":1,"minecraft:wooden_axe":1,"minecraft:stone_sword":1,"minecraft:gold_ingot":10,"minecraft:dark_oak_planks":32,"minecraft:torch":32},"minecraft:killed_by":{"minecraft:skeleton":1},"minecraft:picked_up":{"minecraft:wooden_axe":1,"minecraft:birch_log":1,"minecraft:enchanting_table":2,"minecraft:iron_chestplate":1,"minecraft:crafting_table":9,"minecraft:salmon":5,"minecraft:andesite":2,"minecraft:smithing_table":2,"minecraft:wooden_pickaxe":1,"minecraft:oak_log":27,"minecraft:yellow_bed":2,"minecraft:gunpowder":2,"minecraft:string":2,"minecraft:dirt":4,"minecraft:raw_copper":23,"minecraft:iron_axe":1,"minecraft:wheat_seeds":13,"minecraft:cobbled_deepslate":20,"minecraft:raw_gold":30,"minecraft:coal_block":62,"minecraft:iron_sword":1,"minecraft:oak_planks":106,"minecraft:furnace":7,"minecraft:egg":2,"minecraft:stick":1,"minecraft:raw_iron":23,"minecraft:copper_ingot":4,"minecraft:torch":3,"minecraft:porkchop":7,"minecraft:sand":2,"additionaladditions:rose_gold_alloy":2,"minecraft:dark_oak_log":8,"minecraft:dark_oak_planks":13,"minecraft:diamond_shovel":1,"minecraft:diamond":3,"minecraft:granite":1,"minecraft:gold_ingot":4,"minecraft:bread":27,"minecraft:mutton":3,"minecraft:coal":17,"minecraft:cobblestone":20,"minecraft:diamond_pickaxe":1},"minecraft:killed":{"minecraft:pig":4,"minecraft:salmon":5,"minecraft:spider":1}},"DataVersion":3337}