{"stats":{"minecraft:used":{"additionaladditions:rose_gold_sword":117,"minecraft:stone_sword":14,"minecraft:enchanting_table":2,"minecraft:shield":19,"minecraft:iron_sword":16,"minecraft:cooked_salmon":5,"minecraft:oak_door":4,"minecraft:torch":71,"the_bumblezone:honey_crystal_shield":3,"minecraft:dirt":4,"minecraft:carrot":17,"minecraft:dark_oak_planks":12,"minecraft:wooden_axe":1,"minecraft:villager_spawn_egg":2,"minecraft:iron_axe":46,"minecraft:totem_of_undying":2,"minecraft:honeycomb_block":16,"minecraft:bow":12,"minecraft:furnace":10,"additionaladditions:rose_gold_helmet":1,"additionaladditions:rose_gold_chestplate":1,"minecraft:egg":3,"minecraft:cooked_beef":2,"minecraft:cobbled_deepslate":26,"minecraft:wheat_seeds":52,"minecraft:cooked_mutton":3,"minecraft:water_bucket":17,"minecraft:stone_pickaxe":4,"minecraft:oak_planks":65,"minecraft:ender_pearl":2,"minecraft:wooden_pickaxe":16,"wildwestguns2_3d:silver_ore":9,"minecraft:fletching_table":5,"minecraft:diamond_axe":49,"minecraft:sand":2,"minecraft:crafting_table":8,"minecraft:white_bed":1,"minecraft:diamond_pickaxe":203,"minecraft:diamond_shovel":128,"minecraft:bread":46,"minecraft:lectern":4,"minecraft:gravel":18,"minecraft:stone_axe":2,"minecraft:cobblestone":47,"minecraft:cooked_porkchop":7,"minecraft:smithing_table":1,"minecraft:bucket":18,"minecraft:andesite":1,"minecraft:yellow_bed":2},"minecraft:dropped":{"minecraft:bread":15,"minecraft:oak_slab":2,"minecraft:porkchop":3,"minecraft:wheat_seeds":12,"the_bumblezone:pollen_puff":36,"minecraft:cobblestone":90,"minecraft:honeycomb":6,"minecraft:granite":1,"the_bumblezone:carvable_wax_chiseled":1,"minecraft:stick":78,"minecraft:grass":2,"minecraft:diorite":2,"minecraft:wooden_axe":2,"the_bumblezone:porous_honeycomb_block":13,"minecraft:string":4,"minecraft:birch_log":1,"minecraft:honeycomb_block":301,"minecraft:gold_ingot":22,"minecraft:bone":3,"minecraft:gravel":30,"the_bumblezone:bee_stinger":2,"minecraft:oak_planks":2,"minecraft:diamond_shovel":1,"minecraft:poppy":1,"minecraft:gunpowder":4,"minecraft:andesite":1,"the_bumblezone:stingless_bee_helmet_1":3,"minecraft:arrow":64,"minecraft:bow":2,"minecraft:wooden_pickaxe":2},"minecraft:custom":{"minecraft:interact_with_smithing_table":6,"minecraft:mob_kills":50,"minecraft:interact_with_crafting_table":40,"minecraft:bell_ring":1,"minecraft:leave_game":5,"minecraft:time_since_death":0,"minecraft:climb_one_cm":3610,"minecraft:sprint_one_cm":329803,"minecraft:walk_one_cm":185678,"minecraft:damage_blocked_by_shield":3075,"minecraft:drop":82,"minecraft:damage_dealt_absorbed":358,"minecraft:talked_to_villager":25,"minecraft:play_time":137911,"minecraft:deaths":3,"minecraft:sneak_time":6206,"minecraft:walk_under_water_one_cm":17381,"minecraft:jump":3265,"minecraft:walk_on_water_one_cm":23170,"minecraft:enchant_item":9,"minecraft:total_world_time":137911,"minecraft:interact_with_furnace":68,"minecraft:traded_with_villager":32,"minecraft:time_since_rest":4,"minecraft:damage_taken":13944,"minecraft:damage_absorbed":160,"minecraft:damage_dealt":7118,"minecraft:swim_one_cm":39574,"minecraft:fly_one_cm":657073,"minecraft:open_chest":43,"minecraft:crouch_one_cm":17219,"minecraft:fall_one_cm":113172},"minecraft:mined":{"minecraft:tuff":2,"minecraft:dark_oak_leaves":1,"minecraft:deepslate_diamond_ore":4,"minecraft:oak_door":3,"minecraft:dark_oak_log":9,"minecraft:granite":3,"minecraft:grass_block":5,"wildwestguns2_3d:silver_ore":9,"the_bumblezone:filled_porous_honeycomb_block":2,"minecraft:spawner":1,"minecraft:hay_block":14,"minecraft:tall_seagrass":2,"minecraft:furnace":9,"minecraft:iron_ore":5,"minecraft:cobbled_deepslate":1,"minecraft:andesite":3,"minecraft:fletching_table":2,"minecraft:deepslate_lapis_ore":8,"minecraft:enchanting_table":2,"minecraft:deepslate_iron_ore":13,"minecraft:stone":63,"minecraft:smithing_table":2,"minecraft:oak_slab":2,"the_bumblezone:pile_of_pollen":21,"minecraft:crafting_table":9,"minecraft:lectern":4,"minecraft:cobblestone":2,"minecraft:honeycomb_block":5,"minecraft:deepslate_gold_ore":31,"minecraft:oak_planks":9,"minecraft:diorite":2,"minecraft:wall_torch":4,"minecraft:deepslate_copper_ore":7,"minecraft:seagrass":2,"minecraft:birch_log":1,"minecraft:yellow_bed":2,"minecraft:grass":16,"minecraft:oak_log":61,"minecraft:coal_ore":9,"minecraft:gravel":78,"minecraft:sand":2,"minecraft:dirt":4,"minecraft:oak_leaves":7,"minecraft:deepslate":41},"minecraft:crafted":{"minecraft:oak_door":3,"minecraft:oak_planks":240,"minecraft:coal":117,"minecraft:furnace":3,"minecraft:diamond_shovel":1,"additionaladditions:rose_gold_sword":1,"additionaladditions:rose_gold_alloy":3,"additionaladditions:rose_gold_boots":1,"minecraft:cooked_mutton":3,"minecraft:bow":2,"minecraft:iron_boots":1,"minecraft:stone_pickaxe":1,"minecraft:dark_oak_planks":32,"minecraft:wheat":126,"minecraft:cooked_beef":2,"minecraft:emerald":32,"minecraft:cooked_porkchop":17,"minecraft:diamond_axe":1,"minecraft:crafting_table":6,"minecraft:wooden_pickaxe":1,"minecraft:iron_helmet":1,"minecraft:cooked_salmon":5,"minecraft:copper_ingot":14,"minecraft:fletching_table":2,"minecraft:bucket":1,"additionaladditions:rose_gold_leggings":1,"minecraft:stone_axe":1,"minecraft:bread":42,"minecraft:air":0,"additionaladditions:rose_gold_chestplate":1,"minecraft:oak_boat":2,"minecraft:diamond_pickaxe":1,"minecraft:shield":3,"minecraft:stick":1365,"minecraft:iron_ingot":18,"additionaladditions:rose_gold_helmet":1,"minecraft:wooden_axe":1,"minecraft:stone_sword":1,"minecraft:iron_leggings":1,"minecraft:gold_ingot":30,"minecraft:torch":244},"minecraft:killed_by":{"minecraft:player":1,"minecraft:skeleton":1,"minecraft:wither":1},"minecraft:broken":{"additionaladditions:rose_gold_helmet":1,"the_bumblezone:honey_crystal_shield":1,"additionaladditions:rose_gold_chestplate":1,"additionaladditions:rose_gold_boots":1,"additionaladditions:rose_gold_leggings":1},"minecraft:picked_up":{"minecraft:wooden_axe":2,"the_bumblezone:porous_honeycomb_block":13,"minecraft:crafting_table":16,"minecraft:iron_chestplate":1,"minecraft:smithing_table":4,"minecraft:wooden_pickaxe":2,"additionaladditions:rose_gold_boots":1,"minecraft:shield":1,"minecraft:string":4,"minecraft:raw_copper":23,"minecraft:iron_axe":1,"wildwestguns2_3d:silver_ore":9,"minecraft:cobbled_deepslate":98,"minecraft:beef":4,"minecraft:oak_boat":1,"minecraft:poppy":1,"minecraft:lectern":4,"minecraft:coal_block":62,"minecraft:egg":4,"minecraft:furnace":9,"minecraft:stick":1,"minecraft:raw_iron":23,"minecraft:oak_door":3,"minecraft:copper_ingot":4,"minecraft:torch":4,"minecraft:porkchop":20,"additionaladditions:rose_gold_alloy":2,"minecraft:honeycomb_block":402,"minecraft:diorite":2,"the_bumblezone:carvable_wax_chiseled":1,"the_bumblezone:bee_stinger":3,"minecraft:dark_oak_planks":13,"minecraft:arrow":67,"minecraft:rotten_flesh":7,"minecraft:hay_block":14,"minecraft:totem_of_undying":4,"minecraft:gold_ingot":4,"additionaladditions:rose_gold_helmet":1,"minecraft:mutton":3,"minecraft:cobblestone":156,"minecraft:enchanting_table":3,"minecraft:birch_log":1,"minecraft:andesite":3,"minecraft:salmon":5,"minecraft:leather":3,"minecraft:flint":4,"additionaladditions:rose_gold_chestplate":1,"minecraft:tuff":2,"minecraft:oak_log":60,"additionaladditions:rose_gold_leggings":1,"additionaladditions:rose_gold_sword":1,"minecraft:yellow_bed":2,"minecraft:gunpowder":8,"minecraft:lapis_lazuli":50,"minecraft:dirt":15,"minecraft:bone":4,"minecraft:bow":1,"minecraft:wheat_seeds":20,"minecraft:raw_gold":31,"minecraft:iron_ingot":4,"minecraft:fletching_table":3,"minecraft:honeycomb":6,"minecraft:iron_sword":1,"minecraft:oak_planks":177,"minecraft:oak_slab":2,"the_bumblezone:stingless_bee_helmet_1":3,"minecraft:gravel":48,"minecraft:sand":2,"minecraft:white_bed":1,"minecraft:dark_oak_log":8,"minecraft:diamond_shovel":2,"minecraft:sugar":3,"minecraft:slime_ball":4,"minecraft:diamond":6,"minecraft:diamond_axe":1,"the_bumblezone:honey_crystal_shield":1,"the_bumblezone:pollen_puff":50,"minecraft:granite":3,"minecraft:grass":3,"minecraft:bread":71,"minecraft:coal":17,"minecraft:diamond_pickaxe":2},"minecraft:killed":{"minecraft:spider":3,"the_bumblezone:honey_slime":7,"minecraft:skeleton":7,"minecraft:pig":10,"minecraft:salmon":5,"undergarden:forgotten_guardian":1,"minecraft:zombie":9,"minecraft:cow":3}},"DataVersion":3337}