{"stats":{"minecraft:used":{"minecraft:cooked_mutton":3,"additionaladditions:rose_gold_sword":12,"minecraft:enchanting_table":1,"minecraft:stone_sword":14,"minecraft:stone_pickaxe":4,"minecraft:oak_planks":48,"minecraft:shield":19,"minecraft:wooden_pickaxe":16,"minecraft:iron_sword":16,"minecraft:cooked_salmon":5,"minecraft:torch":35,"minecraft:dirt":4,"minecraft:sand":2,"minecraft:crafting_table":5,"minecraft:wooden_axe":1,"minecraft:dark_oak_planks":12,"minecraft:diamond_pickaxe":114,"minecraft:villager_spawn_egg":2,"minecraft:iron_axe":46,"minecraft:bread":11,"minecraft:stone_axe":2,"minecraft:cobblestone":2,"minecraft:furnace":10,"minecraft:cooked_porkchop":7,"minecraft:smithing_table":1,"minecraft:egg":1,"additionaladditions:rose_gold_chestplate":1,"minecraft:yellow_bed":2,"minecraft:cobbled_deepslate":5},"minecraft:custom":{"minecraft:interact_with_furnace":52,"minecraft:mob_kills":17,"minecraft:interact_with_crafting_table":26,"minecraft:time_since_death":28944,"minecraft:climb_one_cm":3610,"minecraft:time_since_rest":28949,"minecraft:sprint_one_cm":160111,"minecraft:damage_taken":1551,"minecraft:walk_one_cm":73372,"minecraft:damage_blocked_by_shield":3075,"minecraft:drop":28,"minecraft:damage_dealt":2164,"minecraft:swim_one_cm":23419,"minecraft:talked_to_villager":1,"minecraft:fly_one_cm":329654,"minecraft:open_chest":9,"minecraft:crouch_one_cm":6485,"minecraft:play_time":62779,"minecraft:deaths":1,"minecraft:sneak_time":2663,"minecraft:walk_under_water_one_cm":2572,"minecraft:jump":1471,"minecraft:walk_on_water_one_cm":12328,"minecraft:enchant_item":4,"minecraft:total_world_time":62779,"minecraft:fall_one_cm":62681,"minecraft:interact_with_smithing_table":6},"minecraft:dropped":{"minecraft:bread":15,"minecraft:wheat_seeds":7,"minecraft:granite":1,"minecraft:gunpowder":2,"minecraft:andesite":1,"minecraft:wooden_axe":2,"minecraft:wooden_pickaxe":2,"minecraft:string":2,"minecraft:birch_log":1,"minecraft:gold_ingot":22,"minecraft:bone":1},"minecraft:mined":{"minecraft:smithing_table":2,"minecraft:tuff":2,"minecraft:dark_oak_leaves":1,"minecraft:deepslate_diamond_ore":4,"minecraft:dark_oak_log":9,"minecraft:crafting_table":7,"minecraft:granite":1,"minecraft:grass_block":2,"minecraft:deepslate_gold_ore":30,"minecraft:oak_planks":8,"minecraft:wall_torch":3,"minecraft:deepslate_copper_ore":7,"minecraft:furnace":9,"minecraft:cobbled_deepslate":1,"minecraft:birch_log":1,"minecraft:iron_ore":5,"minecraft:andesite":1,"minecraft:deepslate_lapis_ore":8,"minecraft:yellow_bed":2,"minecraft:enchanting_table":2,"minecraft:grass":7,"minecraft:oak_log":27,"minecraft:coal_ore":9,"minecraft:deepslate_iron_ore":13,"minecraft:sand":2,"minecraft:stone":18,"minecraft:oak_leaves":6,"minecraft:deepslate":21},"minecraft:crafted":{"minecraft:oak_planks":108,"minecraft:cooked_porkchop":7,"minecraft:diamond_axe":1,"minecraft:crafting_table":1,"minecraft:wooden_pickaxe":1,"minecraft:iron_helmet":1,"minecraft:furnace":3,"minecraft:cooked_salmon":5,"minecraft:copper_ingot":14,"additionaladditions:rose_gold_leggings":1,"additionaladditions:rose_gold_sword":1,"additionaladditions:rose_gold_alloy":3,"additionaladditions:rose_gold_boots":1,"minecraft:stone_axe":1,"minecraft:cooked_mutton":3,"minecraft:air":0,"additionaladditions:rose_gold_chestplate":1,"minecraft:iron_boots":1,"minecraft:diamond_pickaxe":1,"minecraft:shield":1,"minecraft:stick":52,"minecraft:iron_ingot":18,"additionaladditions:rose_gold_helmet":1,"minecraft:stone_pickaxe":1,"minecraft:wooden_axe":1,"minecraft:stone_sword":1,"minecraft:iron_leggings":1,"minecraft:gold_ingot":30,"minecraft:dark_oak_planks":32,"minecraft:torch":32},"minecraft:killed_by":{"minecraft:skeleton":1},"minecraft:picked_up":{"minecraft:wooden_axe":2,"minecraft:birch_log":1,"minecraft:enchanting_table":3,"minecraft:iron_chestplate":1,"minecraft:crafting_table":10,"minecraft:salmon":5,"minecraft:andesite":2,"minecraft:smithing_table":3,"minecraft:wooden_pickaxe":2,"minecraft:tuff":2,"minecraft:oak_log":27,"minecraft:yellow_bed":2,"minecraft:gunpowder":5,"minecraft:lapis_lazuli":50,"minecraft:string":2,"minecraft:dirt":5,"minecraft:raw_copper":23,"minecraft:iron_axe":1,"minecraft:bone":1,"minecraft:wheat_seeds":13,"minecraft:cobbled_deepslate":22,"minecraft:raw_gold":30,"minecraft:coal_block":62,"minecraft:iron_sword":1,"minecraft:oak_planks":111,"minecraft:furnace":9,"minecraft:egg":2,"minecraft:stick":1,"minecraft:raw_iron":23,"minecraft:copper_ingot":4,"minecraft:torch":3,"minecraft:porkchop":7,"minecraft:sand":2,"additionaladditions:rose_gold_alloy":2,"minecraft:dark_oak_log":8,"minecraft:dark_oak_planks":13,"minecraft:diamond_shovel":1,"minecraft:arrow":1,"minecraft:rotten_flesh":4,"minecraft:diamond":6,"minecraft:granite":1,"minecraft:gold_ingot":4,"minecraft:bread":27,"minecraft:mutton":3,"minecraft:coal":17,"minecraft:cobblestone":20,"minecraft:diamond_pickaxe":1},"minecraft:killed":{"minecraft:pig":4,"minecraft:salmon":5,"minecraft:spider":1,"minecraft:skeleton":3,"minecraft:zombie":3}},"DataVersion":3337}