{"stats":{"minecraft:used":{"additionaladditions:rose_gold_sword":73,"minecraft:stone_sword":14,"minecraft:enchanting_table":2,"minecraft:shield":19,"minecraft:iron_sword":16,"minecraft:cooked_salmon":5,"minecraft:oak_door":4,"minecraft:torch":71,"minecraft:dirt":4,"minecraft:carrot":17,"minecraft:dark_oak_planks":12,"minecraft:wooden_axe":1,"minecraft:villager_spawn_egg":2,"minecraft:iron_axe":46,"minecraft:furnace":10,"additionaladditions:rose_gold_chestplate":1,"minecraft:egg":1,"minecraft:cooked_beef":2,"minecraft:cobbled_deepslate":26,"minecraft:wheat_seeds":52,"minecraft:cooked_mutton":3,"minecraft:water_bucket":14,"minecraft:stone_pickaxe":4,"minecraft:oak_planks":65,"minecraft:wooden_pickaxe":16,"wildwestguns2_3d:silver_ore":9,"minecraft:fletching_table":5,"minecraft:diamond_axe":49,"minecraft:sand":2,"minecraft:crafting_table":8,"minecraft:white_bed":1,"minecraft:diamond_pickaxe":197,"minecraft:diamond_shovel":114,"minecraft:bread":24,"minecraft:lectern":4,"minecraft:gravel":18,"minecraft:stone_axe":2,"minecraft:cobblestone":46,"minecraft:cooked_porkchop":7,"minecraft:smithing_table":1,"minecraft:bucket":15,"minecraft:andesite":1,"minecraft:yellow_bed":2},"minecraft:dropped":{"minecraft:bread":15,"minecraft:oak_slab":1,"minecraft:wheat_seeds":7,"minecraft:granite":1,"minecraft:stick":78,"minecraft:diorite":2,"minecraft:wooden_axe":2,"minecraft:string":4,"minecraft:birch_log":1,"minecraft:gold_ingot":22,"minecraft:bone":2,"minecraft:gravel":30,"minecraft:oak_planks":2,"minecraft:diamond_shovel":1,"minecraft:gunpowder":2,"minecraft:andesite":1,"minecraft:arrow":2,"minecraft:wooden_pickaxe":2},"minecraft:custom":{"minecraft:interact_with_smithing_table":6,"minecraft:mob_kills":36,"minecraft:interact_with_crafting_table":39,"minecraft:bell_ring":1,"minecraft:leave_game":4,"minecraft:time_since_death":80486,"minecraft:climb_one_cm":3610,"minecraft:sprint_one_cm":262235,"minecraft:walk_one_cm":136575,"minecraft:damage_blocked_by_shield":3075,"minecraft:drop":40,"minecraft:damage_dealt_absorbed":140,"minecraft:talked_to_villager":25,"minecraft:play_time":114321,"minecraft:deaths":1,"minecraft:sneak_time":4971,"minecraft:walk_under_water_one_cm":17381,"minecraft:jump":2657,"minecraft:walk_on_water_one_cm":22327,"minecraft:enchant_item":9,"minecraft:total_world_time":114321,"minecraft:interact_with_furnace":60,"minecraft:traded_with_villager":32,"minecraft:time_since_rest":80491,"minecraft:damage_taken":2489,"minecraft:damage_dealt":5044,"minecraft:swim_one_cm":39574,"minecraft:fly_one_cm":542721,"minecraft:open_chest":36,"minecraft:crouch_one_cm":12656,"minecraft:fall_one_cm":100491},"minecraft:mined":{"minecraft:tuff":2,"minecraft:dark_oak_leaves":1,"minecraft:deepslate_diamond_ore":4,"minecraft:oak_door":3,"minecraft:dark_oak_log":9,"minecraft:granite":3,"minecraft:grass_block":5,"wildwestguns2_3d:silver_ore":9,"minecraft:hay_block":14,"minecraft:tall_seagrass":2,"minecraft:furnace":9,"minecraft:iron_ore":5,"minecraft:cobbled_deepslate":1,"minecraft:andesite":3,"minecraft:fletching_table":2,"minecraft:deepslate_lapis_ore":8,"minecraft:enchanting_table":2,"minecraft:deepslate_iron_ore":13,"minecraft:stone":63,"minecraft:smithing_table":2,"minecraft:oak_slab":2,"minecraft:crafting_table":9,"minecraft:lectern":4,"minecraft:cobblestone":1,"minecraft:deepslate_gold_ore":31,"minecraft:oak_planks":9,"minecraft:diorite":2,"minecraft:wall_torch":4,"minecraft:deepslate_copper_ore":7,"minecraft:seagrass":2,"minecraft:birch_log":1,"minecraft:yellow_bed":2,"minecraft:grass":11,"minecraft:oak_log":61,"minecraft:coal_ore":9,"minecraft:gravel":78,"minecraft:sand":2,"minecraft:dirt":4,"minecraft:oak_leaves":7,"minecraft:deepslate":41},"minecraft:crafted":{"minecraft:oak_door":3,"minecraft:oak_planks":240,"minecraft:coal":117,"minecraft:furnace":3,"minecraft:diamond_shovel":1,"additionaladditions:rose_gold_sword":1,"additionaladditions:rose_gold_alloy":3,"additionaladditions:rose_gold_boots":1,"minecraft:cooked_mutton":3,"minecraft:bow":2,"minecraft:iron_boots":1,"minecraft:stone_pickaxe":1,"minecraft:dark_oak_planks":32,"minecraft:wheat":126,"minecraft:cooked_beef":2,"minecraft:emerald":32,"minecraft:cooked_porkchop":17,"minecraft:diamond_axe":1,"minecraft:crafting_table":6,"minecraft:wooden_pickaxe":1,"minecraft:iron_helmet":1,"minecraft:cooked_salmon":5,"minecraft:copper_ingot":14,"minecraft:fletching_table":2,"minecraft:bucket":1,"additionaladditions:rose_gold_leggings":1,"minecraft:stone_axe":1,"minecraft:bread":42,"minecraft:air":0,"additionaladditions:rose_gold_chestplate":1,"minecraft:oak_boat":2,"minecraft:diamond_pickaxe":1,"minecraft:shield":3,"minecraft:stick":1365,"minecraft:iron_ingot":18,"additionaladditions:rose_gold_helmet":1,"minecraft:wooden_axe":1,"minecraft:stone_sword":1,"minecraft:iron_leggings":1,"minecraft:gold_ingot":30,"minecraft:torch":244},"minecraft:killed_by":{"minecraft:skeleton":1},"minecraft:picked_up":{"minecraft:wooden_axe":2,"minecraft:crafting_table":11,"minecraft:iron_chestplate":1,"minecraft:smithing_table":3,"minecraft:wooden_pickaxe":2,"minecraft:string":4,"minecraft:raw_copper":23,"minecraft:iron_axe":1,"wildwestguns2_3d:silver_ore":9,"minecraft:cobbled_deepslate":42,"minecraft:beef":4,"minecraft:lectern":4,"minecraft:coal_block":62,"minecraft:egg":4,"minecraft:furnace":9,"minecraft:stick":1,"minecraft:raw_iron":23,"minecraft:oak_door":3,"minecraft:copper_ingot":4,"minecraft:torch":4,"minecraft:porkchop":17,"additionaladditions:rose_gold_alloy":2,"minecraft:diorite":2,"minecraft:dark_oak_planks":13,"minecraft:arrow":3,"minecraft:rotten_flesh":7,"minecraft:hay_block":14,"minecraft:totem_of_undying":1,"minecraft:gold_ingot":4,"minecraft:mutton":3,"minecraft:cobblestone":66,"minecraft:enchanting_table":3,"minecraft:birch_log":1,"minecraft:andesite":3,"minecraft:salmon":5,"minecraft:leather":3,"minecraft:flint":4,"minecraft:tuff":2,"minecraft:oak_log":60,"minecraft:yellow_bed":2,"minecraft:gunpowder":5,"minecraft:lapis_lazuli":50,"minecraft:dirt":15,"minecraft:bone":2,"minecraft:wheat_seeds":16,"minecraft:raw_gold":31,"minecraft:iron_ingot":4,"minecraft:fletching_table":3,"minecraft:iron_sword":1,"minecraft:oak_planks":113,"minecraft:oak_slab":2,"minecraft:gravel":48,"minecraft:sand":2,"minecraft:white_bed":1,"minecraft:dark_oak_log":8,"minecraft:diamond_shovel":1,"minecraft:diamond":6,"minecraft:granite":3,"minecraft:bread":27,"minecraft:coal":17,"minecraft:diamond_pickaxe":1},"minecraft:killed":{"minecraft:spider":3,"minecraft:skeleton":5,"minecraft:pig":9,"minecraft:salmon":5,"minecraft:zombie":9,"minecraft:cow":3}},"DataVersion":3337}