{"stats":{"minecraft:used":{"minecraft:dark_oak_planks":7,"minecraft:wooden_axe":1,"minecraft:stone_sword":5,"minecraft:stone_pickaxe":3,"minecraft:wooden_pickaxe":16,"minecraft:cooked_salmon":5,"minecraft:stone_axe":2,"minecraft:sand":2,"minecraft:crafting_table":2,"minecraft:furnace":1},"minecraft:dropped":{"minecraft:wheat_seeds":1,"minecraft:birch_log":1},"minecraft:custom":{"minecraft:time_since_rest":14779,"minecraft:interact_with_furnace":5,"minecraft:sprint_one_cm":51397,"minecraft:damage_taken":180,"minecraft:walk_one_cm":11562,"minecraft:mob_kills":5,"minecraft:drop":2,"minecraft:damage_dealt":150,"minecraft:swim_one_cm":16162,"minecraft:interact_with_crafting_table":3,"minecraft:fly_one_cm":125792,"minecraft:crouch_one_cm":694,"minecraft:play_time":14779,"minecraft:sneak_time":283,"minecraft:walk_under_water_one_cm":1973,"minecraft:jump":475,"minecraft:time_since_death":14779,"minecraft:walk_on_water_one_cm":2861,"minecraft:climb_one_cm":3610,"minecraft:total_world_time":14779,"minecraft:fall_one_cm":26114},"minecraft:mined":{"minecraft:furnace":1,"minecraft:dark_oak_leaves":1,"minecraft:birch_log":1,"minecraft:dark_oak_log":9,"minecraft:crafting_table":2,"minecraft:grass":6,"minecraft:sand":2,"minecraft:stone":16,"minecraft:oak_leaves":2},"minecraft:crafted":{"minecraft:crafting_table":1,"minecraft:stick":12,"minecraft:wooden_pickaxe":1,"minecraft:wooden_axe":1,"minecraft:stone_pickaxe":1,"minecraft:stone_sword":1,"minecraft:furnace":1,"minecraft:cooked_salmon":5,"minecraft:dark_oak_planks":32,"minecraft:stone_axe":1,"minecraft:air":0},"minecraft:picked_up":{"minecraft:birch_log":1,"minecraft:crafting_table":2,"minecraft:salmon":5,"minecraft:sand":2,"minecraft:dark_oak_log":8,"minecraft:dark_oak_planks":12,"minecraft:wheat_seeds":1,"minecraft:cobblestone":16,"minecraft:furnace":1},"minecraft:killed":{"minecraft:salmon":5}},"DataVersion":3337}