{"stats":{"minecraft:used":{"additionaladditions:rose_gold_sword":9,"minecraft:water_bucket":1,"minecraft:diorite":4,"minecraft:shield":8,"minecraft:iron_chestplate":1,"minecraft:torch":17,"minecraft:dirt":1,"minecraft:crafting_table":3,"minecraft:granite":6,"minecraft:iron_axe":27,"minecraft:bread":8,"minecraft:iron_pickaxe":153,"minecraft:iron_helmet":1,"minecraft:iron_boots":1,"minecraft:furnace":2,"minecraft:bucket":2,"minecraft:iron_leggings":1},"minecraft:dropped":{"the_bumblezone:bee_stinger":1,"minecraft:leather_boots":1},"minecraft:custom":{"minecraft:interact_with_furnace":20,"minecraft:mob_kills":8,"minecraft:interact_with_crafting_table":6,"minecraft:time_since_death":25474,"minecraft:time_since_rest":25474,"minecraft:sprint_one_cm":86900,"minecraft:damage_taken":251,"minecraft:walk_one_cm":34535,"minecraft:damage_blocked_by_shield":390,"minecraft:drop":2,"minecraft:damage_dealt":1202,"minecraft:swim_one_cm":18579,"minecraft:fly_one_cm":117730,"minecraft:crouch_one_cm":6784,"minecraft:play_time":25474,"minecraft:sneak_time":2972,"minecraft:walk_under_water_one_cm":11575,"minecraft:jump":505,"minecraft:walk_on_water_one_cm":7101,"minecraft:total_world_time":25474,"minecraft:fall_one_cm":25766},"minecraft:mined":{"minecraft:crafting_table":3,"minecraft:torch":2,"minecraft:granite":11,"minecraft:grass_block":1,"minecraft:copper_ore":15,"minecraft:diorite":14,"minecraft:furnace":2,"minecraft:iron_ore":16,"minecraft:andesite":1,"minecraft:grass":2,"minecraft:oak_log":10,"minecraft:coal_ore":52,"minecraft:stripped_oak_log":2,"minecraft:stone":42,"minecraft:oak_leaves":1},"minecraft:crafted":{"minecraft:cooked_beef":8,"minecraft:oak_planks":44,"minecraft:cooked_porkchop":2,"minecraft:crafting_table":1,"minecraft:furnace":2,"minecraft:copper_ingot":24,"minecraft:bucket":1,"minecraft:air":0,"minecraft:shield":1,"minecraft:stick":24,"minecraft:iron_ingot":12,"minecraft:iron_shovel":1,"minecraft:torch":40},"minecraft:picked_up":{"minecraft:stripped_oak_log":2,"minecraft:iron_chestplate":1,"minecraft:crafting_table":3,"minecraft:andesite":1,"minecraft:leather":1,"minecraft:oak_log":9,"additionaladditions:rose_gold_sword":1,"minecraft:gunpowder":4,"minecraft:dirt":1,"minecraft:raw_copper":84,"minecraft:iron_axe":1,"minecraft:iron_leggings":1,"minecraft:leather_boots":1,"minecraft:bone":3,"minecraft:beef":8,"minecraft:iron_pickaxe":1,"minecraft:iron_boots":1,"minecraft:furnace":2,"minecraft:raw_iron":15,"minecraft:torch":2,"minecraft:porkchop":2,"minecraft:diorite":5,"the_bumblezone:bee_stinger":1,"minecraft:arrow":2,"minecraft:iron_helmet":1,"minecraft:granite":6,"minecraft:bread":64,"minecraft:coal":72,"minecraft:cobblestone":40},"minecraft:killed":{"minecraft:pig":1,"minecraft:creeper":1,"minecraft:skeleton":2,"minecraft:zombie":1,"minecraft:cow":3}},"DataVersion":3337}