{"stats":{"minecraft:used":{"additionaladditions:rose_gold_sword":58,"minecraft:shield":10,"minecraft:iron_chestplate":1,"minecraft:torch":72,"minecraft:dirt":1,"minecraft:diamond_helmet":1,"minecraft:granite":6,"minecraft:iron_axe":28,"minecraft:iron_helmet":1,"minecraft:iron_boots":1,"minecraft:totem_of_undying":2,"minecraft:honeycomb_block":3,"minecraft:dark_oak_boat":1,"minecraft:furnace":4,"additionaladditions:rose_gold_leggings":1,"additionaladditions:rose_gold_chestplate":1,"minecraft:cooked_beef":3,"minecraft:cobbled_deepslate":4,"minecraft:enchanted_golden_apple":1,"minecraft:iron_leggings":1,"minecraft:water_bucket":2,"minecraft:diorite":6,"minecraft:diamond_boots":1,"minecraft:ender_pearl":1,"minecraft:diamond_axe":20,"minecraft:crafting_table":6,"minecraft:diamond_pickaxe":36,"minecraft:bread":19,"minecraft:iron_pickaxe":259,"minecraft:diamond_sword":20,"minecraft:smithing_table":1,"minecraft:bucket":3,"minecraft:oak_boat":1,"minecraft:diamond_leggings":1},"minecraft:dropped":{"immersive_aircraft:improved_landing_gear":1,"immersive_aircraft:biplane":1,"immersive_aircraft:enhanced_propeller":1,"minecraft:granite":3,"immersive_aircraft:sturdy_pipes":1,"minecraft:stick":2,"immersive_aircraft:gyroscope":1,"immersive_aircraft:telescope":1,"minecraft:bone":2,"minecraft:honeycomb_block":7,"the_bumblezone:bee_stinger":1,"minecraft:rotten_flesh":2,"minecraft:totem_of_undying":2,"minecraft:andesite":1,"minecraft:leather_boots":1,"minecraft:golden_leggings":2,"minecraft:oak_boat":1},"minecraft:custom":{"minecraft:interact_with_smithing_table":4,"minecraft:mob_kills":20,"minecraft:interact_with_crafting_table":22,"minecraft:leave_game":1,"minecraft:time_since_death":4230,"minecraft:climb_one_cm":473,"minecraft:damage_resisted":3,"minecraft:sprint_one_cm":207981,"minecraft:walk_one_cm":137560,"minecraft:damage_blocked_by_shield":720,"minecraft:drop":24,"minecraft:damage_dealt_absorbed":290,"minecraft:play_time":70357,"minecraft:deaths":3,"minecraft:sneak_time":5274,"minecraft:walk_under_water_one_cm":12976,"minecraft:boat_one_cm":18516,"minecraft:jump":1287,"minecraft:walk_on_water_one_cm":13241,"minecraft:total_world_time":70357,"minecraft:interact_with_furnace":32,"minecraft:time_since_rest":4233,"minecraft:damage_taken":2093,"minecraft:damage_absorbed":97,"minecraft:damage_dealt":5069,"minecraft:swim_one_cm":19270,"minecraft:fly_one_cm":426842,"minecraft:open_chest":3,"minecraft:crouch_one_cm":11158,"minecraft:fall_one_cm":39444},"minecraft:mined":{"minecraft:diamond_ore":1,"minecraft:dark_oak_log":20,"minecraft:granite":11,"minecraft:grass_block":1,"minecraft:spawner":5,"minecraft:furnace":2,"minecraft:iron_ore":86,"minecraft:andesite":1,"minecraft:deepslate_iron_ore":20,"minecraft:stripped_oak_log":2,"minecraft:stone":58,"minecraft:crafting_table":6,"the_bumblezone:pile_of_pollen":4,"minecraft:torch":2,"minecraft:copper_ore":15,"minecraft:honeycomb_block":12,"minecraft:lapis_ore":4,"minecraft:deepslate_gold_ore":4,"minecraft:diorite":15,"minecraft:grass":12,"minecraft:coal_ore":61,"minecraft:oak_log":10,"minecraft:dirt":2,"minecraft:gold_ore":8,"minecraft:oak_leaves":1,"minecraft:deepslate":4},"minecraft:crafted":{"minecraft:oak_planks":44,"minecraft:dark_oak_boat":1,"minecraft:furnace":2,"minecraft:diamond_shovel":1,"additionaladditions:rose_gold_alloy":2,"minecraft:diamond_helmet":1,"minecraft:diamond_leggings":1,"minecraft:diamond_boots":1,"minecraft:dark_oak_planks":76,"minecraft:cooked_beef":8,"minecraft:diamond_sword":1,"minecraft:cooked_porkchop":2,"minecraft:diamond_axe":1,"minecraft:crafting_table":2,"minecraft:smithing_table":1,"minecraft:copper_ingot":24,"minecraft:bucket":1,"minecraft:air":0,"minecraft:oak_boat":1,"minecraft:diamond_pickaxe":1,"minecraft:shield":1,"minecraft:stick":28,"minecraft:iron_ingot":12,"minecraft:iron_pickaxe":1,"minecraft:gold_ingot":12,"minecraft:iron_shovel":1,"minecraft:torch":92,"minecraft:diamond_chestplate":1},"minecraft:killed_by":{"minecraft:player":1,"undergarden:forgotten_guardian":1},"minecraft:broken":{"minecraft:iron_pickaxe":1},"minecraft:picked_up":{"minecraft:crafting_table":6,"minecraft:iron_chestplate":1,"immersive_aircraft:improved_landing_gear":1,"minecraft:raw_copper":84,"minecraft:iron_axe":1,"immersive_aircraft:biplane":1,"minecraft:iron_leggings":1,"minecraft:cobbled_deepslate":4,"minecraft:beef":8,"minecraft:oak_boat":1,"minecraft:iron_pickaxe":1,"minecraft:furnace":2,"minecraft:iron_boots":1,"minecraft:raw_iron":105,"minecraft:torch":2,"minecraft:porkchop":2,"minecraft:honeycomb_block":14,"minecraft:diorite":6,"the_bumblezone:bee_stinger":3,"minecraft:arrow":5,"minecraft:rotten_flesh":4,"minecraft:cobblestone":56,"minecraft:stripped_oak_log":2,"minecraft:andesite":1,"minecraft:golden_leggings":2,"minecraft:leather":1,"minecraft:dark_oak_boat":1,"minecraft:oak_log":9,"additionaladditions:rose_gold_sword":1,"minecraft:gunpowder":4,"minecraft:lapis_lazuli":24,"minecraft:dirt":1,"minecraft:lantern":1,"minecraft:leather_boots":1,"minecraft:bone":7,"minecraft:bow":1,"minecraft:wheat_seeds":1,"minecraft:raw_gold":12,"undergarden:forgotten_nugget":9,"immersive_aircraft:sturdy_pipes":1,"immersive_aircraft:gyroscope":1,"minecraft:dark_oak_log":19,"immersive_aircraft:enhanced_propeller":1,"immersive_aircraft:telescope":1,"minecraft:sugar":3,"minecraft:slime_ball":2,"minecraft:diamond":1,"minecraft:iron_helmet":1,"minecraft:granite":9,"the_bumblezone:pollen_puff":4,"minecraft:bread":64,"minecraft:coal":81,"minecraft:ender_pearl":1},"minecraft:killed":{"the_bumblezone:honey_slime":3,"minecraft:skeleton":5,"minecraft:bee":1,"minecraft:pig":1,"undergarden:forgotten_guardian":1,"minecraft:creeper":1,"minecraft:zombie":3,"minecraft:cow":3,"minecraft:enderman":2}},"DataVersion":3337}