{"stats":{"minecraft:used":{"minecraft:trident":254,"minecraft:water_bucket":5,"minecraft:netherite_sword":3,"minecraft:chicken":1,"minecraft:netherite_axe":5,"minecraft:chest":1,"minecraft:sandstone":23,"minecraft:sand":11,"minecraft:mutton":1,"minecraft:bow":7,"minecraft:goat_horn":3,"minecraft:acacia_leaves":10,"minecraft:enchanted_golden_apple":2},"minecraft:killed_by":{"minecraft:player":1},"minecraft:dropped":{"minecraft:cooked_beef":64,"minecraft:stone_sword":1,"minecraft:totem_of_undying":142,"minecraft:grass_block":1},"minecraft:picked_up":{"minecraft:feather":1,"minecraft:chicken":2,"minecraft:sand":1,"minecraft:gunpowder":2,"minecraft:string":1,"minecraft:spider_eye":1,"minecraft:goat_horn":1,"minecraft:stone_sword":1,"minecraft:arrow":1,"minecraft:bone":3,"minecraft:rotten_flesh":2,"minecraft:bow":1,"minecraft:totem_of_undying":30,"minecraft:cobblestone":64},"minecraft:custom":{"minecraft:time_since_rest":41283,"minecraft:sprint_one_cm":100756,"minecraft:walk_one_cm":82507,"minecraft:damage_taken":2461,"minecraft:mob_kills":37,"minecraft:drop":208,"minecraft:damage_dealt":2440,"minecraft:fly_one_cm":672823,"minecraft:open_chest":2,"minecraft:crouch_one_cm":1679,"minecraft:play_time":152914,"minecraft:deaths":12,"minecraft:sneak_time":1472,"minecraft:walk_under_water_one_cm":5558,"minecraft:jump":534,"minecraft:leave_game":6,"minecraft:time_since_death":41209,"minecraft:walk_on_water_one_cm":2414,"minecraft:total_world_time":152914,"minecraft:fall_one_cm":418},"minecraft:killed":{"minecraft:skeleton":10,"minecraft:husk":4,"minecraft:zombie":4,"minecraft:chicken":2,"minecraft:spider":7,"minecraft:creeper":1}},"DataVersion":3700}