{"stats":{"minecraft:used":{"minecraft:netherite_sword":3,"minecraft:trident":254,"minecraft:bow":7,"minecraft:mutton":1,"minecraft:goat_horn":3,"minecraft:chicken":1,"minecraft:netherite_axe":5,"minecraft:acacia_leaves":10,"minecraft:enchanted_golden_apple":2},"minecraft:killed_by":{"minecraft:player":1},"minecraft:dropped":{"minecraft:cooked_beef":64,"minecraft:totem_of_undying":142,"minecraft:grass_block":1},"minecraft:picked_up":{"minecraft:feather":1,"minecraft:bone":1,"minecraft:chicken":2,"minecraft:rotten_flesh":2,"minecraft:bow":1,"minecraft:sand":1,"minecraft:totem_of_undying":30,"minecraft:gunpowder":2,"minecraft:goat_horn":1},"minecraft:custom":{"minecraft:time_since_rest":18998,"minecraft:damage_taken":2461,"minecraft:crouch_one_cm":1562,"minecraft:walk_one_cm":55784,"minecraft:play_time":59064,"minecraft:sprint_one_cm":67772,"minecraft:deaths":8,"minecraft:sneak_time":1105,"minecraft:walk_under_water_one_cm":3768,"minecraft:mob_kills":25,"minecraft:drop":207,"minecraft:jump":329,"minecraft:damage_dealt":1692,"minecraft:leave_game":3,"minecraft:walk_on_water_one_cm":1403,"minecraft:time_since_death":18965,"minecraft:total_world_time":59064,"minecraft:fall_one_cm":418,"minecraft:fly_one_cm":492759},"minecraft:killed":{"minecraft:spider":6,"minecraft:skeleton":9,"minecraft:husk":4,"minecraft:zombie":3,"minecraft:chicken":2,"minecraft:creeper":1}},"DataVersion":3700}