{"stats":{"minecraft:used":{"additionaladditions:rose_gold_sword":109,"minecraft:diorite":13,"minecraft:stone_pickaxe":55,"minecraft:shield":35,"minecraft:wooden_pickaxe":59,"minecraft:rotten_flesh":2,"minecraft:dirt":8,"additionaladditions:rose_gold_pickaxe":65,"minecraft:crafting_table":8,"minecraft:diamond_helmet":1,"minecraft:tuff":20,"minecraft:granite":13,"additionaladditions:rose_gold_axe":4,"minecraft:iron_axe":1,"minecraft:bread":20,"minecraft:iron_pickaxe":249,"minecraft:diamond_chestplate":1,"minecraft:stone_axe":8,"minecraft:cobblestone":149,"minecraft:furnace":1,"minecraft:smithing_table":1,"minecraft:bucket":1,"minecraft:andesite":5,"minecraft:egg":1,"minecraft:cobbled_deepslate":32},"minecraft:dropped":{"minecraft:bread":2,"minecraft:stone_axe":1,"minecraft:cobbled_deepslate":4,"minecraft:tuff":13,"minecraft:raw_iron":3,"minecraft:rotten_flesh":2,"minecraft:cooked_mutton":1,"additionaladditions:rose_gold_sword":1,"minecraft:stone_pickaxe":1},"minecraft:custom":{"minecraft:interact_with_smithing_table":4,"minecraft:interact_with_furnace":22,"minecraft:mob_kills":33,"minecraft:interact_with_crafting_table":18,"minecraft:time_since_death":6912,"minecraft:time_since_rest":6917,"minecraft:sprint_one_cm":91316,"minecraft:damage_taken":1206,"minecraft:walk_one_cm":146444,"minecraft:damage_blocked_by_shield":2655,"minecraft:drop":13,"minecraft:damage_dealt":6358,"minecraft:swim_one_cm":18626,"minecraft:fly_one_cm":271244,"minecraft:open_chest":2,"minecraft:crouch_one_cm":23426,"minecraft:play_time":82456,"minecraft:deaths":1,"minecraft:sneak_time":8488,"minecraft:walk_under_water_one_cm":5388,"minecraft:jump":997,"minecraft:walk_on_water_one_cm":6849,"minecraft:total_world_time":82456,"minecraft:interact_with_smoker":2,"minecraft:fall_one_cm":25384},"minecraft:mined":{"minecraft:smithing_table":1,"minecraft:tuff":37,"minecraft:deepslate_diamond_ore":14,"minecraft:dark_oak_log":6,"minecraft:crafting_table":7,"minecraft:granite":13,"minecraft:grass_block":2,"minecraft:cobblestone":13,"minecraft:copper_ore":13,"wildwestguns2_3d:silver_ore":27,"minecraft:honeycomb_block":2,"minecraft:deepslate_gold_ore":23,"minecraft:oak_planks":1,"minecraft:diorite":13,"minecraft:spawner":6,"minecraft:furnace":1,"minecraft:iron_ore":21,"minecraft:cobbled_deepslate":3,"minecraft:andesite":6,"minecraft:coal_ore":52,"minecraft:oak_log":1,"minecraft:dirt":6,"minecraft:stone":145,"minecraft:gold_ore":1,"minecraft:deepslate":35},"minecraft:crafted":{"minecraft:oak_planks":4,"minecraft:crafting_table":1,"minecraft:wooden_pickaxe":1,"minecraft:smithing_table":1,"minecraft:furnace":1,"minecraft:copper_ingot":27,"minecraft:bucket":1,"additionaladditions:rose_gold_alloy":6,"minecraft:stone_axe":1,"minecraft:air":0,"minecraft:diamond_helmet":1,"minecraft:iron_chestplate":1,"minecraft:stick":8,"minecraft:iron_ingot":27,"minecraft:iron_pickaxe":1,"minecraft:stone_pickaxe":1,"minecraft:gold_ingot":24,"minecraft:dark_oak_planks":48,"minecraft:diamond_chestplate":1},"minecraft:killed_by":{"undergarden:forgotten_guardian":1},"minecraft:broken":{"minecraft:shield":1,"minecraft:iron_pickaxe":1,"minecraft:wooden_pickaxe":1},"minecraft:picked_up":{"minecraft:crafting_table":8,"minecraft:iron_chestplate":1,"minecraft:andesite":6,"minecraft:smithing_table":1,"minecraft:tuff":33,"minecraft:oak_log":1,"additionaladditions:rose_gold_sword":2,"minecraft:shield":1,"minecraft:gunpowder":8,"minecraft:string":2,"minecraft:dirt":8,"minecraft:raw_copper":47,"minecraft:iron_axe":1,"wildwestguns2_3d:silver_ore":27,"minecraft:iron_leggings":1,"minecraft:cooked_mutton":1,"minecraft:bone":9,"additionaladditions:chicken_nugget":1,"minecraft:cobbled_deepslate":37,"minecraft:raw_gold":24,"minecraft:iron_ingot":8,"minecraft:iron_nugget":28,"minecraft:iron_pickaxe":1,"minecraft:oak_planks":1,"minecraft:furnace":1,"minecraft:iron_boots":1,"minecraft:egg":1,"minecraft:raw_iron":27,"minecraft:cooked_porkchop":19,"minecraft:torch":6,"minecraft:porkchop":5,"minecraft:diorite":13,"minecraft:dark_oak_log":12,"minecraft:arrow":6,"minecraft:rotten_flesh":9,"minecraft:diamond":13,"minecraft:iron_helmet":1,"minecraft:granite":13,"minecraft:bread":72,"minecraft:coal":58,"minecraft:cobblestone":163,"minecraft:ender_pearl":3},"minecraft:killed":{"minecraft:pig":2,"minecraft:spider":1,"undergarden:forgotten_guardian":1,"the_bumblezone:honey_slime":5,"minecraft:creeper":3,"minecraft:skeleton":7,"minecraft:zombie":11,"the_bumblezone:bee_queen":1,"undergarden:muncher":2}},"DataVersion":3337}