{"stats":{"minecraft:used":{"additionaladditions:rose_gold_sword":109,"minecraft:shield":35,"minecraft:stone":8,"minecraft:rotten_flesh":2,"minecraft:dirt":40,"minecraft:diamond_helmet":2,"minecraft:tuff":20,"minecraft:granite":13,"additionaladditions:rose_gold_axe":27,"minecraft:iron_axe":1,"minecraft:totem_of_undying":1,"minecraft:diamond_chestplate":1,"minecraft:honeycomb_block":27,"minecraft:furnace":2,"minecraft:egg":1,"minecraft:cobbled_deepslate":32,"minecraft:enchanted_golden_apple":1,"minecraft:diorite":38,"minecraft:stone_pickaxe":55,"minecraft:wooden_pickaxe":59,"additionaladditions:rose_gold_pickaxe":65,"minecraft:crafting_table":14,"minecraft:diamond_pickaxe":111,"minecraft:diamond_shovel":11,"minecraft:bread":28,"minecraft:iron_pickaxe":249,"minecraft:gravel":7,"minecraft:stone_axe":8,"minecraft:cobblestone":149,"minecraft:smithing_table":1,"minecraft:andesite":5,"minecraft:bucket":1,"minecraft:coarse_dirt":5},"minecraft:dropped":{"minecraft:bread":2,"minecraft:wheat_seeds":1,"minecraft:dark_oak_sapling":1,"minecraft:red_mushroom":4,"additionaladditions:rose_gold_alloy":5,"minecraft:stone_axe":1,"minecraft:mangrove_roots":2,"minecraft:cobbled_deepslate":4,"minecraft:tuff":13,"minecraft:raw_iron":3,"minecraft:rotten_flesh":2,"minecraft:cooked_mutton":1,"minecraft:gunpowder":1,"additionaladditions:rose_gold_sword":1,"minecraft:stone_pickaxe":1},"minecraft:custom":{"minecraft:interact_with_smithing_table":4,"minecraft:mob_kills":33,"minecraft:interact_with_crafting_table":25,"minecraft:time_since_death":19345,"minecraft:damage_resisted":2,"minecraft:sprint_one_cm":151598,"minecraft:walk_one_cm":224783,"minecraft:damage_blocked_by_shield":2655,"minecraft:drop":20,"minecraft:play_time":118456,"minecraft:deaths":2,"minecraft:sneak_time":9078,"minecraft:walk_under_water_one_cm":8595,"minecraft:jump":1462,"minecraft:walk_on_water_one_cm":11419,"minecraft:total_world_time":118456,"minecraft:interact_with_furnace":33,"minecraft:time_since_rest":19350,"minecraft:damage_taken":1803,"minecraft:damage_absorbed":88,"minecraft:damage_dealt":6388,"minecraft:swim_one_cm":20106,"minecraft:fly_one_cm":377118,"minecraft:open_chest":3,"minecraft:crouch_one_cm":23844,"minecraft:interact_with_smoker":2,"minecraft:fall_one_cm":44799},"minecraft:mined":{"minecraft:tuff":37,"minecraft:dark_oak_leaves":5,"minecraft:deepslate_diamond_ore":14,"minecraft:dark_oak_log":14,"minecraft:mangrove_roots":1,"minecraft:granite":13,"minecraft:grass_block":6,"wildwestguns2_3d:silver_ore":27,"minecraft:spawner":6,"minecraft:furnace":2,"minecraft:iron_ore":21,"minecraft:cobbled_deepslate":3,"minecraft:andesite":7,"minecraft:stone":193,"minecraft:smithing_table":1,"minecraft:crafting_table":12,"minecraft:copper_ore":13,"minecraft:cobblestone":13,"minecraft:honeycomb_block":36,"minecraft:deepslate_gold_ore":23,"minecraft:oak_planks":1,"minecraft:sugar_cane":1,"minecraft:diorite":73,"minecraft:coarse_dirt":5,"minecraft:oak_log":1,"minecraft:coal_ore":52,"minecraft:gravel":9,"minecraft:dirt":38,"minecraft:red_mushroom_block":6,"minecraft:gold_ore":1,"minecraft:oak_leaves":2,"minecraft:deepslate":35},"minecraft:crafted":{"minecraft:oak_planks":4,"minecraft:furnace":2,"minecraft:stone":11,"minecraft:diamond_shovel":1,"additionaladditions:rose_gold_alloy":6,"minecraft:diamond_helmet":3,"minecraft:diamond_leggings":1,"minecraft:stone_pickaxe":1,"minecraft:diamond_boots":1,"minecraft:dark_oak_planks":76,"minecraft:crafting_table":3,"minecraft:wooden_pickaxe":1,"minecraft:smithing_table":1,"minecraft:copper_ingot":27,"minecraft:bucket":1,"minecraft:stone_axe":1,"minecraft:air":0,"minecraft:iron_chestplate":1,"minecraft:diamond_pickaxe":1,"minecraft:stick":12,"minecraft:iron_ingot":27,"minecraft:iron_pickaxe":1,"minecraft:gold_ingot":24,"minecraft:diamond_chestplate":2},"minecraft:killed_by":{"undergarden:forgotten_guardian":1},"minecraft:broken":{"minecraft:wooden_pickaxe":1,"minecraft:shield":1,"minecraft:iron_pickaxe":1},"minecraft:picked_up":{"minecraft:iron_chestplate":1,"minecraft:crafting_table":13,"minecraft:coarse_dirt":5,"minecraft:smithing_table":1,"minecraft:shield":1,"minecraft:string":2,"minecraft:iron_axe":1,"minecraft:raw_copper":47,"wildwestguns2_3d:silver_ore":27,"minecraft:iron_leggings":1,"additionaladditions:chicken_nugget":1,"minecraft:diamond_leggings":1,"minecraft:cobbled_deepslate":37,"minecraft:iron_nugget":28,"minecraft:iron_pickaxe":1,"minecraft:enchanted_golden_apple":78,"minecraft:sugar_cane":3,"minecraft:egg":1,"minecraft:iron_boots":1,"minecraft:furnace":2,"minecraft:dark_oak_sapling":1,"minecraft:raw_iron":27,"minecraft:torch":6,"additionaladditions:rose_gold_axe":2,"minecraft:porkchop":5,"additionaladditions:rose_gold_alloy":10,"minecraft:honeycomb_block":103,"minecraft:diorite":73,"minecraft:dark_oak_planks":24,"minecraft:arrow":6,"minecraft:rotten_flesh":9,"minecraft:diamond_chestplate":1,"minecraft:diamond_boots":1,"minecraft:mangrove_roots":2,"minecraft:totem_of_undying":3,"minecraft:cobblestone":211,"minecraft:andesite":7,"minecraft:red_mushroom":4,"minecraft:tuff":33,"minecraft:oak_log":1,"additionaladditions:rose_gold_sword":2,"minecraft:gunpowder":9,"minecraft:dirt":44,"minecraft:cooked_mutton":1,"minecraft:bone":13,"minecraft:wheat_seeds":1,"minecraft:raw_gold":24,"minecraft:iron_ingot":8,"minecraft:oak_planks":1,"additionaladditions:rose_gold_pickaxe":1,"minecraft:cooked_porkchop":19,"minecraft:gravel":9,"minecraft:dark_oak_log":19,"minecraft:diamond":71,"minecraft:iron_helmet":1,"minecraft:granite":13,"minecraft:bread":103,"minecraft:emerald":6,"minecraft:coal":58,"minecraft:ender_pearl":3},"minecraft:killed":{"minecraft:spider":1,"the_bumblezone:honey_slime":5,"minecraft:skeleton":7,"minecraft:pig":2,"undergarden:forgotten_guardian":1,"minecraft:creeper":3,"minecraft:zombie":11,"the_bumblezone:bee_queen":1,"undergarden:muncher":2}},"DataVersion":3337}