{"stats":{"minecraft:used":{"additionaladditions:rose_gold_sword":4,"minecraft:diorite":13,"minecraft:bread":4,"minecraft:stone_pickaxe":55,"minecraft:iron_pickaxe":121,"minecraft:wooden_pickaxe":59,"minecraft:rotten_flesh":2,"minecraft:stone_axe":8,"minecraft:dirt":8,"minecraft:cobblestone":70,"minecraft:crafting_table":5,"minecraft:egg":1,"minecraft:granite":13},"minecraft:dropped":{"minecraft:bread":2,"additionaladditions:rose_gold_sword":1,"minecraft:raw_iron":3,"minecraft:rotten_flesh":2,"minecraft:cooked_mutton":1},"minecraft:custom":{"minecraft:time_since_rest":34456,"minecraft:sprint_one_cm":22151,"minecraft:damage_taken":248,"minecraft:walk_one_cm":47795,"minecraft:mob_kills":4,"minecraft:drop":8,"minecraft:damage_dealt":690,"minecraft:interact_with_crafting_table":8,"minecraft:swim_one_cm":18626,"minecraft:fly_one_cm":29071,"minecraft:crouch_one_cm":7736,"minecraft:play_time":34456,"minecraft:sneak_time":2973,"minecraft:walk_under_water_one_cm":2399,"minecraft:jump":289,"minecraft:walk_on_water_one_cm":3798,"minecraft:time_since_death":34456,"minecraft:interact_with_smoker":2,"minecraft:total_world_time":34456,"minecraft:fall_one_cm":6212},"minecraft:mined":{"minecraft:iron_ore":1,"minecraft:dark_oak_log":6,"minecraft:crafting_table":4,"minecraft:granite":13,"minecraft:grass_block":2,"minecraft:oak_log":1,"minecraft:coal_ore":52,"minecraft:dirt":6,"minecraft:copper_ore":13,"minecraft:stone":138,"minecraft:diorite":13},"minecraft:crafted":{"minecraft:oak_planks":4,"minecraft:iron_chestplate":1,"minecraft:crafting_table":1,"minecraft:stick":8,"minecraft:iron_ingot":3,"minecraft:wooden_pickaxe":1,"minecraft:iron_pickaxe":1,"minecraft:stone_pickaxe":1,"minecraft:dark_oak_planks":48,"minecraft:stone_axe":1},"minecraft:broken":{"minecraft:wooden_pickaxe":1},"minecraft:picked_up":{"minecraft:iron_chestplate":1,"minecraft:crafting_table":5,"minecraft:raw_iron":7,"minecraft:cooked_porkchop":19,"minecraft:porkchop":5,"minecraft:oak_log":1,"additionaladditions:rose_gold_sword":2,"minecraft:diorite":13,"minecraft:shield":1,"minecraft:dirt":8,"minecraft:dark_oak_log":12,"minecraft:iron_axe":1,"minecraft:raw_copper":43,"minecraft:cooked_mutton":1,"minecraft:iron_leggings":1,"minecraft:rotten_flesh":4,"minecraft:iron_helmet":1,"minecraft:granite":13,"minecraft:iron_ingot":8,"minecraft:bread":72,"minecraft:iron_nugget":28,"minecraft:iron_pickaxe":1,"minecraft:coal":58,"minecraft:iron_boots":1,"minecraft:cobblestone":143,"minecraft:egg":1},"minecraft:killed":{"minecraft:pig":2,"minecraft:zombie":2}},"DataVersion":3337}