{"stats":{"minecraft:used":{"additionaladditions:rose_gold_sword":109,"minecraft:flint_and_steel":10,"minecraft:shield":35,"minecraft:stone":8,"minecraft:rotten_flesh":2,"minecraft:dirt":40,"minecraft:diamond_helmet":2,"minecraft:tuff":20,"minecraft:granite":13,"additionaladditions:rose_gold_axe":179,"minecraft:obsidian":1,"minecraft:lava_bucket":13,"minecraft:iron_axe":1,"minecraft:crimson_roots":2,"minecraft:totem_of_undying":1,"minecraft:diamond_chestplate":1,"minecraft:honeycomb_block":27,"minecraft:warped_fungus":1,"minecraft:furnace":3,"minecraft:egg":1,"minecraft:cobbled_deepslate":32,"minecraft:enchanted_golden_apple":14,"minecraft:water_bucket":6,"minecraft:diorite":270,"minecraft:stone_pickaxe":55,"minecraft:wooden_pickaxe":59,"minecraft:warped_roots":5,"additionaladditions:rose_gold_pickaxe":65,"minecraft:crafting_table":15,"minecraft:diamond_pickaxe":991,"minecraft:diamond_shovel":26,"minecraft:bread":41,"minecraft:iron_pickaxe":249,"minecraft:gravel":27,"minecraft:stone_axe":8,"minecraft:crimson_fungus":2,"minecraft:cobblestone":424,"minecraft:smithing_table":1,"minecraft:andesite":5,"minecraft:bucket":22,"minecraft:coarse_dirt":5},"minecraft:dropped":{"minecraft:bread":2,"minecraft:wheat_seeds":1,"minecraft:dark_oak_sapling":1,"minecraft:granite":5,"minecraft:red_mushroom":4,"minecraft:dirt":4,"immersive_aircraft:gyrodyne":1,"minecraft:diorite":8,"additionaladditions:rose_gold_alloy":5,"minecraft:white_banner":1,"minecraft:string":3,"minecraft:bone":8,"minecraft:gravel":6,"minecraft:stone_axe":1,"minecraft:mangrove_roots":2,"minecraft:raw_copper":32,"minecraft:cobbled_deepslate":17,"minecraft:tuff":13,"minecraft:raw_iron":3,"minecraft:red_banner":16,"minecraft:rotten_flesh":4,"minecraft:cooked_mutton":1,"minecraft:nether_brick_fence":1,"undergarden:cloggrum_shield":1,"minecraft:stone":3,"minecraft:gunpowder":1,"minecraft:andesite":17,"additionaladditions:rose_gold_sword":2,"minecraft:spider_eye":1,"minecraft:stone_pickaxe":1,"gildednetherite:gilded_netherite_helmet":1},"minecraft:custom":{"minecraft:interact_with_smithing_table":4,"minecraft:mob_kills":105,"minecraft:interact_with_crafting_table":27,"minecraft:leave_game":1,"minecraft:time_since_death":120637,"minecraft:damage_resisted":406,"minecraft:sprint_one_cm":294979,"minecraft:walk_one_cm":492923,"minecraft:damage_blocked_by_shield":2655,"minecraft:drop":39,"minecraft:play_time":219748,"minecraft:deaths":2,"minecraft:sneak_time":14202,"minecraft:walk_under_water_one_cm":9441,"minecraft:jump":2559,"minecraft:walk_on_water_one_cm":14184,"minecraft:total_world_time":219748,"minecraft:interact_with_furnace":37,"minecraft:time_since_rest":120642,"minecraft:damage_taken":3526,"minecraft:damage_absorbed":807,"minecraft:damage_dealt":19031,"minecraft:swim_one_cm":20106,"minecraft:fly_one_cm":520427,"minecraft:open_chest":4,"minecraft:crouch_one_cm":41553,"minecraft:interact_with_smoker":2,"minecraft:fall_one_cm":69181},"minecraft:mined":{"minecraft:tuff":37,"minecraft:dark_oak_leaves":5,"minecraft:deepslate_diamond_ore":14,"minecraft:dark_oak_log":14,"minecraft:mangrove_roots":1,"minecraft:obsidian":1,"minecraft:nether_bricks":7,"minecraft:granite":19,"minecraft:grass_block":6,"minecraft:crimson_roots":2,"wildwestguns2_3d:silver_ore":27,"minecraft:crimson_fungus":2,"minecraft:spawner":6,"minecraft:furnace":2,"minecraft:iron_ore":43,"minecraft:nether_sprouts":2,"minecraft:cobbled_deepslate":16,"minecraft:fire":4,"minecraft:andesite":24,"minecraft:nether_brick_fence":1,"minecraft:stone":431,"minecraft:smithing_table":1,"minecraft:crafting_table":12,"minecraft:warped_roots":5,"minecraft:copper_ore":23,"minecraft:cobblestone":33,"minecraft:honeycomb_block":36,"minecraft:deepslate_gold_ore":23,"minecraft:sugar_cane":1,"minecraft:oak_planks":1,"minecraft:diorite":279,"minecraft:warped_nylium":1,"minecraft:coarse_dirt":5,"minecraft:warped_fungus":1,"minecraft:oak_log":1,"minecraft:coal_ore":88,"minecraft:gravel":35,"minecraft:dirt":38,"minecraft:ancient_debris":2,"minecraft:red_mushroom_block":6,"minecraft:netherrack":274,"minecraft:gold_ore":1,"minecraft:oak_leaves":2,"minecraft:deepslate":52},"minecraft:crafted":{"minecraft:oak_planks":4,"minecraft:blaze_powder":14,"minecraft:furnace":2,"minecraft:stone":11,"minecraft:diamond_shovel":1,"additionaladditions:rose_gold_alloy":6,"minecraft:flint_and_steel":1,"minecraft:diamond_helmet":3,"minecraft:diamond_leggings":1,"minecraft:stone_pickaxe":1,"minecraft:diamond_boots":1,"minecraft:dark_oak_planks":76,"minecraft:ender_eye":3,"minecraft:crafting_table":3,"minecraft:wooden_pickaxe":1,"minecraft:smithing_table":1,"minecraft:copper_ingot":27,"minecraft:bucket":3,"minecraft:stone_axe":1,"minecraft:air":0,"minecraft:iron_chestplate":1,"minecraft:diamond_pickaxe":1,"minecraft:stick":12,"minecraft:iron_ingot":49,"minecraft:iron_pickaxe":1,"minecraft:gold_ingot":24,"minecraft:diamond_chestplate":2},"minecraft:killed_by":{"undergarden:forgotten_guardian":1},"minecraft:broken":{"minecraft:wooden_pickaxe":1,"minecraft:shield":1,"minecraft:iron_pickaxe":1},"minecraft:picked_up":{"minecraft:crafting_table":13,"minecraft:iron_chestplate":1,"minecraft:coarse_dirt":5,"minecraft:nether_brick_fence":1,"minecraft:smithing_table":1,"minecraft:shield":1,"minecraft:string":5,"minecraft:raw_copper":79,"minecraft:iron_axe":1,"wildwestguns2_3d:silver_ore":27,"minecraft:iron_leggings":1,"additionaladditions:chicken_nugget":1,"minecraft:diamond_leggings":1,"minecraft:gold_nugget":1,"minecraft:cobbled_deepslate":59,"minecraft:iron_nugget":28,"minecraft:iron_pickaxe":1,"minecraft:enchanted_golden_apple":80,"minecraft:sugar_cane":3,"minecraft:furnace":2,"minecraft:egg":1,"minecraft:iron_boots":1,"minecraft:dark_oak_sapling":1,"minecraft:raw_iron":49,"minecraft:stone":3,"minecraft:torch":6,"additionaladditions:rose_gold_axe":2,"minecraft:porkchop":5,"additionaladditions:rose_gold_alloy":10,"minecraft:honeycomb_block":103,"minecraft:diorite":278,"minecraft:dark_oak_planks":24,"minecraft:arrow":10,"minecraft:rotten_flesh":11,"minecraft:diamond_chestplate":1,"minecraft:nether_bricks":1,"minecraft:diamond_boots":1,"minecraft:mangrove_roots":2,"minecraft:totem_of_undying":4,"minecraft:blaze_rod":18,"minecraft:obsidian":1,"minecraft:cobblestone":465,"gildednetherite:gilded_netherite_helmet":1,"minecraft:magma_cream":2,"minecraft:andesite":23,"minecraft:red_mushroom":4,"minecraft:flint":1,"minecraft:crimson_fungus":2,"minecraft:tuff":33,"minecraft:oak_log":1,"minecraft:ancient_debris":2,"additionaladditions:rose_gold_sword":3,"minecraft:gunpowder":9,"immersive_aircraft:gyrodyne":1,"minecraft:dirt":44,"minecraft:white_banner":1,"minecraft:cooked_mutton":1,"minecraft:bone":23,"minecraft:wheat_seeds":1,"minecraft:raw_gold":24,"minecraft:iron_ingot":8,"minecraft:oak_planks":1,"additionaladditions:rose_gold_pickaxe":1,"minecraft:warped_fungus":1,"minecraft:cooked_porkchop":19,"minecraft:gravel":33,"minecraft:red_banner":16,"minecraft:dark_oak_log":19,"minecraft:spider_eye":1,"undergarden:cloggrum_shield":2,"minecraft:diamond":71,"minecraft:iron_helmet":1,"minecraft:granite":18,"minecraft:emerald":6,"minecraft:bread":103,"minecraft:warped_roots":5,"minecraft:netherrack":64,"minecraft:coal":96,"minecraft:crimson_roots":2,"minecraft:ender_pearl":6},"minecraft:killed":{"minecraft:zombified_piglin":1,"minecraft:spider":4,"the_bumblezone:honey_slime":5,"minecraft:skeleton":11,"minecraft:magma_cube":11,"minecraft:piglin":3,"minecraft:pig":2,"undergarden:forgotten_guardian":1,"minecraft:creeper":3,"minecraft:zombie":12,"the_bumblezone:bee_queen":1,"minecraft:wither_skeleton":6,"undergarden:muncher":2,"minecraft:enderman":4,"minecraft:blaze":36}},"DataVersion":3337}