{"stats":{"minecraft:used":{"minecraft:stone_axe":2,"minecraft:wooden_axe":1,"minecraft:crafting_table":3,"minecraft:stone_pickaxe":13,"minecraft:oak_wood":1,"minecraft:wooden_pickaxe":6},"minecraft:dropped":{"minecraft:wheat_seeds":2},"minecraft:custom":{"minecraft:deaths":1,"minecraft:time_since_rest":3979,"minecraft:play_time":12910,"minecraft:crouch_one_cm":1801,"minecraft:sprint_one_cm":31200,"minecraft:damage_taken":230,"minecraft:walk_one_cm":10540,"minecraft:sneak_time":1540,"minecraft:walk_under_water_one_cm":5166,"minecraft:drop":1,"minecraft:jump":179,"minecraft:leave_game":1,"minecraft:walk_on_water_one_cm":1060,"minecraft:time_since_death":3975,"minecraft:total_world_time":12910,"minecraft:interact_with_crafting_table":3,"minecraft:fall_one_cm":8360,"minecraft:fly_one_cm":161100},"minecraft:mined":{"minecraft:grass":37,"minecraft:oak_wood":1,"minecraft:coal_ore":13,"minecraft:stone":6,"minecraft:dark_oak_log":7,"minecraft:crafting_table":3},"minecraft:crafted":{"minecraft:dark_oak_planks":28,"minecraft:torch":16,"minecraft:stone_axe":1,"minecraft:crafting_table":1,"minecraft:stick":12,"minecraft:wooden_pickaxe":1,"minecraft:stone_pickaxe":1,"minecraft:wooden_axe":1},"minecraft:picked_up":{"minecraft:crafting_table":3,"minecraft:oak_wood":1,"minecraft:wheat_seeds":2,"minecraft:coal":13,"minecraft:dark_oak_log":7,"minecraft:cobblestone":6}},"DataVersion":3337}