{"stats":{"minecraft:used":{"additionaladditions:rose_gold_sword":1,"minecraft:stone_pickaxe":13,"minecraft:oak_sign":2,"minecraft:chest":4,"minecraft:wooden_pickaxe":6,"minecraft:rotten_flesh":2,"minecraft:oak_door":1,"minecraft:iron_chestplate":1,"minecraft:dirt":63,"minecraft:oak_slab":5,"minecraft:crafting_table":6,"minecraft:oak_wood":1,"minecraft:wooden_axe":1,"minecraft:iron_axe":8,"minecraft:chicken":2,"minecraft:bread":3,"minecraft:iron_pickaxe":6,"minecraft:iron_helmet":1,"minecraft:iron_boots":1,"minecraft:stone_axe":2,"minecraft:furnace":1,"minecraft:egg":1,"minecraft:iron_leggings":1},"minecraft:dropped":{"minecraft:wheat_seeds":2,"additionaladditions:rose_gold_sword":1},"minecraft:custom":{"minecraft:interact_with_furnace":2,"minecraft:interact_with_crafting_table":13,"minecraft:leave_game":1,"minecraft:time_since_death":30368,"minecraft:climb_one_cm":1534,"minecraft:time_since_rest":30372,"minecraft:sprint_one_cm":81445,"minecraft:damage_taken":270,"minecraft:walk_one_cm":39035,"minecraft:drop":2,"minecraft:damage_dealt":38,"minecraft:fly_one_cm":243039,"minecraft:open_chest":6,"minecraft:crouch_one_cm":14154,"minecraft:play_time":39303,"minecraft:deaths":1,"minecraft:sneak_time":2865,"minecraft:walk_under_water_one_cm":5166,"minecraft:jump":672,"minecraft:walk_on_water_one_cm":1060,"minecraft:total_world_time":39303,"minecraft:fall_one_cm":12481},"minecraft:mined":{"minecraft:oak_slab":2,"minecraft:dark_oak_log":7,"minecraft:crafting_table":5,"minecraft:oak_wood":4,"minecraft:chest":2,"minecraft:grass":37,"minecraft:coal_ore":13,"minecraft:dirt":17,"minecraft:stone":6},"minecraft:crafted":{"minecraft:oak_planks":12,"minecraft:oak_sign":3,"minecraft:crafting_table":2,"minecraft:wooden_pickaxe":1,"minecraft:furnace":1,"minecraft:stone_axe":1,"minecraft:paper":3,"minecraft:iron_axe":1,"minecraft:stick":20,"minecraft:iron_pickaxe":1,"minecraft:stone_pickaxe":1,"minecraft:wooden_axe":1,"minecraft:chest":2,"minecraft:torch":16,"minecraft:dark_oak_planks":28},"minecraft:picked_up":{"minecraft:crafting_table":5,"minecraft:iron_chestplate":1,"minecraft:feather":4,"minecraft:leather":2,"minecraft:wooden_pickaxe":1,"minecraft:tuff":10,"additionaladditions:rose_gold_sword":2,"minecraft:shield":1,"minecraft:dirt":81,"minecraft:oak_trapdoor":2,"minecraft:paper":3,"minecraft:raw_copper":13,"minecraft:iron_axe":1,"minecraft:iron_leggings":1,"minecraft:bone":2,"additionaladditions:chicken_nugget":1,"minecraft:bow":1,"minecraft:wheat_seeds":6,"minecraft:cobbled_deepslate":12,"minecraft:raw_gold":2,"minecraft:iron_ingot":10,"minecraft:iron_pickaxe":1,"minecraft:chest":2,"minecraft:iron_boots":1,"minecraft:oak_slab":42,"minecraft:copper_ingot":16,"minecraft:dark_oak_log":7,"minecraft:oak_wood":4,"minecraft:stone_shovel":1,"minecraft:iron_helmet":1,"minecraft:granite":11,"minecraft:gold_ingot":8,"minecraft:bread":64,"minecraft:coal":13,"minecraft:white_wool":4,"minecraft:cobblestone":33}},"DataVersion":3337}