{"stats":{"minecraft:used":{"additionaladditions:rose_gold_sword":4,"minecraft:stone_pickaxe":13,"minecraft:oak_sign":2,"minecraft:chest":6,"minecraft:wooden_pickaxe":6,"minecraft:rotten_flesh":2,"minecraft:oak_door":1,"minecraft:iron_chestplate":1,"minecraft:dirt":80,"minecraft:oak_slab":7,"minecraft:crafting_table":6,"minecraft:white_bed":1,"minecraft:oak_wood":1,"minecraft:wooden_axe":1,"minecraft:iron_axe":16,"minecraft:chicken":2,"minecraft:bread":3,"minecraft:iron_pickaxe":12,"minecraft:iron_helmet":1,"minecraft:iron_boots":1,"minecraft:stone_axe":2,"minecraft:furnace":1,"minecraft:egg":1,"minecraft:coarse_dirt":1,"minecraft:iron_leggings":1},"minecraft:dropped":{"minecraft:wheat_seeds":2,"additionaladditions:rose_gold_sword":1},"minecraft:custom":{"minecraft:interact_with_furnace":2,"minecraft:interact_with_crafting_table":17,"minecraft:leave_game":1,"minecraft:time_since_death":42368,"minecraft:climb_one_cm":1534,"minecraft:time_since_rest":42372,"minecraft:sprint_one_cm":100294,"minecraft:damage_taken":270,"minecraft:walk_one_cm":46691,"minecraft:drop":2,"minecraft:damage_dealt":38,"minecraft:fly_one_cm":258019,"minecraft:open_chest":13,"minecraft:crouch_one_cm":19962,"minecraft:play_time":51303,"minecraft:deaths":1,"minecraft:sneak_time":3089,"minecraft:walk_under_water_one_cm":5166,"minecraft:jump":734,"minecraft:walk_on_water_one_cm":1060,"minecraft:total_world_time":51303,"minecraft:fall_one_cm":14269},"minecraft:mined":{"minecraft:oak_slab":3,"minecraft:dark_oak_log":7,"minecraft:crafting_table":5,"minecraft:oak_wood":4,"minecraft:chest":4,"minecraft:coarse_dirt":1,"minecraft:grass":37,"minecraft:oak_log":5,"minecraft:coal_ore":13,"minecraft:dirt":25,"minecraft:stone":6},"minecraft:crafted":{"minecraft:oak_planks":32,"minecraft:oak_sign":3,"minecraft:crafting_table":2,"minecraft:wooden_pickaxe":1,"minecraft:furnace":1,"minecraft:stone_axe":1,"minecraft:paper":3,"minecraft:iron_axe":1,"minecraft:stick":20,"minecraft:iron_pickaxe":1,"minecraft:stone_pickaxe":1,"minecraft:wooden_axe":1,"minecraft:chest":2,"minecraft:white_bed":1,"minecraft:torch":16,"minecraft:dark_oak_planks":28},"minecraft:picked_up":{"minecraft:coarse_dirt":1,"minecraft:crafting_table":5,"minecraft:iron_chestplate":1,"minecraft:feather":8,"minecraft:leather":4,"minecraft:wooden_pickaxe":2,"minecraft:tuff":20,"minecraft:oak_log":5,"additionaladditions:rose_gold_sword":2,"minecraft:shield":1,"minecraft:dirt":153,"minecraft:oak_trapdoor":4,"minecraft:paper":6,"minecraft:raw_copper":26,"minecraft:iron_axe":2,"minecraft:iron_leggings":1,"minecraft:bone":4,"minecraft:oak_sign":1,"additionaladditions:chicken_nugget":2,"minecraft:bow":2,"minecraft:wheat_seeds":10,"minecraft:cobbled_deepslate":24,"minecraft:raw_gold":4,"minecraft:iron_ingot":20,"minecraft:iron_pickaxe":2,"minecraft:chest":4,"minecraft:oak_planks":4,"minecraft:iron_boots":1,"minecraft:oak_slab":83,"minecraft:stick":3,"minecraft:copper_ingot":32,"minecraft:dark_oak_log":7,"minecraft:oak_wood":4,"minecraft:stone_shovel":2,"minecraft:iron_helmet":1,"minecraft:granite":22,"minecraft:gold_ingot":16,"minecraft:bread":125,"minecraft:coal":13,"minecraft:white_wool":4,"minecraft:cobblestone":60}},"DataVersion":3337}