{"stats":{"minecraft:used":{"additionaladditions:rose_gold_sword":71,"minecraft:stone_shovel":5,"minecraft:oak_sign":3,"minecraft:chest":6,"minecraft:rotten_flesh":2,"minecraft:iron_chestplate":1,"minecraft:oak_door":1,"minecraft:dirt":89,"minecraft:oak_wood":1,"minecraft:granite":4,"minecraft:obsidian":31,"minecraft:wooden_axe":1,"minecraft:dark_oak_planks":2,"minecraft:iron_axe":17,"minecraft:iron_helmet":1,"minecraft:iron_boots":1,"minecraft:totem_of_undying":2,"minecraft:honeycomb_block":12,"minecraft:oak_sapling":1,"minecraft:furnace":1,"additionaladditions:rose_gold_helmet":1,"additionaladditions:rose_gold_leggings":1,"additionaladditions:rose_gold_chestplate":1,"minecraft:egg":1,"minecraft:cobbled_deepslate":1,"minecraft:enchanted_golden_apple":21,"minecraft:iron_leggings":1,"minecraft:stone_pickaxe":13,"minecraft:ender_pearl":3,"minecraft:wooden_pickaxe":8,"additionaladditions:rose_gold_boots":1,"minecraft:diamond_axe":86,"additionaladditions:rose_gold_pickaxe":37,"minecraft:oak_slab":11,"minecraft:crafting_table":6,"minecraft:white_bed":1,"minecraft:oak_log":1,"minecraft:dark_oak_log":1,"minecraft:chicken":2,"minecraft:bread":6,"minecraft:iron_pickaxe":84,"minecraft:stone_axe":2,"minecraft:cobblestone":2,"minecraft:smithing_table":1,"minecraft:coarse_dirt":1},"minecraft:dropped":{"minecraft:wheat_seeds":2,"minecraft:totem_of_undying":1,"additionaladditions:rose_gold_sword":1},"minecraft:custom":{"minecraft:interact_with_smithing_table":2,"minecraft:mob_kills":11,"minecraft:interact_with_crafting_table":30,"minecraft:leave_game":2,"minecraft:time_since_death":6117,"minecraft:climb_one_cm":1534,"minecraft:damage_resisted":775,"minecraft:sprint_one_cm":290451,"minecraft:walk_one_cm":109681,"minecraft:drop":3,"minecraft:damage_dealt_absorbed":44,"minecraft:talked_to_villager":1,"minecraft:play_time":119498,"minecraft:deaths":6,"minecraft:sneak_time":6792,"minecraft:walk_under_water_one_cm":10506,"minecraft:jump":1813,"minecraft:walk_on_water_one_cm":14227,"minecraft:total_world_time":119498,"minecraft:interact_with_furnace":10,"minecraft:time_since_rest":6121,"minecraft:damage_taken":2956,"minecraft:damage_absorbed":1279,"minecraft:damage_dealt":5875,"minecraft:swim_one_cm":1339,"minecraft:fly_one_cm":672290,"minecraft:player_kills":3,"minecraft:open_chest":47,"minecraft:crouch_one_cm":42326,"minecraft:fall_one_cm":53721},"minecraft:mined":{"minecraft:oak_sapling":1,"minecraft:dark_oak_log":7,"minecraft:grass_block":2,"the_bumblezone:filled_porous_honeycomb_block":2,"minecraft:spawner":6,"minecraft:cobbled_deepslate":1,"minecraft:andesite":3,"the_bumblezone:honey_crystal":1,"minecraft:stone":36,"minecraft:oak_slab":5,"minecraft:crafting_table":5,"the_bumblezone:pile_of_pollen":18,"minecraft:oak_wood":7,"minecraft:chest":4,"minecraft:copper_ore":12,"minecraft:honeycomb_block":13,"minecraft:coarse_dirt":1,"minecraft:grass":37,"minecraft:coal_ore":33,"minecraft:oak_log":5,"minecraft:dirt":36,"minecraft:oak_leaves":1},"minecraft:crafted":{"minecraft:oak_planks":44,"minecraft:oak_sign":3,"minecraft:furnace":1,"additionaladditions:rose_gold_alloy":2,"minecraft:diamond_helmet":1,"minecraft:diamond_leggings":1,"minecraft:iron_axe":1,"minecraft:stone_pickaxe":1,"minecraft:chest":2,"minecraft:diamond_boots":1,"minecraft:dark_oak_planks":28,"minecraft:diamond_axe":1,"minecraft:crafting_table":2,"minecraft:wooden_pickaxe":1,"minecraft:smithing_table":1,"minecraft:stone_axe":1,"minecraft:air":0,"minecraft:paper":3,"minecraft:diamond_pickaxe":1,"minecraft:stick":44,"minecraft:iron_pickaxe":1,"minecraft:wooden_axe":1,"minecraft:white_bed":1,"minecraft:torch":16,"minecraft:diamond_chestplate":1},"minecraft:killed_by":{"minecraft:player":1,"minecraft:creeper":1,"minecraft:wither":1},"minecraft:broken":{"minecraft:stone_shovel":1},"minecraft:picked_up":{"the_bumblezone:porous_honeycomb_block":6,"minecraft:coarse_dirt":1,"minecraft:crafting_table":5,"minecraft:iron_chestplate":1,"the_bumblezone:honey_crystal_shards":1,"minecraft:wooden_pickaxe":2,"additionaladditions:rose_gold_boots":1,"minecraft:wither_rose":2,"minecraft:shield":1,"minecraft:oak_trapdoor":4,"minecraft:iron_axe":2,"minecraft:raw_copper":69,"minecraft:iron_leggings":1,"minecraft:oak_sign":5,"additionaladditions:chicken_nugget":2,"minecraft:diamond_leggings":1,"minecraft:cobbled_deepslate":25,"minecraft:enchanted_golden_apple":441,"minecraft:iron_pickaxe":2,"minecraft:chest":4,"minecraft:iron_boots":2,"minecraft:stick":5,"minecraft:oak_door":1,"minecraft:copper_ingot":32,"additionaladditions:rose_gold_axe":1,"additionaladditions:rose_gold_alloy":5,"minecraft:honeycomb_block":51,"undergarden:cloggrum_nugget":3,"the_bumblezone:bee_stinger":1,"minecraft:arrow":2,"minecraft:diamond_chestplate":1,"minecraft:stone_shovel":2,"minecraft:diamond_boots":1,"minecraft:gold_ingot":16,"minecraft:totem_of_undying":11,"additionaladditions:rose_gold_helmet":1,"minecraft:obsidian":32,"minecraft:white_wool":27,"minecraft:cobblestone":90,"minecraft:feather":8,"minecraft:andesite":3,"minecraft:leather":4,"minecraft:oak_log":6,"minecraft:tuff":20,"additionaladditions:rose_gold_chestplate":1,"additionaladditions:rose_gold_leggings":1,"additionaladditions:rose_gold_sword":3,"minecraft:gunpowder":2,"minecraft:dirt":175,"minecraft:paper":6,"minecraft:bone":4,"minecraft:bow":2,"minecraft:wheat_seeds":10,"minecraft:raw_gold":4,"minecraft:iron_ingot":20,"undergarden:forgotten_nugget":5,"minecraft:diamond_helmet":1,"minecraft:oak_planks":4,"minecraft:honeycomb":2,"minecraft:oak_slab":85,"additionaladditions:rose_gold_pickaxe":1,"minecraft:dark_oak_log":8,"minecraft:oak_wood":7,"minecraft:sugar":7,"minecraft:slime_ball":4,"minecraft:diamond":112,"minecraft:diamond_axe":1,"minecraft:iron_helmet":1,"the_bumblezone:pollen_puff":106,"minecraft:granite":22,"minecraft:bread":125,"minecraft:oak_sapling":3,"minecraft:coal":33,"minecraft:diamond_pickaxe":1},"minecraft:killed":{"the_bumblezone:honey_slime":5,"minecraft:skeleton":1,"minecraft:bee":1,"minecraft:wandering_trader":1,"minecraft:creeper":2,"the_bumblezone:bee_queen":1}},"DataVersion":3337}