{"stats":{"minecraft:used":{"minecraft:chest":2,"minecraft:spruce_planks":144,"minecraft:iron_sword":18,"minecraft:bell":2,"minecraft:torch":9,"additionaladditions:glow_stick":1,"minecraft:dirt":2,"minecraft:iron_axe":152,"minecraft:iron_helmet":1,"minecraft:furnace":11,"minecraft:egg":1,"minecraft:cooked_beef":1,"minecraft:iron_leggings":1,"minecraft:cooked_mutton":20,"minecraft:birch_planks":21,"minecraft:stone_pickaxe":131,"minecraft:wooden_pickaxe":6,"minecraft:blue_bed":2,"minecraft:fletching_table":3,"minecraft:sand":4,"minecraft:crafting_table":9,"minecraft:white_bed":4,"minecraft:spruce_log":12,"minecraft:black_wool":1,"minecraft:bread":11,"minecraft:iron_pickaxe":100,"minecraft:spruce_trapdoor":1,"minecraft:stone_axe":75,"minecraft:cobblestone":28,"minecraft:purple_bed":1,"minecraft:andesite":6},"minecraft:dropped":{"minecraft:wheat_seeds":2,"minecraft:granite":1,"minecraft:flint":1,"minecraft:diorite":1,"minecraft:brown_wool":1,"minecraft:gravel":7,"minecraft:chicken":1,"minecraft:white_carpet":3,"minecraft:rotten_flesh":3,"additionaladditions:glow_stick":2,"minecraft:spruce_log":3,"minecraft:wooden_pickaxe":1},"minecraft:custom":{"minecraft:mob_kills":49,"minecraft:interact_with_crafting_table":25,"minecraft:bell_ring":94,"minecraft:leave_game":2,"minecraft:time_since_death":22471,"minecraft:climb_one_cm":219,"minecraft:sprint_one_cm":486387,"minecraft:walk_one_cm":143419,"minecraft:drop":14,"minecraft:talked_to_villager":6,"minecraft:play_time":109037,"minecraft:deaths":1,"minecraft:sneak_time":4790,"minecraft:walk_under_water_one_cm":1061,"minecraft:jump":3093,"minecraft:walk_on_water_one_cm":10436,"minecraft:total_world_time":109037,"minecraft:interact_with_furnace":61,"minecraft:traded_with_villager":2,"minecraft:time_since_rest":22476,"minecraft:damage_taken":1358,"minecraft:damage_dealt":5936,"minecraft:swim_one_cm":11203,"minecraft:fly_one_cm":794146,"minecraft:open_chest":23,"minecraft:crouch_one_cm":16871,"minecraft:fall_one_cm":104526,"minecraft:horse_one_cm":165404},"minecraft:mined":{"minecraft:spruce_planks":6,"minecraft:cobblestone_stairs":4,"minecraft:glow_lichen":1,"minecraft:spruce_trapdoor":4,"minecraft:granite":1,"minecraft:grass_block":2,"minecraft:spruce_leaves":37,"minecraft:cartography_table":1,"minecraft:composter":3,"minecraft:moss_block":1,"minecraft:spawner":1,"minecraft:large_fern":1,"minecraft:hay_block":17,"minecraft:furnace":9,"additionaladditions:glow_stick":2,"minecraft:iron_ore":73,"minecraft:andesite":9,"minecraft:fletching_table":1,"minecraft:gold_block":1,"minecraft:bell":2,"minecraft:water_cauldron":2,"minecraft:azalea":1,"minecraft:stone":45,"minecraft:light_gray_carpet":3,"minecraft:red_bed":1,"minecraft:crafting_table":8,"minecraft:torch":1,"minecraft:campfire":1,"minecraft:cobblestone":13,"minecraft:lapis_ore":5,"minecraft:grindstone":1,"minecraft:sugar_cane":4,"minecraft:diorite":1,"minecraft:blue_bed":2,"minecraft:birch_planks":6,"minecraft:purple_bed":1,"minecraft:birch_log":7,"minecraft:white_carpet":9,"minecraft:spruce_log":105,"minecraft:grass":8,"minecraft:coal_ore":52,"minecraft:dripstone_block":1,"minecraft:sand":4,"minecraft:gravel":8,"minecraft:gold_ore":8,"minecraft:oak_leaves":4,"minecraft:fern":2},"minecraft:crafted":{"minecraft:furnace":2,"minecraft:cooked_mutton":14,"minecraft:iron_boots":1,"minecraft:iron_axe":1,"minecraft:stone_pickaxe":1,"minecraft:chest":2,"minecraft:cooked_beef":41,"minecraft:emerald":2,"minecraft:crafting_table":2,"minecraft:spruce_planks":232,"minecraft:iron_helmet":1,"minecraft:wooden_pickaxe":1,"minecraft:iron_sword":1,"minecraft:fletching_table":2,"minecraft:birch_planks":28,"minecraft:stone_axe":1,"minecraft:air":0,"minecraft:iron_chestplate":1,"minecraft:shield":1,"minecraft:stick":68,"minecraft:iron_ingot":55,"minecraft:iron_pickaxe":1,"minecraft:iron_leggings":1,"minecraft:white_bed":4,"minecraft:torch":8},"minecraft:killed_by":{"minecraft:zombie":1},"minecraft:broken":{"minecraft:stone_pickaxe":1,"minecraft:stone_axe":1},"minecraft:picked_up":{"minecraft:charcoal":2,"minecraft:crafting_table":8,"minecraft:chicken":1,"minecraft:gold_block":1,"minecraft:string":1,"minecraft:white_carpet":3,"additionaladditions:chicken_nugget":1,"minecraft:spruce_planks":6,"minecraft:beef":42,"minecraft:sugar_cane":14,"minecraft:spruce_trapdoor":4,"minecraft:egg":1,"minecraft:furnace":9,"minecraft:stick":14,"minecraft:raw_iron":72,"minecraft:composter":3,"minecraft:torch":4,"minecraft:porkchop":9,"minecraft:diorite":1,"minecraft:cauldron":2,"minecraft:rotten_flesh":4,"additionaladditions:glow_stick":5,"minecraft:hay_block":17,"minecraft:mutton":36,"minecraft:white_wool":13,"minecraft:cobblestone":57,"minecraft:birch_log":7,"minecraft:andesite":9,"minecraft:leather":18,"minecraft:brown_wool":1,"minecraft:birch_planks":6,"minecraft:flint":1,"minecraft:gunpowder":4,"minecraft:cobblestone_stairs":4,"minecraft:lapis_lazuli":40,"minecraft:dirt":2,"minecraft:blue_bed":2,"minecraft:cooked_mutton":6,"minecraft:wheat_seeds":3,"minecraft:raw_gold":8,"minecraft:bell":2,"minecraft:grindstone":1,"minecraft:fletching_table":1,"minecraft:dripstone_block":1,"minecraft:gravel":7,"minecraft:sand":4,"minecraft:spruce_sapling":27,"minecraft:spruce_log":104,"minecraft:spider_eye":1,"minecraft:purple_bed":1,"minecraft:granite":1,"minecraft:bread":2,"minecraft:black_wool":1,"minecraft:coal":175},"minecraft:killed":{"minecraft:spider":1,"minecraft:chicken":1,"minecraft:pig":5,"minecraft:creeper":3,"minecraft:sheep":15,"minecraft:zombie":5,"minecraft:enderman":1,"minecraft:cow":18}},"DataVersion":3337}