{"stats":{"minecraft:used":{"minecraft:spruce_slab":5,"minecraft:chest":4,"minecraft:spruce_planks":163,"minecraft:iron_sword":54,"minecraft:bell":2,"minecraft:torch":12,"additionaladditions:glow_stick":1,"minecraft:dirt":7,"minecraft:iron_axe":163,"minecraft:iron_helmet":1,"minecraft:furnace":11,"minecraft:egg":1,"minecraft:cooked_beef":12,"minecraft:cobbled_deepslate":50,"minecraft:iron_leggings":1,"minecraft:cooked_mutton":20,"minecraft:birch_planks":21,"minecraft:stone_pickaxe":131,"minecraft:wooden_pickaxe":6,"minecraft:blue_bed":2,"minecraft:fletching_table":3,"minecraft:sand":4,"minecraft:crafting_table":10,"minecraft:white_bed":4,"minecraft:spruce_log":12,"minecraft:black_wool":1,"minecraft:bread":14,"minecraft:iron_pickaxe":279,"minecraft:spruce_trapdoor":1,"minecraft:stone_axe":75,"minecraft:cobblestone":80,"minecraft:purple_bed":1,"minecraft:andesite":6},"minecraft:custom":{"minecraft:mob_kills":58,"minecraft:interact_with_crafting_table":28,"minecraft:bell_ring":94,"minecraft:leave_game":5,"minecraft:time_since_death":660,"minecraft:climb_one_cm":261,"minecraft:sprint_one_cm":647831,"minecraft:walk_one_cm":203303,"minecraft:drop":27,"minecraft:talked_to_villager":7,"minecraft:play_time":143884,"minecraft:deaths":2,"minecraft:sneak_time":8400,"minecraft:walk_under_water_one_cm":1061,"minecraft:jump":4373,"minecraft:walk_on_water_one_cm":12900,"minecraft:total_world_time":143884,"minecraft:interact_with_furnace":61,"minecraft:traded_with_villager":2,"minecraft:time_since_rest":663,"minecraft:damage_taken":2460,"minecraft:damage_dealt":7782,"minecraft:swim_one_cm":11203,"minecraft:fly_one_cm":1001258,"minecraft:open_chest":35,"minecraft:crouch_one_cm":26655,"minecraft:fall_one_cm":140488,"minecraft:horse_one_cm":165404},"minecraft:dropped":{"minecraft:iron_sword":1,"minecraft:wheat_seeds":2,"minecraft:dripstone_block":1,"minecraft:granite":1,"minecraft:flint":1,"minecraft:dirt":4,"minecraft:diorite":4,"minecraft:brown_wool":1,"minecraft:string":3,"minecraft:gravel":7,"minecraft:wheat":5,"minecraft:chicken":1,"minecraft:white_carpet":3,"minecraft:rotten_flesh":6,"additionaladditions:glow_stick":2,"minecraft:andesite":9,"minecraft:spider_eye":1,"minecraft:spruce_log":3,"minecraft:wooden_pickaxe":1},"minecraft:mined":{"minecraft:tuff":5,"minecraft:spruce_planks":15,"minecraft:deepslate_diamond_ore":2,"minecraft:cobblestone_stairs":4,"minecraft:glow_lichen":1,"minecraft:spruce_trapdoor":4,"minecraft:granite":2,"minecraft:grass_block":4,"minecraft:spruce_leaves":40,"minecraft:cartography_table":1,"minecraft:moss_block":1,"minecraft:composter":4,"minecraft:spawner":1,"minecraft:large_fern":1,"minecraft:hay_block":17,"minecraft:furnace":9,"additionaladditions:glow_stick":2,"minecraft:iron_ore":73,"minecraft:andesite":41,"minecraft:fletching_table":1,"minecraft:gold_block":1,"minecraft:bell":2,"minecraft:water_cauldron":2,"minecraft:azalea":1,"minecraft:stone":96,"minecraft:light_gray_carpet":3,"minecraft:red_bed":1,"minecraft:clay":2,"minecraft:crafting_table":9,"minecraft:torch":3,"minecraft:campfire":1,"minecraft:tall_grass":2,"minecraft:cobblestone":13,"minecraft:lapis_ore":13,"minecraft:deepslate_gold_ore":4,"minecraft:grindstone":1,"minecraft:sugar_cane":4,"minecraft:diorite":4,"minecraft:blue_bed":2,"minecraft:birch_planks":6,"minecraft:purple_bed":1,"minecraft:birch_log":7,"minecraft:white_carpet":9,"minecraft:spruce_log":105,"minecraft:grass":8,"minecraft:coal_ore":52,"minecraft:dripstone_block":1,"minecraft:gravel":8,"minecraft:sand":4,"minecraft:dirt":9,"minecraft:gold_ore":16,"minecraft:oak_leaves":4,"minecraft:deepslate":57,"minecraft:fern":2},"minecraft:crafted":{"minecraft:furnace":2,"minecraft:cooked_mutton":14,"minecraft:iron_boots":1,"minecraft:iron_axe":1,"minecraft:spruce_slab":6,"minecraft:stone_pickaxe":1,"minecraft:chest":4,"minecraft:cooked_beef":41,"minecraft:emerald":2,"minecraft:crafting_table":2,"minecraft:spruce_planks":248,"minecraft:wooden_pickaxe":1,"minecraft:iron_helmet":1,"minecraft:iron_sword":1,"minecraft:fletching_table":2,"minecraft:birch_planks":28,"minecraft:stone_axe":1,"minecraft:air":0,"minecraft:iron_chestplate":1,"minecraft:shield":1,"minecraft:stick":68,"minecraft:iron_ingot":55,"minecraft:iron_pickaxe":2,"minecraft:iron_leggings":1,"minecraft:white_bed":4,"minecraft:torch":8},"minecraft:killed_by":{"minecraft:creeper":1,"minecraft:zombie":1},"minecraft:broken":{"minecraft:stone_pickaxe":1,"minecraft:stone_axe":1},"minecraft:picked_up":{"minecraft:charcoal":2,"minecraft:crafting_table":10,"minecraft:iron_chestplate":1,"minecraft:chicken":1,"minecraft:gold_block":1,"minecraft:shield":1,"minecraft:string":1,"minecraft:iron_axe":1,"minecraft:iron_leggings":1,"minecraft:white_carpet":3,"additionaladditions:chicken_nugget":1,"minecraft:cobbled_deepslate":50,"minecraft:spruce_planks":15,"minecraft:beef":42,"minecraft:iron_pickaxe":1,"minecraft:sugar_cane":14,"minecraft:furnace":9,"minecraft:spruce_trapdoor":4,"minecraft:egg":1,"minecraft:iron_boots":1,"minecraft:stick":17,"minecraft:raw_iron":72,"minecraft:composter":4,"minecraft:torch":6,"minecraft:porkchop":9,"minecraft:diorite":7,"minecraft:cauldron":2,"minecraft:arrow":7,"minecraft:rotten_flesh":6,"additionaladditions:glow_stick":5,"minecraft:hay_block":17,"minecraft:mutton":36,"minecraft:white_wool":13,"minecraft:cobblestone":105,"minecraft:birch_log":7,"minecraft:cooked_beef":40,"minecraft:andesite":18,"minecraft:brown_wool":1,"minecraft:leather":18,"minecraft:birch_planks":6,"minecraft:flint":1,"minecraft:gunpowder":4,"minecraft:cobblestone_stairs":4,"minecraft:dirt":11,"minecraft:lapis_lazuli":93,"minecraft:blue_bed":2,"minecraft:cooked_mutton":6,"minecraft:bone":6,"minecraft:wheat_seeds":3,"minecraft:raw_gold":20,"minecraft:bell":2,"minecraft:grindstone":1,"minecraft:iron_ingot":24,"minecraft:fletching_table":1,"minecraft:iron_sword":2,"minecraft:dripstone_block":1,"minecraft:gravel":7,"minecraft:sand":4,"minecraft:spruce_sapling":27,"minecraft:spruce_log":135,"minecraft:spider_eye":1,"minecraft:purple_bed":1,"minecraft:diamond":2,"minecraft:iron_helmet":1,"minecraft:granite":1,"minecraft:emerald":2,"minecraft:bread":2,"minecraft:black_wool":1,"minecraft:coal":175,"minecraft:ender_pearl":1},"minecraft:killed":{"minecraft:spider":1,"minecraft:skeleton":6,"minecraft:chicken":1,"minecraft:pig":5,"minecraft:creeper":3,"minecraft:sheep":15,"minecraft:zombie":7,"minecraft:cow":18,"minecraft:enderman":2}},"DataVersion":3337}