{"stats":{"minecraft:used":{"minecraft:cooked_mutton":18,"minecraft:birch_planks":21,"minecraft:stone_pickaxe":131,"minecraft:spruce_planks":96,"minecraft:chest":2,"minecraft:wooden_pickaxe":6,"minecraft:blue_bed":2,"minecraft:torch":5,"additionaladditions:glow_stick":1,"minecraft:sand":4,"minecraft:dirt":2,"minecraft:crafting_table":8,"minecraft:white_bed":4,"minecraft:spruce_log":8,"minecraft:black_wool":1,"minecraft:bread":2,"minecraft:iron_axe":92,"minecraft:iron_pickaxe":66,"minecraft:iron_helmet":1,"minecraft:spruce_trapdoor":1,"minecraft:stone_axe":75,"minecraft:cobblestone":27,"minecraft:purple_bed":1,"minecraft:furnace":11,"minecraft:andesite":6,"minecraft:egg":1,"minecraft:iron_leggings":1},"minecraft:custom":{"minecraft:interact_with_furnace":60,"minecraft:mob_kills":44,"minecraft:interact_with_crafting_table":23,"minecraft:leave_game":2,"minecraft:time_since_death":79037,"minecraft:climb_one_cm":219,"minecraft:time_since_rest":79037,"minecraft:sprint_one_cm":384545,"minecraft:damage_taken":568,"minecraft:walk_one_cm":103035,"minecraft:drop":12,"minecraft:damage_dealt":4837,"minecraft:swim_one_cm":11203,"minecraft:fly_one_cm":708240,"minecraft:open_chest":15,"minecraft:crouch_one_cm":12473,"minecraft:play_time":79037,"minecraft:sneak_time":3740,"minecraft:walk_under_water_one_cm":1061,"minecraft:jump":2670,"minecraft:walk_on_water_one_cm":8377,"minecraft:total_world_time":79037,"minecraft:fall_one_cm":89792,"minecraft:horse_one_cm":165404},"minecraft:dropped":{"minecraft:gravel":7,"minecraft:chicken":1,"minecraft:white_carpet":3,"minecraft:rotten_flesh":3,"minecraft:granite":1,"additionaladditions:glow_stick":2,"minecraft:flint":1,"minecraft:diorite":1,"minecraft:brown_wool":1,"minecraft:spruce_log":3,"minecraft:wooden_pickaxe":1},"minecraft:mined":{"minecraft:light_gray_carpet":3,"minecraft:spruce_planks":1,"minecraft:red_bed":1,"minecraft:cobblestone_stairs":4,"minecraft:spruce_trapdoor":4,"minecraft:crafting_table":7,"minecraft:glow_lichen":1,"minecraft:granite":1,"minecraft:grass_block":2,"minecraft:campfire":1,"minecraft:cobblestone":13,"minecraft:grindstone":1,"minecraft:spruce_leaves":32,"minecraft:lapis_ore":5,"minecraft:moss_block":1,"minecraft:sugar_cane":4,"minecraft:composter":3,"minecraft:cartography_table":1,"minecraft:diorite":1,"minecraft:blue_bed":2,"minecraft:spawner":1,"minecraft:hay_block":17,"minecraft:purple_bed":1,"minecraft:birch_planks":6,"minecraft:furnace":9,"additionaladditions:glow_stick":2,"minecraft:birch_log":7,"minecraft:iron_ore":58,"minecraft:white_carpet":9,"minecraft:spruce_log":60,"minecraft:andesite":9,"minecraft:gold_block":1,"minecraft:grass":7,"minecraft:coal_ore":41,"minecraft:water_cauldron":2,"minecraft:gravel":8,"minecraft:sand":4,"minecraft:stone":40,"minecraft:fern":1,"minecraft:gold_ore":8,"minecraft:oak_leaves":4},"minecraft:crafted":{"minecraft:cooked_beef":41,"minecraft:crafting_table":1,"minecraft:spruce_planks":140,"minecraft:wooden_pickaxe":1,"minecraft:iron_helmet":1,"minecraft:furnace":2,"minecraft:birch_planks":28,"minecraft:stone_axe":1,"minecraft:air":0,"minecraft:cooked_mutton":14,"minecraft:iron_boots":1,"minecraft:iron_chestplate":1,"minecraft:iron_axe":1,"minecraft:stick":12,"minecraft:iron_ingot":55,"minecraft:iron_pickaxe":1,"minecraft:stone_pickaxe":1,"minecraft:chest":2,"minecraft:iron_leggings":1,"minecraft:white_bed":4,"minecraft:torch":4},"minecraft:picked_up":{"minecraft:birch_log":7,"minecraft:charcoal":2,"minecraft:crafting_table":7,"minecraft:chicken":1,"minecraft:andesite":9,"minecraft:brown_wool":1,"minecraft:leather":17,"minecraft:birch_planks":6,"minecraft:gold_block":1,"minecraft:flint":1,"minecraft:gunpowder":2,"minecraft:cobblestone_stairs":4,"minecraft:blue_bed":2,"minecraft:lapis_lazuli":40,"minecraft:dirt":2,"minecraft:cooked_mutton":6,"minecraft:white_carpet":3,"additionaladditions:chicken_nugget":1,"minecraft:wheat_seeds":1,"minecraft:raw_gold":8,"minecraft:spruce_planks":1,"minecraft:grindstone":1,"minecraft:beef":41,"minecraft:sugar_cane":14,"minecraft:spruce_trapdoor":4,"minecraft:furnace":9,"minecraft:egg":1,"minecraft:stick":12,"minecraft:raw_iron":57,"minecraft:composter":3,"minecraft:torch":2,"minecraft:gravel":7,"minecraft:porkchop":9,"minecraft:sand":4,"minecraft:spruce_sapling":23,"minecraft:diorite":1,"minecraft:spruce_log":60,"minecraft:cauldron":2,"minecraft:purple_bed":1,"minecraft:rotten_flesh":3,"additionaladditions:glow_stick":5,"minecraft:hay_block":17,"minecraft:granite":1,"minecraft:bread":2,"minecraft:black_wool":1,"minecraft:mutton":36,"minecraft:coal":164,"minecraft:white_wool":13,"minecraft:cobblestone":52},"minecraft:broken":{"minecraft:stone_pickaxe":1,"minecraft:stone_axe":1},"minecraft:killed":{"minecraft:pig":5,"minecraft:creeper":2,"minecraft:sheep":15,"minecraft:zombie":3,"minecraft:chicken":1,"minecraft:enderman":1,"minecraft:cow":17}},"DataVersion":3337}