{"stats":{"minecraft:used":{"minecraft:bread":9,"minecraft:iron_boots":1,"minecraft:totem_of_undying":4,"minecraft:iron_chestplate":1,"minecraft:dirt":6,"minecraft:honeycomb_block":186,"minecraft:crafting_table":2,"minecraft:iron_leggings":1},"minecraft:dropped":{"minecraft:poppy":1,"minecraft:wheat_seeds":2,"minecraft:honeycomb_block":60},"minecraft:custom":{"minecraft:time_since_rest":7350,"minecraft:sprint_one_cm":63501,"minecraft:damage_taken":1612,"minecraft:walk_one_cm":42151,"minecraft:damage_absorbed":208,"minecraft:drop":4,"minecraft:damage_dealt":473,"minecraft:swim_one_cm":3942,"minecraft:interact_with_crafting_table":3,"minecraft:fly_one_cm":168182,"minecraft:open_chest":3,"minecraft:crouch_one_cm":5224,"minecraft:play_time":31148,"minecraft:deaths":2,"minecraft:sneak_time":2294,"minecraft:walk_under_water_one_cm":2094,"minecraft:boat_one_cm":46879,"minecraft:jump":731,"minecraft:walk_on_water_one_cm":4642,"minecraft:time_since_death":7344,"minecraft:total_world_time":31148,"minecraft:climb_one_cm":696,"minecraft:fall_one_cm":24469},"minecraft:mined":{"minecraft:dark_oak_log":1,"the_bumblezone:pile_of_pollen":7,"minecraft:grass":4,"minecraft:grass_block":1,"minecraft:oak_wood":3,"minecraft:dirt":8,"minecraft:tall_grass":1,"minecraft:honeycomb_block":1,"minecraft:sugar_cane":8,"minecraft:oak_wall_sign":3},"minecraft:crafted":{"minecraft:oak_planks":12,"minecraft:diamond_sword":1,"minecraft:diamond_helmet":1,"minecraft:diamond_leggings":1,"minecraft:diamond_pickaxe":1,"minecraft:diamond_axe":1,"minecraft:crafting_table":2,"minecraft:stick":12,"minecraft:diamond_boots":1,"minecraft:diamond_shovel":1,"minecraft:dark_oak_planks":4,"minecraft:diamond_chestplate":1},"minecraft:killed_by":{"minecraft:creeper":1},"minecraft:picked_up":{"minecraft:honeycomb_block":316,"minecraft:dark_oak_log":1,"minecraft:dirt":6,"minecraft:oak_wood":3,"minecraft:wheat_seeds":3,"the_bumblezone:pollen_puff":12,"minecraft:totem_of_undying":4,"minecraft:poppy":1,"minecraft:sugar_cane":33,"minecraft:cobblestone":56}},"DataVersion":3337}