{"stats":{"minecraft:used":{"minecraft:oak_fence":1,"minecraft:diamond_boots":1,"minecraft:stone_pickaxe":75,"minecraft:wooden_pickaxe":24,"minecraft:shield":14,"minecraft:torch":1,"minecraft:crafting_table":10,"minecraft:diamond_helmet":1,"minecraft:wooden_axe":13,"minecraft:diamond_pickaxe":111,"minecraft:bread":1,"minecraft:iron_axe":40,"minecraft:iron_pickaxe":20,"minecraft:stone_axe":3,"minecraft:cobblestone":14,"minecraft:furnace":3,"minecraft:cooked_porkchop":4,"minecraft:diamond_leggings":1},"minecraft:mined":{"minecraft:diamond_ore":5,"minecraft:deepslate_diamond_ore":21,"minecraft:oak_fence":1,"minecraft:crafting_table":10,"minecraft:short_grass":8,"minecraft:acacia_log":4,"minecraft:grass_block":1,"minecraft:dead_bush":1,"minecraft:cobblestone":1,"minecraft:lapis_ore":6,"minecraft:sugar_cane":1,"minecraft:oak_planks":17,"minecraft:wall_torch":1,"minecraft:furnace":3,"minecraft:iron_ore":13,"minecraft:coal_ore":6,"minecraft:dirt":6,"minecraft:sand":3,"minecraft:stone":100,"minecraft:deepslate":68},"minecraft:killed_by":{"minecraft:husk":1,"minecraft:skeleton":1,"minecraft:enderman":1},"minecraft:dropped":{"minecraft:wheat_seeds":1,"minecraft:rotten_flesh":2,"minecraft:wooden_axe":1,"minecraft:wooden_pickaxe":1},"minecraft:picked_up":{"minecraft:crafting_table":10,"minecraft:lapis_lazuli":41,"minecraft:dirt":7,"minecraft:bone":1,"minecraft:wheat_seeds":1,"minecraft:cobbled_deepslate":68,"minecraft:sugar_cane":3,"minecraft:oak_planks":16,"minecraft:furnace":3,"minecraft:stick":2,"minecraft:raw_iron":18,"minecraft:oak_fence":1,"minecraft:torch":1,"minecraft:acacia_log":4,"minecraft:porkchop":9,"minecraft:sand":3,"minecraft:arrow":2,"minecraft:rotten_flesh":4,"minecraft:diamond":26,"minecraft:totem_of_undying":1,"minecraft:coal":11,"minecraft:cobblestone":101},"minecraft:crafted":{"minecraft:cooked_porkchop":9,"minecraft:crafting_table":1,"minecraft:wooden_pickaxe":1,"minecraft:furnace":1,"minecraft:stone_axe":1,"minecraft:air":0,"minecraft:diamond_helmet":1,"minecraft:diamond_leggings":1,"minecraft:diamond_pickaxe":1,"minecraft:shield":1,"minecraft:iron_axe":1,"minecraft:stick":12,"minecraft:iron_ingot":8,"minecraft:iron_pickaxe":1,"minecraft:stone_pickaxe":1,"minecraft:wooden_axe":1,"minecraft:diamond_boots":1,"minecraft:acacia_planks":16},"minecraft:custom":{"minecraft:interact_with_furnace":18,"minecraft:mob_kills":11,"minecraft:interact_with_crafting_table":20,"minecraft:time_since_death":825,"minecraft:time_since_rest":845,"minecraft:sprint_one_cm":48435,"minecraft:damage_taken":1080,"minecraft:walk_one_cm":32211,"minecraft:damage_blocked_by_shield":1021,"minecraft:drop":5,"minecraft:damage_dealt":1709,"minecraft:swim_one_cm":10775,"minecraft:fly_one_cm":75401,"minecraft:crouch_one_cm":7538,"minecraft:play_time":29806,"minecraft:deaths":3,"minecraft:sneak_time":4234,"minecraft:walk_under_water_one_cm":561,"minecraft:jump":293,"minecraft:walk_on_water_one_cm":778,"minecraft:total_world_time":29806,"minecraft:fall_one_cm":3319},"minecraft:killed":{"minecraft:pig":5,"minecraft:creeper":1,"minecraft:skeleton":3,"minecraft:zombie":2}},"DataVersion":3700}