{"stats":{"minecraft:used":{"minecraft:stone_sword":20,"minecraft:enchanting_table":3,"minecraft:poppy":1,"minecraft:chest":1,"minecraft:shield":7,"minecraft:iron_sword":32,"minecraft:torch":42,"minecraft:dirt":448,"minecraft:tuff":25,"minecraft:granite":13,"minecraft:wooden_axe":8,"minecraft:birch_door":30,"minecraft:iron_axe":55,"minecraft:iron_boots":1,"minecraft:totem_of_undying":2,"minecraft:light_gray_wool":1,"minecraft:basalt":6,"minecraft:beef":1,"minecraft:furnace":17,"minecraft:egg":3,"minecraft:cooked_beef":18,"minecraft:cobbled_deepslate":195,"minecraft:acacia_planks":43,"minecraft:acacia_boat":4,"minecraft:water_bucket":62,"minecraft:diorite":5,"minecraft:birch_planks":12,"minecraft:stone_pickaxe":62,"minecraft:oak_planks":107,"minecraft:wooden_pickaxe":29,"minecraft:sugar_cane":26,"minecraft:diamond_axe":30,"minecraft:white_wool":2,"minecraft:crafting_table":21,"minecraft:diamond_pickaxe":373,"minecraft:diamond_shovel":820,"minecraft:acacia_door":3,"minecraft:bread":20,"minecraft:iron_pickaxe":649,"minecraft:stone_axe":77,"minecraft:diamond_sword":21,"minecraft:cobblestone":142,"minecraft:bucket":64},"minecraft:custom":{"minecraft:mob_kills":35,"minecraft:interact_with_crafting_table":70,"minecraft:leave_game":14,"minecraft:time_since_death":96272,"minecraft:sprint_one_cm":408851,"minecraft:walk_one_cm":264989,"minecraft:damage_blocked_by_shield":435,"minecraft:drop":105,"minecraft:damage_dealt_absorbed":286,"minecraft:play_time":188181,"minecraft:deaths":2,"minecraft:sneak_time":15072,"minecraft:walk_under_water_one_cm":36073,"minecraft:boat_one_cm":77520,"the_bumblezone:bumble_bee_chestplate_fly_time":171,"minecraft:jump":2734,"minecraft:enchant_item":14,"minecraft:walk_on_water_one_cm":50987,"minecraft:total_world_time":188181,"minecraft:interact_with_furnace":116,"minecraft:time_since_rest":96278,"minecraft:damage_taken":2475,"minecraft:damage_absorbed":10,"minecraft:damage_dealt":4310,"minecraft:swim_one_cm":196932,"minecraft:player_kills":1,"minecraft:fly_one_cm":571767,"minecraft:open_chest":7,"minecraft:crouch_one_cm":42893,"minecraft:fall_one_cm":60534},"minecraft:dropped":{"minecraft:iron_ingot":1,"minecraft:acacia_boat":1,"minecraft:iron_sword":1,"minecraft:birch_planks":2,"minecraft:wheat_seeds":23,"minecraft:lapis_lazuli":46,"minecraft:crafting_table":1,"minecraft:diamond_leggings":1,"minecraft:cobblestone":8,"minecraft:iron_helmet":2,"minecraft:leather":4,"minecraft:granite":8,"minecraft:coal":2,"minecraft:stick":14,"minecraft:dirt":18,"minecraft:gray_wool":1,"minecraft:diorite":9,"minecraft:torch":2,"minecraft:mutton":2,"minecraft:rose_bush":1,"minecraft:iron_leggings":3,"minecraft:sand":2,"minecraft:acacia_door":1,"minecraft:white_wool":2,"minecraft:dandelion":4,"minecraft:redstone":5,"minecraft:gravel":2,"minecraft:stone_axe":2,"minecraft:sugar_cane":3,"minecraft:cobbled_deepslate":39,"minecraft:raw_iron":26,"minecraft:iron_boots":2,"the_bumblezone:bumble_bee_chestplate_2":1,"minecraft:iron_chestplate":1,"minecraft:andesite":16,"minecraft:sandstone":1,"minecraft:wooden_pickaxe":1,"minecraft:arrow":2,"minecraft:raw_gold":5,"minecraft:netherrack":1},"minecraft:mined":{"minecraft:diamond_ore":2,"minecraft:tuff":25,"minecraft:deepslate_diamond_ore":44,"minecraft:obsidian":11,"minecraft:granite":24,"minecraft:grass_block":543,"minecraft:oxeye_daisy":1,"minecraft:sandstone":1,"minecraft:tall_seagrass":1,"minecraft:redstone_ore":2,"minecraft:furnace":13,"minecraft:iron_ore":124,"minecraft:cobbled_deepslate":16,"minecraft:fire":1,"minecraft:acacia_wood":15,"minecraft:andesite":29,"minecraft:enchanting_table":1,"minecraft:dirt_path":3,"minecraft:cave_vines":1,"minecraft:deepslate_iron_ore":16,"minecraft:stone":284,"minecraft:basalt":6,"minecraft:dandelion":4,"minecraft:clay":13,"minecraft:crafting_table":19,"minecraft:torch":9,"minecraft:poppy":1,"minecraft:rose_bush":2,"minecraft:tall_grass":33,"minecraft:cobblestone":12,"minecraft:lapis_ore":12,"minecraft:deepslate_gold_ore":5,"minecraft:oak_planks":2,"minecraft:sugar_cane":23,"minecraft:diorite":18,"minecraft:wall_torch":3,"minecraft:birch_planks":4,"minecraft:birch_log":31,"minecraft:birch_door":24,"minecraft:grass":365,"minecraft:oak_log":44,"minecraft:coal_ore":75,"minecraft:gravel":4,"minecraft:acacia_door":3,"minecraft:sand":2,"minecraft:dirt":236,"minecraft:netherrack":1,"minecraft:gold_ore":1,"minecraft:oak_leaves":10,"minecraft:deepslate":328},"minecraft:crafted":{"minecraft:oak_planks":164,"minecraft:furnace":7,"minecraft:diamond_shovel":1,"minecraft:cooked_mutton":9,"minecraft:diamond_helmet":1,"minecraft:diamond_leggings":1,"minecraft:iron_boots":2,"minecraft:iron_axe":1,"minecraft:stone_pickaxe":2,"minecraft:chest":1,"minecraft:diamond_boots":1,"minecraft:birch_door":12,"minecraft:cooked_beef":28,"minecraft:diamond_sword":1,"minecraft:diamond_axe":1,"minecraft:crafting_table":4,"minecraft:enchanting_table":2,"minecraft:wooden_pickaxe":2,"minecraft:iron_helmet":1,"minecraft:iron_sword":1,"minecraft:bucket":3,"minecraft:birch_planks":76,"minecraft:stone_axe":2,"minecraft:acacia_boat":1,"minecraft:air":0,"minecraft:iron_chestplate":2,"minecraft:book":5,"minecraft:paper":18,"minecraft:diamond_pickaxe":2,"minecraft:shield":2,"minecraft:stick":64,"minecraft:iron_ingot":76,"minecraft:iron_pickaxe":4,"minecraft:wooden_axe":1,"minecraft:stone_sword":1,"minecraft:acacia_door":3,"minecraft:iron_leggings":1,"minecraft:acacia_planks":60,"minecraft:torch":40,"minecraft:diamond_chestplate":1},"minecraft:killed_by":{"minecraft:skeleton":2},"minecraft:picked_up":{"minecraft:crafting_table":19,"minecraft:iron_chestplate":1,"minecraft:birch_door":25,"minecraft:chicken":1,"minecraft:clay_ball":52,"immersive_aircraft:biplane":1,"minecraft:iron_axe":1,"minecraft:acacia_door":3,"minecraft:iron_leggings":2,"minecraft:diamond_leggings":1,"minecraft:cobbled_deepslate":341,"minecraft:beef":31,"minecraft:rose_bush":1,"minecraft:poppy":1,"minecraft:coal_block":63,"minecraft:light_gray_wool":1,"minecraft:sugar_cane":58,"minecraft:furnace":13,"minecraft:iron_boots":1,"minecraft:egg":4,"the_bumblezone:bumble_bee_chestplate_2":1,"minecraft:stick":9,"minecraft:raw_iron":145,"minecraft:sandstone":1,"minecraft:torch":16,"minecraft:diorite":17,"minecraft:redstone":9,"minecraft:arrow":2,"minecraft:rotten_flesh":1,"minecraft:totem_of_undying":2,"minecraft:obsidian":11,"minecraft:mutton":21,"minecraft:white_wool":11,"minecraft:cobblestone":298,"minecraft:birch_log":40,"minecraft:enchanting_table":1,"minecraft:feather":2,"minecraft:basalt":6,"minecraft:andesite":28,"minecraft:salmon":1,"minecraft:leather":21,"minecraft:acacia_wood":15,"minecraft:birch_planks":3,"minecraft:tuff":25,"minecraft:oak_log":47,"minecraft:acacia_boat":5,"minecraft:lapis_lazuli":100,"minecraft:dirt":692,"minecraft:wheat_seeds":52,"minecraft:raw_gold":6,"minecraft:oak_planks":2,"minecraft:iron_sword":2,"minecraft:dandelion":4,"minecraft:gravel":4,"minecraft:sand":2,"minecraft:diamond":45,"minecraft:stone_axe":1,"minecraft:iron_helmet":1,"minecraft:granite":23,"minecraft:gray_wool":1,"minecraft:oak_sapling":1,"minecraft:netherrack":1,"minecraft:coal":119},"minecraft:killed":{"minecraft:skeleton":2,"minecraft:chicken":1,"minecraft:turtle":1,"minecraft:salmon":2,"minecraft:sheep":13,"minecraft:zombie":2,"minecraft:cow":13}},"DataVersion":3337}