{"stats":{"minecraft:used":{"minecraft:iron_shovel":530,"minecraft:poppy":1,"minecraft:chest":8,"minecraft:shield":7,"minecraft:iron_sword":32,"minecraft:bell":3,"minecraft:mutton":3,"minecraft:carrot":5,"minecraft:tuff":25,"minecraft:furnace":17,"minecraft:oak_sapling":3,"minecraft:egg":5,"immersive_aircraft:biplane":1,"minecraft:potato":40,"minecraft:diorite":5,"minecraft:stone_pickaxe":62,"minecraft:oak_planks":258,"minecraft:wooden_pickaxe":29,"minecraft:diamond_axe":596,"minecraft:sugar_cane":26,"minecraft:oak_leaves":27,"minecraft:white_wool":2,"minecraft:shears":79,"minecraft:lever":4,"minecraft:acacia_door":3,"minecraft:bread":33,"minecraft:string":25,"minecraft:lectern":69,"minecraft:diamond_sword":115,"minecraft:oak_boat":10,"minecraft:oak_trapdoor":41,"minecraft:oak_fence":56,"minecraft:enchanting_table":3,"minecraft:stone_sword":20,"minecraft:stone_hoe":296,"minecraft:torch":66,"minecraft:dirt":1235,"minecraft:bee_nest":1,"minecraft:granite":25,"minecraft:birch_door":30,"minecraft:wooden_axe":8,"minecraft:dark_oak_planks":5,"minecraft:bookshelf":1,"minecraft:iron_axe":55,"minecraft:iron_boots":1,"minecraft:totem_of_undying":2,"minecraft:light_gray_wool":1,"minecraft:basalt":6,"minecraft:tripwire_hook":4,"minecraft:beef":6,"minecraft:cooked_beef":28,"minecraft:acacia_planks":43,"minecraft:cobbled_deepslate":238,"minecraft:cooked_mutton":11,"the_bumblezone:bumble_bee_chestplate_2":1,"minecraft:acacia_boat":4,"minecraft:water_bucket":122,"minecraft:birch_planks":12,"minecraft:fletching_table":1,"the_bumblezone:stingless_bee_helmet_2":1,"minecraft:oak_slab":37,"minecraft:crafting_table":26,"minecraft:white_bed":19,"minecraft:oak_log":3,"minecraft:diamond_pickaxe":601,"minecraft:oxeye_daisy":1,"minecraft:diamond_shovel":895,"minecraft:iron_pickaxe":649,"minecraft:stone_axe":77,"minecraft:cobblestone":151,"minecraft:bucket":124,"minecraft:yellow_bed":4},"minecraft:custom":{"minecraft:interact_with_crafting_table":99,"minecraft:bell_ring":42,"minecraft:leave_game":21,"minecraft:time_since_death":259716,"minecraft:sprint_one_cm":915192,"minecraft:damage_blocked_by_shield":435,"minecraft:drop":207,"minecraft:talked_to_villager":96,"minecraft:play_time":351625,"minecraft:deaths":2,"minecraft:jump":5554,"minecraft:walk_on_water_one_cm":75304,"minecraft:enchant_item":15,"minecraft:interact_with_furnace":162,"minecraft:traded_with_villager":2,"minecraft:damage_dealt":8213,"minecraft:player_kills":2,"minecraft:crouch_one_cm":81032,"minecraft:mob_kills":62,"minecraft:climb_one_cm":611,"minecraft:walk_one_cm":590818,"minecraft:damage_dealt_absorbed":446,"minecraft:sneak_time":23195,"minecraft:walk_under_water_one_cm":43220,"minecraft:boat_one_cm":111434,"the_bumblezone:bumble_bee_chestplate_fly_time":649,"minecraft:total_world_time":351625,"minecraft:time_since_rest":259722,"minecraft:damage_taken":3828,"minecraft:damage_absorbed":10,"minecraft:swim_one_cm":263877,"minecraft:fly_one_cm":1166158,"minecraft:open_chest":106,"minecraft:fall_one_cm":133139},"minecraft:dropped":{"minecraft:acacia_boat":1,"minecraft:iron_sword":1,"minecraft:birch_planks":2,"minecraft:lapis_lazuli":46,"minecraft:diamond":5,"minecraft:crafting_table":1,"minecraft:leather":4,"minecraft:honeycomb":25,"minecraft:dirt":18,"minecraft:mutton":2,"minecraft:sand":2,"minecraft:acacia_door":1,"minecraft:white_wool":2,"minecraft:gravel":2,"minecraft:stone_axe":2,"minecraft:sugar_cane":3,"minecraft:cobbled_deepslate":46,"the_bumblezone:bee_stinger":1,"minecraft:poppy":2,"minecraft:arrow":2,"minecraft:netherrack":1,"minecraft:iron_ingot":5,"minecraft:bread":52,"minecraft:wheat_seeds":33,"minecraft:diamond_leggings":1,"minecraft:iron_helmet":2,"minecraft:cobblestone":8,"minecraft:granite":8,"minecraft:coal":3,"minecraft:stick":15,"minecraft:gray_wool":1,"minecraft:diorite":9,"minecraft:torch":2,"minecraft:rose_bush":1,"minecraft:iron_leggings":3,"minecraft:dandelion":13,"minecraft:redstone":5,"minecraft:kelp":2,"minecraft:raw_iron":26,"the_bumblezone:stingless_bee_helmet_2":1,"minecraft:iron_boots":2,"the_bumblezone:bumble_bee_chestplate_2":1,"minecraft:shears":1,"minecraft:iron_chestplate":1,"minecraft:andesite":16,"minecraft:sandstone":1,"minecraft:wooden_pickaxe":1,"minecraft:raw_gold":5},"minecraft:mined":{"minecraft:dark_oak_planks":9,"minecraft:white_bed":5,"minecraft:obsidian":11,"minecraft:granite":50,"minecraft:grass_block":802,"minecraft:oxeye_daisy":2,"minecraft:tall_seagrass":1,"minecraft:iron_ore":124,"minecraft:cobbled_deepslate":36,"minecraft:fire":1,"minecraft:fletching_table":2,"minecraft:enchanting_table":1,"minecraft:cave_vines":1,"minecraft:dirt_path":78,"minecraft:tripwire":9,"minecraft:kelp_plant":1,"minecraft:clay":13,"minecraft:torch":9,"minecraft:poppy":1,"minecraft:chest":5,"minecraft:cobblestone":12,"minecraft:sugar_cane":27,"minecraft:oak_planks":54,"minecraft:wall_torch":4,"minecraft:birch_log":31,"minecraft:wheat":26,"minecraft:birch_door":24,"minecraft:grass":612,"minecraft:oak_log":367,"minecraft:beetroots":1,"minecraft:sand":2,"minecraft:dirt":528,"minecraft:tripwire_hook":2,"minecraft:netherrack":1,"minecraft:oak_leaves":112,"minecraft:deepslate":328,"minecraft:diamond_ore":2,"minecraft:tuff":25,"minecraft:deepslate_diamond_ore":44,"minecraft:lever":3,"minecraft:sandstone":1,"minecraft:hay_block":5,"minecraft:redstone_ore":2,"minecraft:oak_trapdoor":13,"minecraft:furnace":13,"minecraft:carrots":16,"minecraft:acacia_wood":15,"minecraft:andesite":29,"minecraft:bell":3,"minecraft:bookshelf":1,"minecraft:potatoes":33,"minecraft:deepslate_iron_ore":16,"minecraft:stone":436,"minecraft:oak_slab":18,"minecraft:basalt":6,"minecraft:dandelion":12,"minecraft:oak_fence":4,"minecraft:crafting_table":22,"minecraft:rose_bush":2,"minecraft:lectern":68,"minecraft:tall_grass":91,"minecraft:lapis_ore":12,"minecraft:deepslate_gold_ore":5,"minecraft:diorite":19,"minecraft:birch_planks":4,"minecraft:bee_nest":2,"minecraft:yellow_bed":4,"minecraft:coal_ore":75,"minecraft:gravel":13,"minecraft:acacia_door":3,"minecraft:gold_ore":1},"minecraft:crafted":{"minecraft:oak_planks":1392,"minecraft:lever":1,"minecraft:diamond_shovel":1,"minecraft:bookshelf":2,"minecraft:cooked_mutton":20,"minecraft:diamond_helmet":1,"minecraft:diamond_leggings":1,"minecraft:iron_boots":2,"minecraft:chest":8,"minecraft:birch_door":12,"minecraft:stone_hoe":2,"minecraft:oak_fence":93,"minecraft:oak_slab":78,"minecraft:diamond_axe":1,"minecraft:crafting_table":8,"minecraft:wooden_pickaxe":2,"minecraft:iron_helmet":1,"minecraft:birch_planks":76,"minecraft:lectern":1,"minecraft:diamond_pickaxe":2,"minecraft:iron_chestplate":2,"minecraft:book":8,"minecraft:paper":27,"minecraft:shield":2,"minecraft:stick":148,"minecraft:iron_ingot":76,"minecraft:iron_pickaxe":4,"minecraft:stone_sword":1,"minecraft:acacia_door":3,"minecraft:shears":1,"minecraft:coal":27,"minecraft:tripwire_hook":2,"minecraft:furnace":7,"minecraft:oak_trapdoor":30,"minecraft:iron_axe":1,"minecraft:stone_pickaxe":2,"minecraft:diamond_boots":1,"minecraft:wheat":45,"minecraft:cooked_beef":44,"minecraft:diamond_sword":1,"minecraft:enchanting_table":2,"minecraft:iron_sword":1,"minecraft:bucket":3,"minecraft:stone_axe":2,"minecraft:enchanted_book":1,"minecraft:acacia_boat":1,"minecraft:bread":15,"minecraft:air":0,"minecraft:oak_boat":3,"minecraft:wooden_axe":1,"minecraft:iron_shovel":3,"minecraft:iron_leggings":1,"minecraft:acacia_planks":60,"minecraft:torch":120,"minecraft:diamond_chestplate":1},"minecraft:killed_by":{"minecraft:skeleton":2},"minecraft:broken":{"minecraft:iron_shovel":1,"minecraft:stone_hoe":1},"minecraft:picked_up":{"minecraft:birch_door":25,"minecraft:iron_chestplate":1,"minecraft:string":31,"minecraft:iron_leggings":2,"minecraft:diamond_leggings":1,"minecraft:cobbled_deepslate":367,"minecraft:rose_bush":1,"minecraft:coal_block":63,"minecraft:iron_boots":1,"minecraft:furnace":13,"minecraft:stick":16,"the_bumblezone:bumble_bee_chestplate_2":2,"minecraft:oak_fence":3,"minecraft:torch":20,"minecraft:diorite":17,"the_bumblezone:bee_stinger":1,"minecraft:rotten_flesh":1,"minecraft:obsidian":11,"minecraft:cobblestone":375,"minecraft:enchanting_table":1,"minecraft:birch_log":40,"minecraft:feather":2,"minecraft:cooked_beef":13,"minecraft:andesite":28,"minecraft:brown_wool":1,"minecraft:potato":34,"minecraft:flint":1,"minecraft:tuff":25,"minecraft:acacia_boat":5,"minecraft:dirt":1301,"minecraft:lapis_lazuli":100,"minecraft:wheat_seeds":106,"minecraft:raw_gold":6,"minecraft:bell":3,"minecraft:fletching_table":1,"minecraft:oak_planks":96,"minecraft:honeycomb":86,"minecraft:sand":2,"minecraft:diamond":45,"minecraft:lever":4,"minecraft:granite":36,"minecraft:bread":38,"minecraft:oak_sapling":10,"minecraft:netherrack":1,"minecraft:oak_leaves":49,"minecraft:crafting_table":22,"minecraft:bee_nest":1,"minecraft:chicken":1,"minecraft:clay_ball":52,"minecraft:acacia_door":3,"minecraft:oak_trapdoor":13,"minecraft:iron_axe":1,"immersive_aircraft:biplane":1,"minecraft:beef":54,"minecraft:oak_boat":11,"minecraft:poppy":3,"minecraft:chest":5,"minecraft:light_gray_wool":1,"minecraft:lectern":68,"minecraft:sugar_cane":68,"minecraft:egg":5,"minecraft:raw_iron":145,"minecraft:sandstone":1,"the_bumblezone:stingless_bee_helmet_2":2,"minecraft:carrot":16,"minecraft:redstone":9,"minecraft:dark_oak_planks":11,"minecraft:arrow":2,"minecraft:beetroot_seeds":1,"minecraft:shears":1,"minecraft:hay_block":5,"minecraft:totem_of_undying":2,"minecraft:gold_ingot":22,"minecraft:mutton":33,"minecraft:white_wool":16,"minecraft:oxeye_daisy":1,"minecraft:basalt":6,"minecraft:tripwire_hook":4,"minecraft:salmon":1,"minecraft:leather":33,"minecraft:acacia_wood":15,"minecraft:birch_planks":3,"minecraft:oak_log":378,"minecraft:yellow_bed":4,"minecraft:kelp":2,"minecraft:iron_ingot":4,"minecraft:iron_sword":2,"minecraft:book":3,"minecraft:oak_slab":26,"minecraft:dandelion":21,"minecraft:gravel":8,"minecraft:white_bed":19,"minecraft:diamond_shovel":1,"minecraft:stone_axe":1,"minecraft:iron_helmet":1,"minecraft:gray_wool":2,"minecraft:coal":121},"minecraft:killed":{"minecraft:skeleton":2,"minecraft:bee":3,"minecraft:chicken":1,"minecraft:turtle":1,"minecraft:cat":2,"minecraft:salmon":2,"minecraft:iron_golem":1,"minecraft:sheep":19,"minecraft:zombie":2,"minecraft:cow":26,"minecraft:squid":1,"minecraft:villager":1}},"DataVersion":3337}