{"stats":{"minecraft:used":{"minecraft:enchanting_table":2,"minecraft:stone_sword":20,"minecraft:shield":7,"minecraft:iron_sword":14,"minecraft:torch":34,"minecraft:dirt":20,"minecraft:granite":13,"minecraft:birch_door":30,"minecraft:wooden_axe":8,"minecraft:iron_axe":43,"minecraft:iron_boots":1,"minecraft:light_gray_wool":1,"minecraft:basalt":6,"minecraft:furnace":16,"minecraft:egg":1,"minecraft:cooked_beef":13,"minecraft:acacia_planks":43,"minecraft:acacia_boat":4,"minecraft:water_bucket":20,"minecraft:diorite":5,"minecraft:birch_planks":12,"minecraft:stone_pickaxe":62,"minecraft:oak_planks":13,"minecraft:wooden_pickaxe":29,"minecraft:white_wool":2,"minecraft:crafting_table":16,"minecraft:diamond_pickaxe":98,"minecraft:acacia_door":1,"minecraft:bread":9,"minecraft:iron_pickaxe":513,"minecraft:stone_axe":77,"minecraft:cobblestone":101,"minecraft:bucket":21},"minecraft:custom":{"minecraft:mob_kills":30,"minecraft:interact_with_crafting_table":46,"minecraft:leave_game":6,"minecraft:time_since_death":20403,"minecraft:sprint_one_cm":256070,"minecraft:walk_one_cm":132221,"minecraft:damage_blocked_by_shield":435,"minecraft:drop":37,"minecraft:damage_dealt_absorbed":206,"minecraft:play_time":112312,"minecraft:deaths":2,"minecraft:sneak_time":8132,"minecraft:walk_under_water_one_cm":31345,"minecraft:boat_one_cm":77520,"minecraft:jump":1781,"minecraft:walk_on_water_one_cm":42664,"minecraft:enchant_item":7,"minecraft:total_world_time":112312,"minecraft:interact_with_furnace":94,"minecraft:time_since_rest":20409,"minecraft:damage_taken":1543,"minecraft:damage_dealt":3394,"minecraft:swim_one_cm":179241,"minecraft:fly_one_cm":371856,"minecraft:player_kills":1,"minecraft:crouch_one_cm":20130,"minecraft:fall_one_cm":32836},"minecraft:dropped":{"minecraft:iron_ingot":1,"minecraft:iron_sword":1,"minecraft:birch_planks":2,"minecraft:wheat_seeds":4,"minecraft:lapis_lazuli":46,"minecraft:iron_helmet":1,"minecraft:leather":3,"minecraft:granite":5,"minecraft:stick":2,"minecraft:dirt":1,"minecraft:diorite":1,"minecraft:torch":2,"minecraft:mutton":2,"minecraft:rose_bush":1,"minecraft:iron_leggings":1,"minecraft:white_wool":2,"minecraft:redstone":5,"minecraft:stone_axe":2,"minecraft:sugar_cane":3,"minecraft:cobbled_deepslate":7,"minecraft:raw_iron":26,"minecraft:iron_boots":1,"minecraft:iron_chestplate":1,"minecraft:andesite":6,"minecraft:arrow":2,"minecraft:wooden_pickaxe":1,"minecraft:netherrack":1},"minecraft:mined":{"minecraft:diamond_ore":2,"minecraft:deepslate_diamond_ore":4,"minecraft:obsidian":7,"minecraft:granite":21,"minecraft:grass_block":5,"minecraft:oxeye_daisy":1,"minecraft:sandstone":1,"minecraft:redstone_ore":2,"minecraft:furnace":13,"minecraft:iron_ore":121,"minecraft:acacia_wood":15,"minecraft:andesite":29,"minecraft:enchanting_table":1,"minecraft:deepslate_iron_ore":14,"minecraft:stone":262,"minecraft:basalt":6,"minecraft:crafting_table":13,"minecraft:torch":9,"minecraft:rose_bush":2,"minecraft:tall_grass":12,"minecraft:cobblestone":9,"minecraft:lapis_ore":11,"minecraft:sugar_cane":11,"minecraft:diorite":18,"minecraft:wall_torch":3,"minecraft:birch_planks":4,"minecraft:birch_log":31,"minecraft:birch_door":24,"minecraft:grass":60,"minecraft:coal_ore":75,"minecraft:oak_log":17,"minecraft:acacia_door":1,"minecraft:sand":2,"minecraft:dirt":17,"minecraft:netherrack":1,"minecraft:gold_ore":1,"minecraft:deepslate":73},"minecraft:crafted":{"minecraft:oak_planks":56,"minecraft:furnace":6,"minecraft:cooked_mutton":9,"minecraft:iron_boots":2,"minecraft:iron_axe":1,"minecraft:stone_pickaxe":2,"minecraft:birch_door":12,"minecraft:cooked_beef":20,"minecraft:crafting_table":4,"minecraft:enchanting_table":1,"minecraft:wooden_pickaxe":2,"minecraft:iron_helmet":1,"minecraft:iron_sword":1,"minecraft:bucket":2,"minecraft:birch_planks":76,"minecraft:stone_axe":2,"minecraft:acacia_boat":1,"minecraft:air":0,"minecraft:iron_chestplate":2,"minecraft:book":1,"minecraft:paper":6,"minecraft:diamond_pickaxe":1,"minecraft:shield":2,"minecraft:stick":44,"minecraft:iron_ingot":63,"minecraft:iron_pickaxe":4,"minecraft:wooden_axe":1,"minecraft:stone_sword":1,"minecraft:acacia_door":3,"minecraft:iron_leggings":1,"minecraft:acacia_planks":60,"minecraft:torch":32},"minecraft:killed_by":{"minecraft:skeleton":2},"minecraft:picked_up":{"minecraft:crafting_table":13,"minecraft:birch_door":25,"minecraft:iron_chestplate":1,"minecraft:chicken":1,"minecraft:iron_axe":1,"minecraft:acacia_door":1,"minecraft:iron_leggings":1,"minecraft:cobbled_deepslate":73,"minecraft:beef":30,"minecraft:rose_bush":1,"minecraft:light_gray_wool":1,"minecraft:sugar_cane":27,"minecraft:egg":1,"minecraft:iron_boots":1,"minecraft:furnace":13,"minecraft:sandstone":1,"minecraft:raw_iron":139,"minecraft:stick":1,"minecraft:torch":16,"minecraft:diorite":17,"minecraft:redstone":9,"minecraft:arrow":2,"minecraft:rotten_flesh":1,"minecraft:mutton":18,"minecraft:obsidian":7,"minecraft:white_wool":10,"minecraft:cobblestone":270,"minecraft:birch_log":40,"minecraft:enchanting_table":1,"minecraft:feather":2,"minecraft:basalt":6,"minecraft:salmon":1,"minecraft:andesite":28,"minecraft:leather":20,"minecraft:acacia_wood":15,"minecraft:birch_planks":3,"minecraft:oak_log":20,"minecraft:acacia_boat":4,"minecraft:lapis_lazuli":95,"minecraft:dirt":22,"minecraft:wheat_seeds":4,"minecraft:raw_gold":1,"minecraft:iron_sword":2,"minecraft:sand":2,"minecraft:diamond":5,"minecraft:stone_axe":1,"minecraft:iron_helmet":1,"minecraft:granite":20,"minecraft:netherrack":1,"minecraft:coal":119},"minecraft:killed":{"minecraft:skeleton":2,"minecraft:chicken":1,"minecraft:salmon":2,"minecraft:sheep":11,"minecraft:zombie":1,"minecraft:cow":12}},"DataVersion":3337}