{"stats":{"minecraft:used":{"minecraft:iron_shovel":530,"minecraft:poppy":1,"minecraft:chest":9,"minecraft:shield":7,"minecraft:iron_sword":32,"minecraft:bell":3,"minecraft:mutton":3,"minecraft:carrot":5,"minecraft:tuff":25,"minecraft:obsidian":1,"minecraft:honeycomb_block":3,"minecraft:dark_oak_boat":2,"minecraft:furnace":17,"minecraft:oak_sapling":3,"minecraft:egg":5,"immersive_aircraft:biplane":1,"minecraft:potato":40,"minecraft:dark_oak_sapling":1,"minecraft:diorite":5,"minecraft:stone_pickaxe":62,"minecraft:oak_planks":258,"minecraft:wooden_pickaxe":29,"minecraft:sugar_cane":26,"minecraft:diamond_axe":597,"minecraft:oak_leaves":27,"minecraft:white_wool":2,"minecraft:golden_apple":14,"minecraft:shears":79,"minecraft:lever":4,"minecraft:acacia_door":3,"minecraft:string":25,"minecraft:bread":38,"minecraft:lectern":69,"minecraft:diamond_sword":477,"minecraft:oak_boat":10,"minecraft:oak_fence":56,"minecraft:oak_trapdoor":41,"minecraft:enchanting_table":3,"minecraft:stone_sword":20,"minecraft:stone_hoe":296,"minecraft:torch":66,"minecraft:dirt":1253,"minecraft:bee_nest":1,"minecraft:granite":25,"minecraft:birch_door":30,"minecraft:dark_oak_planks":5,"minecraft:wooden_axe":8,"minecraft:bookshelf":1,"minecraft:iron_axe":55,"minecraft:iron_boots":1,"minecraft:totem_of_undying":3,"minecraft:light_gray_wool":1,"minecraft:basalt":6,"minecraft:tripwire_hook":4,"minecraft:beef":6,"minecraft:cooked_beef":28,"minecraft:acacia_planks":43,"minecraft:cobbled_deepslate":238,"the_bumblezone:crystal_cannon":6,"minecraft:enchanted_golden_apple":4,"minecraft:cooked_mutton":11,"the_bumblezone:bumble_bee_chestplate_2":1,"minecraft:acacia_boat":4,"minecraft:water_bucket":143,"minecraft:birch_planks":12,"minecraft:fletching_table":1,"the_bumblezone:stingless_bee_helmet_2":1,"minecraft:oak_slab":37,"minecraft:crafting_table":26,"minecraft:white_bed":19,"minecraft:oak_log":3,"the_bumblezone:sugar_water_bottle":2,"minecraft:diamond_pickaxe":601,"minecraft:oxeye_daisy":1,"minecraft:diamond_shovel":895,"minecraft:iron_pickaxe":649,"minecraft:stone_axe":77,"minecraft:cobblestone":151,"minecraft:bucket":145,"minecraft:yellow_bed":4},"minecraft:custom":{"minecraft:interact_with_crafting_table":99,"minecraft:bell_ring":42,"minecraft:leave_game":26,"minecraft:time_since_death":56787,"minecraft:damage_resisted":10,"minecraft:sprint_one_cm":1018250,"minecraft:damage_blocked_by_shield":435,"minecraft:drop":281,"minecraft:talked_to_villager":96,"minecraft:play_time":417308,"minecraft:deaths":3,"minecraft:jump":6603,"minecraft:walk_on_water_one_cm":127594,"minecraft:enchant_item":23,"minecraft:interact_with_furnace":166,"minecraft:traded_with_villager":2,"minecraft:damage_dealt":18470,"minecraft:player_kills":3,"minecraft:crouch_one_cm":83165,"minecraft:mob_kills":316,"the_bumblezone:carpenter_bee_boots_wall_hang_time":57,"minecraft:climb_one_cm":653,"minecraft:walk_one_cm":637001,"minecraft:damage_dealt_absorbed":446,"minecraft:sneak_time":24235,"minecraft:walk_under_water_one_cm":147828,"minecraft:boat_one_cm":180696,"the_bumblezone:bumble_bee_chestplate_fly_time":1014,"minecraft:total_world_time":417308,"minecraft:time_since_rest":56793,"minecraft:damage_taken":4591,"minecraft:damage_absorbed":269,"minecraft:swim_one_cm":519119,"minecraft:fly_one_cm":1417060,"minecraft:open_chest":135,"minecraft:fall_one_cm":162853},"minecraft:dropped":{"minecraft:acacia_boat":1,"minecraft:iron_sword":1,"minecraft:birch_planks":2,"minecraft:lapis_lazuli":46,"minecraft:glass_bottle":1,"minecraft:diamond":20,"minecraft:crafting_table":1,"minecraft:leather":4,"minecraft:honeycomb":25,"minecraft:dirt":18,"minecraft:mutton":2,"minecraft:sand":2,"minecraft:acacia_door":1,"minecraft:white_wool":2,"minecraft:honeycomb_block":7,"minecraft:gravel":2,"minecraft:stone_axe":2,"minecraft:sugar_cane":3,"minecraft:cobbled_deepslate":46,"the_bumblezone:bee_stinger":1,"minecraft:enchanted_golden_apple":4,"minecraft:poppy":2,"minecraft:arrow":2,"minecraft:netherrack":1,"minecraft:iron_ingot":5,"minecraft:bread":62,"minecraft:wheat_seeds":33,"minecraft:diamond_leggings":1,"minecraft:iron_helmet":2,"minecraft:cobblestone":8,"minecraft:granite":8,"minecraft:coal":3,"minecraft:stick":15,"minecraft:gray_wool":1,"minecraft:diorite":9,"minecraft:ink_sac":13,"minecraft:torch":2,"minecraft:rose_bush":1,"minecraft:iron_leggings":3,"minecraft:dandelion":13,"minecraft:redstone":5,"the_bumblezone:sugar_water_bottle":32,"minecraft:kelp":2,"minecraft:raw_iron":26,"the_bumblezone:stingless_bee_helmet_2":2,"minecraft:chicken":1,"minecraft:iron_boots":2,"the_bumblezone:bumble_bee_chestplate_2":1,"minecraft:totem_of_undying":3,"minecraft:shears":1,"minecraft:iron_chestplate":1,"minecraft:andesite":16,"minecraft:oak_sapling":1,"minecraft:sandstone":1,"minecraft:wooden_pickaxe":1,"minecraft:raw_gold":5},"minecraft:mined":{"minecraft:dark_oak_planks":9,"minecraft:white_bed":5,"minecraft:obsidian":11,"minecraft:granite":50,"minecraft:grass_block":808,"minecraft:oxeye_daisy":2,"minecraft:tall_seagrass":17,"minecraft:iron_ore":124,"minecraft:cobbled_deepslate":36,"minecraft:fire":1,"minecraft:fletching_table":2,"minecraft:enchanting_table":1,"minecraft:cave_vines":1,"minecraft:dirt_path":78,"minecraft:tripwire":9,"minecraft:kelp_plant":1,"minecraft:clay":13,"minecraft:torch":9,"minecraft:poppy":2,"minecraft:chest":5,"minecraft:cobblestone":12,"minecraft:sugar_cane":47,"minecraft:oak_planks":54,"minecraft:wall_torch":4,"minecraft:seagrass":12,"minecraft:birch_log":31,"minecraft:wheat":26,"minecraft:birch_door":24,"minecraft:grass":642,"minecraft:oak_log":367,"minecraft:beetroots":1,"minecraft:sand":2,"minecraft:dirt":532,"minecraft:tripwire_hook":2,"minecraft:netherrack":1,"minecraft:oak_leaves":112,"minecraft:deepslate":328,"minecraft:diamond_ore":2,"minecraft:tuff":25,"minecraft:deepslate_diamond_ore":44,"minecraft:lever":3,"minecraft:sandstone":1,"minecraft:hay_block":5,"minecraft:redstone_ore":2,"minecraft:oak_trapdoor":13,"minecraft:furnace":13,"minecraft:carrots":16,"minecraft:acacia_wood":15,"minecraft:andesite":29,"minecraft:bell":3,"minecraft:bookshelf":1,"minecraft:potatoes":33,"minecraft:deepslate_iron_ore":16,"minecraft:stone":436,"minecraft:oak_slab":18,"minecraft:basalt":6,"minecraft:dandelion":12,"minecraft:oak_fence":4,"minecraft:crafting_table":22,"minecraft:rose_bush":3,"minecraft:lectern":68,"minecraft:tall_grass":96,"minecraft:lapis_ore":12,"minecraft:deepslate_gold_ore":5,"minecraft:diorite":19,"minecraft:birch_planks":4,"minecraft:bee_nest":2,"minecraft:yellow_bed":4,"minecraft:coal_ore":75,"minecraft:gravel":13,"minecraft:acacia_door":3,"minecraft:gold_ore":1},"minecraft:crafted":{"minecraft:oak_planks":1392,"minecraft:lever":1,"minecraft:diamond_shovel":1,"minecraft:bookshelf":2,"minecraft:cooked_mutton":20,"minecraft:diamond_helmet":1,"minecraft:diamond_leggings":1,"minecraft:iron_boots":2,"minecraft:chest":8,"minecraft:birch_door":12,"minecraft:stone_hoe":2,"minecraft:oak_fence":93,"minecraft:oak_slab":78,"minecraft:diamond_axe":1,"minecraft:crafting_table":8,"minecraft:wooden_pickaxe":2,"minecraft:iron_helmet":1,"minecraft:birch_planks":76,"minecraft:lectern":1,"minecraft:iron_chestplate":2,"minecraft:book":8,"minecraft:paper":27,"minecraft:diamond_pickaxe":2,"minecraft:shield":2,"minecraft:stick":148,"minecraft:iron_ingot":76,"minecraft:iron_pickaxe":4,"minecraft:stone_sword":1,"minecraft:acacia_door":3,"minecraft:shears":1,"minecraft:coal":27,"minecraft:tripwire_hook":2,"minecraft:furnace":7,"minecraft:oak_trapdoor":30,"minecraft:iron_axe":1,"minecraft:stone_pickaxe":2,"minecraft:diamond_boots":1,"minecraft:wheat":45,"minecraft:cooked_beef":44,"minecraft:diamond_sword":1,"minecraft:enchanting_table":2,"minecraft:iron_sword":1,"minecraft:bucket":3,"minecraft:stone_axe":2,"minecraft:enchanted_book":1,"minecraft:acacia_boat":1,"minecraft:bread":15,"minecraft:air":0,"minecraft:oak_boat":3,"minecraft:wooden_axe":1,"minecraft:iron_shovel":3,"minecraft:iron_leggings":1,"minecraft:acacia_planks":60,"minecraft:torch":120,"minecraft:diamond_chestplate":1},"minecraft:killed_by":{"minecraft:skeleton":2},"minecraft:broken":{"minecraft:iron_shovel":1,"minecraft:stone_hoe":1},"minecraft:picked_up":{"minecraft:iron_chestplate":1,"minecraft:birch_door":25,"the_bumblezone:honey_crystal_shards":256,"minecraft:diamond_sword":1,"minecraft:string":31,"minecraft:iron_leggings":2,"minecraft:diamond_leggings":2,"minecraft:cobbled_deepslate":367,"minecraft:rose_bush":1,"minecraft:enchanted_golden_apple":54,"minecraft:coal_block":63,"minecraft:iron_boots":1,"minecraft:furnace":13,"minecraft:stick":16,"the_bumblezone:bumble_bee_chestplate_2":3,"minecraft:oak_fence":3,"minecraft:torch":20,"minecraft:honeycomb_block":10,"minecraft:diorite":17,"the_bumblezone:bee_stinger":1,"minecraft:rotten_flesh":1,"the_bumblezone:beehemoth_spawn_egg":1,"minecraft:obsidian":12,"minecraft:cobblestone":375,"minecraft:enchanting_table":1,"minecraft:birch_log":40,"minecraft:feather":2,"minecraft:cooked_beef":13,"minecraft:water_bucket":1,"minecraft:andesite":28,"minecraft:brown_wool":1,"minecraft:dark_oak_boat":2,"minecraft:potato":34,"minecraft:flint":1,"minecraft:tuff":25,"minecraft:acacia_boat":5,"minecraft:lapis_lazuli":100,"minecraft:dirt":1312,"minecraft:wheat_seeds":106,"minecraft:raw_gold":6,"minecraft:bell":3,"minecraft:fletching_table":1,"minecraft:diamond_helmet":2,"minecraft:oak_planks":96,"minecraft:honeycomb":86,"minecraft:sand":2,"minecraft:ink_sac":32,"minecraft:diamond":75,"minecraft:lever":4,"minecraft:granite":36,"minecraft:bone_meal":8,"minecraft:golden_apple":15,"minecraft:bread":102,"minecraft:oak_sapling":11,"minecraft:netherrack":1,"minecraft:oak_leaves":49,"minecraft:diamond_pickaxe":2,"minecraft:crafting_table":22,"minecraft:bee_nest":1,"minecraft:chicken":2,"minecraft:clay_ball":52,"minecraft:acacia_door":3,"immersive_aircraft:biplane":1,"minecraft:oak_trapdoor":13,"minecraft:iron_axe":1,"minecraft:beef":54,"minecraft:oak_boat":11,"minecraft:poppy":3,"minecraft:chest":6,"minecraft:light_gray_wool":1,"minecraft:lectern":68,"minecraft:sugar_cane":108,"minecraft:egg":5,"minecraft:dark_oak_sapling":1,"minecraft:raw_iron":145,"minecraft:sandstone":1,"the_bumblezone:crystal_cannon":1,"the_bumblezone:stingless_bee_helmet_2":3,"minecraft:carrot":16,"minecraft:redstone":9,"minecraft:dark_oak_planks":11,"the_bumblezone:sugar_water_bottle":144,"minecraft:arrow":2,"minecraft:diamond_chestplate":1,"minecraft:beetroot_seeds":1,"minecraft:shears":1,"minecraft:diamond_boots":2,"minecraft:hay_block":5,"minecraft:totem_of_undying":6,"minecraft:saddle":1,"minecraft:gold_ingot":22,"minecraft:mutton":33,"minecraft:white_wool":16,"minecraft:oxeye_daisy":1,"minecraft:basalt":6,"minecraft:tripwire_hook":4,"minecraft:salmon":147,"minecraft:leather":33,"minecraft:acacia_wood":15,"minecraft:birch_planks":3,"minecraft:oak_log":378,"minecraft:yellow_bed":4,"minecraft:kelp":2,"minecraft:iron_ingot":4,"minecraft:glass_bottle":1,"the_bumblezone:carpenter_bee_boots_1":1,"minecraft:iron_sword":2,"minecraft:book":3,"minecraft:oak_slab":26,"minecraft:dandelion":21,"minecraft:gravel":8,"minecraft:white_bed":19,"minecraft:diamond_shovel":1,"minecraft:stone_axe":1,"minecraft:iron_helmet":1,"minecraft:diamond_axe":2,"minecraft:gray_wool":2,"minecraft:coal":121,"the_bumblezone:honey_bee_leggings_2":1},"minecraft:killed":{"minecraft:skeleton":2,"minecraft:bee":3,"minecraft:chicken":2,"minecraft:turtle":1,"minecraft:cat":2,"minecraft:salmon":225,"minecraft:iron_golem":1,"minecraft:sheep":19,"minecraft:zombie":2,"minecraft:cow":26,"minecraft:squid":31,"minecraft:villager":1}},"DataVersion":3337}