{"stats":{"minecraft:used":{"minecraft:stone_sword":20,"minecraft:enchanting_table":3,"minecraft:iron_shovel":401,"minecraft:poppy":1,"minecraft:chest":3,"minecraft:shield":7,"minecraft:iron_sword":32,"minecraft:bell":3,"minecraft:stone_hoe":67,"minecraft:torch":42,"minecraft:dirt":704,"minecraft:mutton":3,"minecraft:carrot":5,"minecraft:tuff":25,"minecraft:granite":13,"minecraft:wooden_axe":8,"minecraft:birch_door":30,"minecraft:iron_axe":55,"minecraft:iron_boots":1,"minecraft:totem_of_undying":2,"minecraft:light_gray_wool":1,"minecraft:basalt":6,"minecraft:beef":2,"minecraft:oak_sapling":3,"minecraft:furnace":17,"minecraft:egg":5,"immersive_aircraft:biplane":1,"minecraft:cooked_beef":21,"minecraft:cobbled_deepslate":234,"minecraft:acacia_planks":43,"minecraft:cooked_mutton":2,"minecraft:acacia_boat":4,"minecraft:water_bucket":93,"minecraft:diorite":5,"minecraft:birch_planks":12,"minecraft:stone_pickaxe":62,"minecraft:oak_planks":218,"minecraft:wooden_pickaxe":29,"minecraft:sugar_cane":26,"minecraft:diamond_axe":418,"minecraft:white_wool":2,"minecraft:crafting_table":24,"minecraft:white_bed":4,"minecraft:oak_log":2,"minecraft:diamond_pickaxe":550,"minecraft:oxeye_daisy":1,"minecraft:diamond_shovel":820,"minecraft:acacia_door":3,"minecraft:bread":33,"minecraft:iron_pickaxe":649,"minecraft:stone_axe":77,"minecraft:diamond_sword":88,"minecraft:cobblestone":142,"minecraft:bucket":95,"minecraft:yellow_bed":4,"minecraft:oak_boat":10},"minecraft:custom":{"minecraft:mob_kills":46,"minecraft:interact_with_crafting_table":78,"minecraft:bell_ring":6,"minecraft:leave_game":14,"minecraft:time_since_death":162272,"minecraft:climb_one_cm":611,"minecraft:sprint_one_cm":653690,"minecraft:walk_one_cm":402842,"minecraft:damage_blocked_by_shield":435,"minecraft:drop":145,"minecraft:damage_dealt_absorbed":446,"minecraft:talked_to_villager":3,"minecraft:play_time":254181,"minecraft:deaths":2,"minecraft:sneak_time":18315,"minecraft:walk_under_water_one_cm":38680,"minecraft:boat_one_cm":111434,"the_bumblezone:bumble_bee_chestplate_fly_time":171,"minecraft:jump":4265,"minecraft:enchant_item":15,"minecraft:walk_on_water_one_cm":60315,"minecraft:total_world_time":254181,"minecraft:interact_with_furnace":134,"minecraft:time_since_rest":162278,"minecraft:damage_taken":2978,"minecraft:damage_absorbed":10,"minecraft:damage_dealt":6596,"minecraft:swim_one_cm":236513,"minecraft:player_kills":2,"minecraft:fly_one_cm":911610,"minecraft:open_chest":28,"minecraft:crouch_one_cm":52132,"minecraft:fall_one_cm":99379},"minecraft:dropped":{"minecraft:bread":29,"minecraft:iron_ingot":1,"minecraft:acacia_boat":1,"minecraft:iron_sword":1,"minecraft:birch_planks":2,"minecraft:wheat_seeds":33,"minecraft:lapis_lazuli":46,"minecraft:crafting_table":1,"minecraft:diamond_leggings":1,"minecraft:cobblestone":8,"minecraft:iron_helmet":2,"minecraft:leather":4,"minecraft:granite":8,"minecraft:coal":3,"minecraft:stick":14,"minecraft:dirt":18,"minecraft:gray_wool":1,"minecraft:diorite":9,"minecraft:torch":2,"minecraft:mutton":2,"minecraft:rose_bush":1,"minecraft:iron_leggings":3,"minecraft:sand":2,"minecraft:acacia_door":1,"minecraft:white_wool":2,"minecraft:dandelion":5,"minecraft:redstone":5,"minecraft:gravel":2,"minecraft:stone_axe":2,"minecraft:kelp":2,"minecraft:sugar_cane":3,"minecraft:cobbled_deepslate":46,"minecraft:raw_iron":26,"minecraft:iron_boots":2,"the_bumblezone:bumble_bee_chestplate_2":1,"minecraft:poppy":2,"minecraft:iron_chestplate":1,"minecraft:andesite":16,"minecraft:sandstone":1,"minecraft:wooden_pickaxe":1,"minecraft:arrow":2,"minecraft:raw_gold":5,"minecraft:netherrack":1},"minecraft:mined":{"minecraft:dark_oak_planks":4,"minecraft:diamond_ore":2,"minecraft:tuff":25,"minecraft:white_bed":4,"minecraft:deepslate_diamond_ore":44,"minecraft:obsidian":11,"minecraft:granite":38,"minecraft:grass_block":674,"minecraft:oxeye_daisy":2,"minecraft:sandstone":1,"minecraft:hay_block":5,"minecraft:tall_seagrass":1,"minecraft:redstone_ore":2,"minecraft:furnace":13,"minecraft:carrots":16,"minecraft:iron_ore":124,"minecraft:cobbled_deepslate":32,"minecraft:fire":1,"minecraft:acacia_wood":15,"minecraft:andesite":29,"minecraft:enchanting_table":1,"minecraft:bell":3,"minecraft:potatoes":11,"minecraft:dirt_path":78,"minecraft:cave_vines":1,"minecraft:deepslate_iron_ore":16,"minecraft:stone":413,"minecraft:kelp_plant":1,"minecraft:basalt":6,"minecraft:dandelion":8,"minecraft:clay":13,"minecraft:crafting_table":20,"minecraft:torch":9,"minecraft:poppy":1,"minecraft:rose_bush":2,"minecraft:tall_grass":67,"minecraft:cobblestone":12,"minecraft:lapis_ore":12,"minecraft:deepslate_gold_ore":5,"minecraft:oak_planks":17,"minecraft:sugar_cane":23,"minecraft:diorite":19,"minecraft:wall_torch":3,"minecraft:birch_planks":4,"minecraft:wheat":26,"minecraft:birch_log":31,"minecraft:birch_door":24,"minecraft:yellow_bed":4,"minecraft:bee_nest":1,"minecraft:grass":515,"minecraft:oak_log":364,"minecraft:coal_ore":75,"minecraft:beetroots":1,"minecraft:gravel":4,"minecraft:acacia_door":3,"minecraft:sand":2,"minecraft:dirt":436,"minecraft:netherrack":1,"minecraft:gold_ore":1,"minecraft:oak_leaves":49,"minecraft:deepslate":328},"minecraft:crafted":{"minecraft:oak_planks":808,"minecraft:furnace":7,"minecraft:diamond_shovel":1,"minecraft:cooked_mutton":20,"minecraft:diamond_helmet":1,"minecraft:diamond_leggings":1,"minecraft:iron_boots":2,"minecraft:iron_axe":1,"minecraft:stone_pickaxe":2,"minecraft:chest":3,"minecraft:diamond_boots":1,"minecraft:birch_door":12,"minecraft:stone_hoe":1,"minecraft:wheat":45,"minecraft:cooked_beef":28,"minecraft:diamond_sword":1,"minecraft:diamond_axe":1,"minecraft:crafting_table":6,"minecraft:enchanting_table":2,"minecraft:wooden_pickaxe":2,"minecraft:iron_helmet":1,"minecraft:iron_sword":1,"minecraft:bucket":3,"minecraft:birch_planks":76,"minecraft:stone_axe":2,"minecraft:bread":15,"minecraft:acacia_boat":1,"minecraft:air":0,"minecraft:oak_boat":3,"minecraft:iron_chestplate":2,"minecraft:book":5,"minecraft:paper":18,"minecraft:diamond_pickaxe":2,"minecraft:shield":2,"minecraft:stick":64,"minecraft:iron_ingot":76,"minecraft:iron_pickaxe":4,"minecraft:wooden_axe":1,"minecraft:stone_sword":1,"minecraft:iron_shovel":2,"minecraft:acacia_door":3,"minecraft:iron_leggings":1,"minecraft:acacia_planks":60,"minecraft:torch":40,"minecraft:diamond_chestplate":1},"minecraft:killed_by":{"minecraft:skeleton":2},"minecraft:picked_up":{"minecraft:crafting_table":20,"minecraft:iron_chestplate":1,"minecraft:birch_door":25,"minecraft:chicken":1,"minecraft:clay_ball":52,"minecraft:string":1,"immersive_aircraft:biplane":1,"minecraft:iron_axe":1,"minecraft:acacia_door":3,"minecraft:iron_leggings":2,"minecraft:diamond_leggings":1,"minecraft:cobbled_deepslate":363,"minecraft:beef":34,"minecraft:oak_boat":10,"minecraft:rose_bush":1,"minecraft:poppy":3,"minecraft:coal_block":63,"minecraft:light_gray_wool":1,"minecraft:sugar_cane":58,"minecraft:furnace":13,"minecraft:iron_boots":1,"minecraft:egg":5,"the_bumblezone:bumble_bee_chestplate_2":1,"minecraft:stick":13,"minecraft:raw_iron":145,"minecraft:sandstone":1,"minecraft:torch":19,"minecraft:diorite":17,"minecraft:carrot":16,"minecraft:redstone":9,"minecraft:dark_oak_planks":3,"minecraft:arrow":2,"minecraft:rotten_flesh":1,"minecraft:beetroot_seeds":1,"minecraft:hay_block":5,"minecraft:totem_of_undying":2,"minecraft:obsidian":11,"minecraft:mutton":33,"minecraft:white_wool":16,"minecraft:cobblestone":353,"minecraft:oxeye_daisy":1,"minecraft:birch_log":40,"minecraft:enchanting_table":1,"minecraft:feather":2,"minecraft:basalt":6,"minecraft:andesite":28,"minecraft:salmon":1,"minecraft:brown_wool":1,"minecraft:leather":21,"minecraft:acacia_wood":15,"minecraft:potato":11,"minecraft:birch_planks":3,"minecraft:tuff":25,"minecraft:oak_log":375,"minecraft:yellow_bed":4,"minecraft:acacia_boat":5,"minecraft:lapis_lazuli":100,"minecraft:dirt":1072,"minecraft:kelp":2,"minecraft:wheat_seeds":94,"minecraft:raw_gold":6,"minecraft:bell":3,"minecraft:iron_ingot":4,"minecraft:honeycomb":2,"minecraft:oak_planks":17,"minecraft:iron_sword":2,"minecraft:dandelion":8,"minecraft:gravel":4,"minecraft:sand":2,"minecraft:white_bed":4,"minecraft:diamond":45,"minecraft:stone_axe":1,"minecraft:iron_helmet":1,"minecraft:granite":24,"minecraft:gray_wool":2,"minecraft:bread":15,"minecraft:oak_sapling":10,"minecraft:netherrack":1,"minecraft:coal":120},"minecraft:killed":{"minecraft:skeleton":2,"minecraft:chicken":1,"minecraft:turtle":1,"minecraft:cat":1,"minecraft:salmon":2,"minecraft:iron_golem":1,"minecraft:sheep":19,"minecraft:zombie":2,"minecraft:villager":1,"minecraft:cow":15}},"DataVersion":3337}