{"stats":{"minecraft:used":{"minecraft:stone_sword":20,"minecraft:enchanting_table":2,"minecraft:shield":7,"minecraft:iron_sword":22,"minecraft:torch":42,"minecraft:dirt":20,"minecraft:granite":13,"minecraft:birch_door":30,"minecraft:wooden_axe":8,"minecraft:iron_axe":44,"minecraft:iron_boots":1,"minecraft:totem_of_undying":1,"minecraft:light_gray_wool":1,"minecraft:basalt":6,"minecraft:furnace":16,"minecraft:egg":1,"minecraft:cooked_beef":13,"minecraft:cobbled_deepslate":90,"minecraft:acacia_planks":43,"minecraft:acacia_boat":4,"minecraft:water_bucket":20,"minecraft:diorite":5,"minecraft:birch_planks":12,"minecraft:stone_pickaxe":62,"minecraft:oak_planks":13,"minecraft:wooden_pickaxe":29,"minecraft:white_wool":2,"minecraft:crafting_table":16,"minecraft:diamond_pickaxe":334,"minecraft:acacia_door":1,"minecraft:bread":15,"minecraft:iron_pickaxe":649,"minecraft:stone_axe":77,"minecraft:cobblestone":135,"minecraft:bucket":21},"minecraft:custom":{"minecraft:mob_kills":31,"minecraft:interact_with_crafting_table":48,"minecraft:leave_game":10,"minecraft:time_since_death":38334,"minecraft:sprint_one_cm":267219,"minecraft:walk_one_cm":145462,"minecraft:damage_blocked_by_shield":435,"minecraft:drop":37,"minecraft:damage_dealt_absorbed":206,"minecraft:play_time":130243,"minecraft:deaths":2,"minecraft:sneak_time":13729,"minecraft:walk_under_water_one_cm":32242,"minecraft:boat_one_cm":77520,"minecraft:jump":1892,"minecraft:walk_on_water_one_cm":43869,"minecraft:enchant_item":7,"minecraft:total_world_time":130243,"minecraft:interact_with_furnace":94,"minecraft:time_since_rest":38340,"minecraft:damage_taken":2031,"minecraft:damage_absorbed":10,"minecraft:damage_dealt":3609,"minecraft:swim_one_cm":180253,"minecraft:fly_one_cm":375107,"minecraft:player_kills":1,"minecraft:crouch_one_cm":33907,"minecraft:fall_one_cm":34625},"minecraft:dropped":{"minecraft:iron_ingot":1,"minecraft:iron_sword":1,"minecraft:birch_planks":2,"minecraft:wheat_seeds":4,"minecraft:lapis_lazuli":46,"minecraft:iron_helmet":1,"minecraft:leather":3,"minecraft:granite":5,"minecraft:stick":2,"minecraft:dirt":1,"minecraft:diorite":1,"minecraft:torch":2,"minecraft:mutton":2,"minecraft:rose_bush":1,"minecraft:iron_leggings":1,"minecraft:white_wool":2,"minecraft:redstone":5,"minecraft:stone_axe":2,"minecraft:sugar_cane":3,"minecraft:cobbled_deepslate":7,"minecraft:raw_iron":26,"minecraft:iron_boots":1,"minecraft:iron_chestplate":1,"minecraft:andesite":6,"minecraft:wooden_pickaxe":1,"minecraft:arrow":2,"minecraft:netherrack":1},"minecraft:mined":{"minecraft:diamond_ore":2,"minecraft:tuff":25,"minecraft:deepslate_diamond_ore":44,"minecraft:obsidian":7,"minecraft:granite":24,"minecraft:grass_block":5,"minecraft:oxeye_daisy":1,"minecraft:sandstone":1,"minecraft:redstone_ore":2,"minecraft:furnace":13,"minecraft:iron_ore":124,"minecraft:cobbled_deepslate":4,"minecraft:acacia_wood":15,"minecraft:andesite":29,"minecraft:enchanting_table":1,"minecraft:cave_vines":1,"minecraft:deepslate_iron_ore":16,"minecraft:stone":276,"minecraft:basalt":6,"minecraft:clay":13,"minecraft:crafting_table":14,"minecraft:torch":9,"minecraft:rose_bush":2,"minecraft:tall_grass":12,"minecraft:cobblestone":12,"minecraft:lapis_ore":11,"minecraft:deepslate_gold_ore":5,"minecraft:sugar_cane":16,"minecraft:diorite":18,"minecraft:wall_torch":3,"minecraft:birch_planks":4,"minecraft:birch_log":31,"minecraft:birch_door":24,"minecraft:grass":60,"minecraft:oak_log":17,"minecraft:coal_ore":75,"minecraft:gravel":4,"minecraft:acacia_door":1,"minecraft:sand":2,"minecraft:dirt":17,"minecraft:netherrack":1,"minecraft:gold_ore":1,"minecraft:deepslate":328},"minecraft:crafted":{"minecraft:oak_planks":56,"minecraft:furnace":6,"minecraft:cooked_mutton":9,"minecraft:iron_boots":2,"minecraft:iron_axe":1,"minecraft:stone_pickaxe":2,"minecraft:birch_door":12,"minecraft:cooked_beef":20,"minecraft:crafting_table":4,"minecraft:enchanting_table":1,"minecraft:wooden_pickaxe":2,"minecraft:iron_helmet":1,"minecraft:iron_sword":1,"minecraft:bucket":2,"minecraft:birch_planks":76,"minecraft:stone_axe":2,"minecraft:acacia_boat":1,"minecraft:air":0,"minecraft:iron_chestplate":2,"minecraft:book":1,"minecraft:paper":6,"minecraft:diamond_pickaxe":2,"minecraft:shield":2,"minecraft:stick":48,"minecraft:iron_ingot":63,"minecraft:iron_pickaxe":4,"minecraft:wooden_axe":1,"minecraft:stone_sword":1,"minecraft:acacia_door":3,"minecraft:iron_leggings":1,"minecraft:acacia_planks":60,"minecraft:torch":40,"minecraft:diamond_chestplate":1},"minecraft:killed_by":{"minecraft:skeleton":2},"minecraft:picked_up":{"minecraft:crafting_table":14,"minecraft:iron_chestplate":1,"minecraft:birch_door":25,"minecraft:chicken":1,"minecraft:clay_ball":52,"minecraft:iron_axe":1,"minecraft:acacia_door":1,"minecraft:iron_leggings":1,"minecraft:cobbled_deepslate":332,"minecraft:beef":30,"minecraft:rose_bush":1,"minecraft:light_gray_wool":1,"minecraft:sugar_cane":43,"minecraft:furnace":13,"minecraft:iron_boots":1,"minecraft:egg":1,"minecraft:stick":1,"minecraft:raw_iron":145,"minecraft:sandstone":1,"minecraft:torch":16,"minecraft:diorite":17,"minecraft:redstone":9,"minecraft:arrow":2,"minecraft:rotten_flesh":1,"minecraft:obsidian":7,"minecraft:mutton":18,"minecraft:white_wool":10,"minecraft:cobblestone":287,"minecraft:birch_log":40,"minecraft:enchanting_table":1,"minecraft:feather":2,"minecraft:basalt":6,"minecraft:andesite":28,"minecraft:salmon":1,"minecraft:leather":20,"minecraft:acacia_wood":15,"minecraft:birch_planks":3,"minecraft:tuff":25,"minecraft:oak_log":20,"minecraft:acacia_boat":4,"minecraft:lapis_lazuli":95,"minecraft:dirt":22,"minecraft:wheat_seeds":4,"minecraft:raw_gold":6,"minecraft:iron_sword":2,"minecraft:gravel":4,"minecraft:sand":2,"minecraft:diamond":45,"minecraft:stone_axe":1,"minecraft:iron_helmet":1,"minecraft:granite":23,"minecraft:netherrack":1,"minecraft:coal":119},"minecraft:killed":{"minecraft:skeleton":2,"minecraft:chicken":1,"minecraft:salmon":2,"minecraft:sheep":11,"minecraft:zombie":2,"minecraft:cow":12}},"DataVersion":3337}