{"stats":{"minecraft:used":{"minecraft:oak_fence":56,"minecraft:oak_trapdoor":39,"minecraft:stone_sword":20,"minecraft:enchanting_table":3,"minecraft:iron_shovel":530,"minecraft:poppy":1,"minecraft:chest":8,"minecraft:shield":7,"minecraft:iron_sword":32,"minecraft:bell":3,"minecraft:stone_hoe":286,"minecraft:torch":66,"minecraft:dirt":1197,"minecraft:mutton":3,"minecraft:carrot":5,"minecraft:bee_nest":1,"minecraft:tuff":25,"minecraft:granite":25,"minecraft:dark_oak_planks":5,"minecraft:wooden_axe":8,"minecraft:birch_door":30,"minecraft:iron_axe":55,"minecraft:iron_boots":1,"minecraft:totem_of_undying":2,"minecraft:tripwire_hook":4,"minecraft:basalt":6,"minecraft:light_gray_wool":1,"minecraft:beef":6,"minecraft:oak_sapling":3,"minecraft:furnace":17,"minecraft:egg":5,"minecraft:potato":27,"immersive_aircraft:biplane":1,"minecraft:cooked_beef":25,"minecraft:cobbled_deepslate":238,"minecraft:acacia_planks":43,"minecraft:cooked_mutton":11,"minecraft:water_bucket":115,"minecraft:acacia_boat":4,"minecraft:diorite":5,"minecraft:birch_planks":12,"minecraft:stone_pickaxe":62,"minecraft:oak_planks":258,"minecraft:sugar_cane":26,"minecraft:wooden_pickaxe":29,"minecraft:diamond_axe":494,"minecraft:fletching_table":1,"the_bumblezone:stingless_bee_helmet_2":1,"minecraft:oak_leaves":27,"minecraft:white_wool":2,"minecraft:oak_slab":30,"minecraft:crafting_table":25,"minecraft:white_bed":19,"minecraft:shears":65,"minecraft:oak_log":2,"minecraft:lever":4,"minecraft:diamond_pickaxe":587,"minecraft:oxeye_daisy":1,"minecraft:diamond_shovel":892,"minecraft:acacia_door":3,"minecraft:string":20,"minecraft:iron_pickaxe":649,"minecraft:bread":33,"minecraft:stone_axe":77,"minecraft:diamond_sword":113,"minecraft:cobblestone":149,"minecraft:bucket":116,"minecraft:yellow_bed":4,"minecraft:oak_boat":10},"minecraft:custom":{"minecraft:mob_kills":61,"minecraft:interact_with_crafting_table":94,"minecraft:bell_ring":42,"minecraft:leave_game":19,"minecraft:time_since_death":229446,"minecraft:climb_one_cm":611,"minecraft:sprint_one_cm":867199,"minecraft:damage_blocked_by_shield":435,"minecraft:walk_one_cm":549399,"minecraft:drop":203,"minecraft:damage_dealt_absorbed":446,"minecraft:talked_to_villager":6,"minecraft:play_time":321355,"minecraft:sneak_time":22485,"minecraft:deaths":2,"minecraft:walk_under_water_one_cm":40654,"minecraft:boat_one_cm":111434,"the_bumblezone:bumble_bee_chestplate_fly_time":387,"minecraft:jump":5278,"minecraft:enchant_item":15,"minecraft:walk_on_water_one_cm":68964,"minecraft:total_world_time":321355,"minecraft:interact_with_furnace":161,"minecraft:time_since_rest":229452,"minecraft:damage_taken":3638,"minecraft:damage_absorbed":10,"minecraft:damage_dealt":8089,"minecraft:swim_one_cm":251622,"minecraft:player_kills":2,"minecraft:fly_one_cm":1109306,"minecraft:open_chest":94,"minecraft:crouch_one_cm":73869,"minecraft:fall_one_cm":125236},"minecraft:dropped":{"minecraft:iron_ingot":1,"minecraft:bread":52,"minecraft:acacia_boat":1,"minecraft:iron_sword":1,"minecraft:birch_planks":2,"minecraft:wheat_seeds":33,"minecraft:lapis_lazuli":46,"minecraft:diamond":5,"minecraft:crafting_table":1,"minecraft:diamond_leggings":1,"minecraft:cobblestone":8,"minecraft:iron_helmet":2,"minecraft:leather":4,"minecraft:honeycomb":25,"minecraft:granite":8,"minecraft:coal":3,"minecraft:stick":15,"minecraft:dirt":18,"minecraft:gray_wool":1,"minecraft:diorite":9,"minecraft:torch":2,"minecraft:mutton":2,"minecraft:rose_bush":1,"minecraft:iron_leggings":3,"minecraft:sand":2,"minecraft:acacia_door":1,"minecraft:white_wool":2,"minecraft:dandelion":13,"minecraft:redstone":5,"minecraft:gravel":2,"minecraft:stone_axe":2,"minecraft:kelp":2,"minecraft:sugar_cane":3,"minecraft:cobbled_deepslate":46,"minecraft:raw_iron":26,"the_bumblezone:stingless_bee_helmet_2":1,"the_bumblezone:bee_stinger":1,"minecraft:iron_boots":2,"the_bumblezone:bumble_bee_chestplate_2":1,"minecraft:shears":1,"minecraft:poppy":2,"minecraft:iron_chestplate":1,"minecraft:andesite":16,"minecraft:sandstone":1,"minecraft:arrow":2,"minecraft:wooden_pickaxe":1,"minecraft:raw_gold":5,"minecraft:netherrack":1},"minecraft:mined":{"minecraft:dark_oak_planks":9,"minecraft:diamond_ore":2,"minecraft:tuff":25,"minecraft:white_bed":5,"minecraft:deepslate_diamond_ore":44,"minecraft:lever":2,"minecraft:obsidian":11,"minecraft:granite":50,"minecraft:grass_block":802,"minecraft:oxeye_daisy":2,"minecraft:sandstone":1,"minecraft:tall_seagrass":1,"minecraft:hay_block":5,"minecraft:redstone_ore":2,"minecraft:oak_trapdoor":9,"minecraft:carrots":16,"minecraft:furnace":13,"minecraft:iron_ore":124,"minecraft:fire":1,"minecraft:cobbled_deepslate":36,"minecraft:acacia_wood":15,"minecraft:andesite":29,"minecraft:fletching_table":2,"minecraft:enchanting_table":1,"minecraft:bell":3,"minecraft:potatoes":22,"minecraft:cave_vines":1,"minecraft:deepslate_iron_ore":16,"minecraft:dirt_path":78,"minecraft:stone":422,"minecraft:tripwire":8,"minecraft:oak_slab":13,"minecraft:kelp_plant":1,"minecraft:basalt":6,"minecraft:dandelion":12,"minecraft:clay":13,"minecraft:oak_fence":4,"minecraft:crafting_table":21,"minecraft:torch":9,"minecraft:poppy":1,"minecraft:chest":5,"minecraft:rose_bush":2,"minecraft:tall_grass":91,"minecraft:cobblestone":12,"minecraft:deepslate_gold_ore":5,"minecraft:lapis_ore":12,"minecraft:oak_planks":39,"minecraft:sugar_cane":25,"minecraft:wall_torch":4,"minecraft:diorite":19,"minecraft:birch_planks":4,"minecraft:birch_log":31,"minecraft:wheat":26,"minecraft:birch_door":24,"minecraft:bee_nest":2,"minecraft:yellow_bed":4,"minecraft:grass":600,"minecraft:coal_ore":75,"minecraft:oak_log":364,"minecraft:beetroots":1,"minecraft:gravel":13,"minecraft:dirt":523,"minecraft:sand":2,"minecraft:acacia_door":3,"minecraft:tripwire_hook":1,"minecraft:netherrack":1,"minecraft:gold_ore":1,"minecraft:oak_leaves":102,"minecraft:deepslate":328},"minecraft:crafted":{"minecraft:oak_planks":1384,"minecraft:coal":27,"minecraft:tripwire_hook":2,"minecraft:furnace":7,"minecraft:lever":1,"minecraft:diamond_shovel":1,"minecraft:cooked_mutton":20,"minecraft:oak_trapdoor":30,"minecraft:diamond_helmet":1,"minecraft:diamond_leggings":1,"minecraft:iron_boots":2,"minecraft:iron_axe":1,"minecraft:stone_pickaxe":2,"minecraft:chest":8,"minecraft:diamond_boots":1,"minecraft:birch_door":12,"minecraft:stone_hoe":2,"minecraft:oak_fence":93,"minecraft:wheat":45,"minecraft:cooked_beef":44,"minecraft:oak_slab":78,"minecraft:diamond_sword":1,"minecraft:diamond_axe":1,"minecraft:crafting_table":7,"minecraft:enchanting_table":2,"minecraft:wooden_pickaxe":2,"minecraft:iron_helmet":1,"minecraft:iron_sword":1,"minecraft:bucket":3,"minecraft:birch_planks":76,"minecraft:stone_axe":2,"minecraft:bread":15,"minecraft:acacia_boat":1,"minecraft:air":0,"minecraft:oak_boat":3,"minecraft:book":5,"minecraft:iron_chestplate":2,"minecraft:paper":21,"minecraft:diamond_pickaxe":2,"minecraft:shield":2,"minecraft:stick":148,"minecraft:iron_ingot":76,"minecraft:iron_pickaxe":4,"minecraft:wooden_axe":1,"minecraft:stone_sword":1,"minecraft:iron_shovel":3,"minecraft:acacia_door":3,"minecraft:iron_leggings":1,"minecraft:acacia_planks":60,"minecraft:torch":120,"minecraft:shears":1,"minecraft:diamond_chestplate":1},"minecraft:killed_by":{"minecraft:skeleton":2},"minecraft:broken":{"minecraft:iron_shovel":1,"minecraft:stone_hoe":1},"minecraft:picked_up":{"minecraft:birch_door":25,"minecraft:iron_chestplate":1,"minecraft:crafting_table":21,"minecraft:bee_nest":1,"minecraft:chicken":1,"minecraft:clay_ball":52,"minecraft:string":26,"minecraft:oak_trapdoor":9,"minecraft:acacia_door":3,"minecraft:iron_axe":1,"immersive_aircraft:biplane":1,"minecraft:iron_leggings":2,"minecraft:diamond_leggings":1,"minecraft:cobbled_deepslate":367,"minecraft:beef":54,"minecraft:oak_boat":11,"minecraft:rose_bush":1,"minecraft:chest":5,"minecraft:poppy":3,"minecraft:light_gray_wool":1,"minecraft:coal_block":63,"minecraft:sugar_cane":62,"minecraft:iron_boots":1,"minecraft:furnace":13,"minecraft:egg":5,"minecraft:raw_iron":145,"minecraft:stick":16,"minecraft:sandstone":1,"the_bumblezone:bumble_bee_chestplate_2":2,"the_bumblezone:stingless_bee_helmet_2":2,"minecraft:oak_fence":3,"minecraft:torch":20,"minecraft:diorite":17,"minecraft:carrot":16,"minecraft:redstone":9,"the_bumblezone:bee_stinger":1,"minecraft:dark_oak_planks":11,"minecraft:arrow":2,"minecraft:rotten_flesh":1,"minecraft:beetroot_seeds":1,"minecraft:shears":1,"minecraft:hay_block":5,"minecraft:gold_ingot":22,"minecraft:totem_of_undying":2,"minecraft:obsidian":11,"minecraft:mutton":33,"minecraft:white_wool":16,"minecraft:cobblestone":361,"minecraft:oxeye_daisy":1,"minecraft:enchanting_table":1,"minecraft:birch_log":40,"minecraft:basalt":6,"minecraft:feather":2,"minecraft:cooked_beef":13,"minecraft:tripwire_hook":2,"minecraft:andesite":28,"minecraft:salmon":1,"minecraft:leather":33,"minecraft:brown_wool":1,"minecraft:acacia_wood":15,"minecraft:potato":22,"minecraft:birch_planks":3,"minecraft:flint":1,"minecraft:tuff":25,"minecraft:oak_log":375,"minecraft:yellow_bed":4,"minecraft:acacia_boat":5,"minecraft:lapis_lazuli":100,"minecraft:dirt":1296,"minecraft:kelp":2,"minecraft:wheat_seeds":106,"minecraft:raw_gold":6,"minecraft:bell":3,"minecraft:iron_ingot":4,"minecraft:fletching_table":1,"minecraft:iron_sword":2,"minecraft:oak_planks":81,"minecraft:honeycomb":77,"minecraft:oak_slab":21,"minecraft:dandelion":21,"minecraft:gravel":8,"minecraft:sand":2,"minecraft:white_bed":19,"minecraft:diamond_shovel":1,"minecraft:lever":3,"minecraft:diamond":45,"minecraft:stone_axe":1,"minecraft:iron_helmet":1,"minecraft:granite":36,"minecraft:gray_wool":2,"minecraft:bread":38,"minecraft:oak_sapling":10,"minecraft:netherrack":1,"minecraft:coal":121,"minecraft:oak_leaves":38},"minecraft:killed":{"minecraft:skeleton":2,"minecraft:bee":3,"minecraft:chicken":1,"minecraft:turtle":1,"minecraft:cat":2,"minecraft:salmon":2,"minecraft:iron_golem":1,"minecraft:sheep":19,"minecraft:zombie":2,"minecraft:villager":1,"minecraft:cow":26}},"DataVersion":3337}