{"stats":{"minecraft:used":{"minecraft:stone_sword":20,"minecraft:enchanting_table":3,"minecraft:shield":7,"minecraft:iron_sword":32,"minecraft:torch":42,"minecraft:dirt":27,"minecraft:tuff":25,"minecraft:granite":13,"minecraft:birch_door":30,"minecraft:wooden_axe":8,"minecraft:iron_axe":55,"minecraft:iron_boots":1,"minecraft:totem_of_undying":1,"minecraft:light_gray_wool":1,"minecraft:basalt":6,"minecraft:beef":1,"minecraft:furnace":17,"minecraft:egg":2,"minecraft:cooked_beef":14,"minecraft:cobbled_deepslate":186,"minecraft:acacia_planks":43,"minecraft:acacia_boat":4,"minecraft:water_bucket":45,"minecraft:diorite":5,"minecraft:birch_planks":12,"minecraft:stone_pickaxe":62,"minecraft:oak_planks":13,"minecraft:wooden_pickaxe":29,"minecraft:white_wool":2,"minecraft:crafting_table":20,"minecraft:diamond_pickaxe":365,"minecraft:diamond_shovel":29,"minecraft:acacia_door":3,"minecraft:bread":19,"minecraft:iron_pickaxe":649,"minecraft:stone_axe":77,"minecraft:cobblestone":142,"minecraft:bucket":47},"minecraft:custom":{"minecraft:mob_kills":34,"minecraft:interact_with_crafting_table":66,"minecraft:leave_game":13,"minecraft:time_since_death":60753,"minecraft:sprint_one_cm":325380,"minecraft:walk_one_cm":166987,"minecraft:damage_blocked_by_shield":435,"minecraft:drop":88,"minecraft:damage_dealt_absorbed":286,"minecraft:play_time":152662,"minecraft:deaths":2,"minecraft:sneak_time":14041,"minecraft:walk_under_water_one_cm":34808,"minecraft:boat_one_cm":77520,"minecraft:jump":2326,"minecraft:walk_on_water_one_cm":48937,"minecraft:enchant_item":10,"minecraft:total_world_time":152662,"minecraft:interact_with_furnace":113,"minecraft:time_since_rest":60759,"minecraft:damage_taken":2051,"minecraft:damage_absorbed":10,"minecraft:damage_dealt":4119,"minecraft:swim_one_cm":190226,"minecraft:player_kills":1,"minecraft:fly_one_cm":464540,"minecraft:crouch_one_cm":35821,"minecraft:fall_one_cm":47602},"minecraft:dropped":{"minecraft:iron_ingot":1,"minecraft:iron_sword":1,"minecraft:birch_planks":2,"minecraft:wheat_seeds":15,"minecraft:lapis_lazuli":46,"minecraft:iron_helmet":2,"minecraft:cobblestone":2,"minecraft:leather":3,"minecraft:granite":8,"minecraft:stick":2,"minecraft:dirt":6,"minecraft:gray_wool":1,"minecraft:diorite":9,"minecraft:torch":2,"minecraft:mutton":2,"minecraft:rose_bush":1,"minecraft:iron_leggings":3,"minecraft:sand":2,"minecraft:acacia_door":1,"minecraft:white_wool":2,"minecraft:redstone":5,"minecraft:gravel":2,"minecraft:stone_axe":2,"minecraft:sugar_cane":3,"minecraft:cobbled_deepslate":7,"minecraft:raw_iron":26,"minecraft:iron_boots":2,"minecraft:iron_chestplate":1,"minecraft:andesite":16,"minecraft:sandstone":1,"minecraft:wooden_pickaxe":1,"minecraft:arrow":2,"minecraft:raw_gold":5,"minecraft:netherrack":1},"minecraft:mined":{"minecraft:diamond_ore":2,"minecraft:tuff":25,"minecraft:deepslate_diamond_ore":44,"minecraft:obsidian":11,"minecraft:granite":24,"minecraft:grass_block":34,"minecraft:oxeye_daisy":1,"minecraft:sandstone":1,"minecraft:tall_seagrass":1,"minecraft:redstone_ore":2,"minecraft:furnace":13,"minecraft:iron_ore":124,"minecraft:cobbled_deepslate":11,"minecraft:fire":1,"minecraft:acacia_wood":15,"minecraft:andesite":29,"minecraft:enchanting_table":1,"minecraft:cave_vines":1,"minecraft:deepslate_iron_ore":16,"minecraft:stone":282,"minecraft:basalt":6,"minecraft:clay":13,"minecraft:crafting_table":18,"minecraft:torch":9,"minecraft:rose_bush":2,"minecraft:tall_grass":23,"minecraft:cobblestone":12,"minecraft:lapis_ore":12,"minecraft:deepslate_gold_ore":5,"minecraft:sugar_cane":22,"minecraft:diorite":18,"minecraft:wall_torch":3,"minecraft:birch_planks":4,"minecraft:birch_log":31,"minecraft:birch_door":24,"minecraft:grass":170,"minecraft:oak_log":21,"minecraft:coal_ore":75,"minecraft:gravel":4,"minecraft:acacia_door":1,"minecraft:sand":2,"minecraft:dirt":19,"minecraft:netherrack":1,"minecraft:gold_ore":1,"minecraft:deepslate":328},"minecraft:crafted":{"minecraft:oak_planks":72,"minecraft:furnace":7,"minecraft:diamond_shovel":1,"minecraft:cooked_mutton":9,"minecraft:diamond_helmet":1,"minecraft:diamond_leggings":1,"minecraft:iron_boots":2,"minecraft:iron_axe":1,"minecraft:stone_pickaxe":2,"minecraft:diamond_boots":1,"minecraft:birch_door":12,"minecraft:cooked_beef":28,"minecraft:crafting_table":4,"minecraft:enchanting_table":2,"minecraft:wooden_pickaxe":2,"minecraft:iron_helmet":1,"minecraft:iron_sword":1,"minecraft:bucket":3,"minecraft:birch_planks":76,"minecraft:stone_axe":2,"minecraft:acacia_boat":1,"minecraft:air":0,"minecraft:iron_chestplate":2,"minecraft:book":5,"minecraft:paper":18,"minecraft:diamond_pickaxe":2,"minecraft:shield":2,"minecraft:stick":56,"minecraft:iron_ingot":76,"minecraft:iron_pickaxe":4,"minecraft:wooden_axe":1,"minecraft:stone_sword":1,"minecraft:acacia_door":3,"minecraft:iron_leggings":1,"minecraft:acacia_planks":60,"minecraft:torch":40,"minecraft:diamond_chestplate":1},"minecraft:killed_by":{"minecraft:skeleton":2},"minecraft:picked_up":{"minecraft:crafting_table":18,"minecraft:iron_chestplate":1,"minecraft:birch_door":25,"minecraft:chicken":1,"minecraft:clay_ball":52,"minecraft:acacia_door":1,"minecraft:iron_axe":1,"minecraft:iron_leggings":2,"minecraft:cobbled_deepslate":337,"minecraft:beef":31,"minecraft:rose_bush":1,"minecraft:light_gray_wool":1,"minecraft:sugar_cane":57,"minecraft:furnace":13,"minecraft:iron_boots":1,"minecraft:egg":2,"minecraft:stick":1,"minecraft:raw_iron":145,"minecraft:sandstone":1,"minecraft:torch":16,"minecraft:diorite":17,"minecraft:redstone":9,"minecraft:arrow":2,"minecraft:rotten_flesh":1,"minecraft:obsidian":11,"minecraft:mutton":19,"minecraft:white_wool":10,"minecraft:cobblestone":293,"minecraft:birch_log":40,"minecraft:enchanting_table":1,"minecraft:feather":2,"minecraft:basalt":6,"minecraft:andesite":28,"minecraft:salmon":1,"minecraft:leather":21,"minecraft:acacia_wood":15,"minecraft:birch_planks":3,"minecraft:tuff":25,"minecraft:oak_log":24,"minecraft:acacia_boat":4,"minecraft:lapis_lazuli":100,"minecraft:dirt":52,"minecraft:wheat_seeds":20,"minecraft:raw_gold":6,"minecraft:iron_sword":2,"minecraft:gravel":4,"minecraft:sand":2,"minecraft:diamond":45,"minecraft:stone_axe":1,"minecraft:iron_helmet":1,"minecraft:granite":23,"minecraft:gray_wool":1,"minecraft:netherrack":1,"minecraft:coal":119},"minecraft:killed":{"minecraft:skeleton":2,"minecraft:chicken":1,"minecraft:turtle":1,"minecraft:salmon":2,"minecraft:sheep":12,"minecraft:zombie":2,"minecraft:cow":13}},"DataVersion":3337}