{"stats":{"minecraft:used":{"minecraft:spider_spawn_egg":2,"minecraft:netherite_sword":2,"minecraft:cow_spawn_egg":5,"minecraft:ender_pearl":2,"minecraft:redstone_block":6,"the_bumblezone:beehemoth_spawn_egg":2,"the_bumblezone:stingless_bee_helmet_2":1,"minecraft:bee_spawn_egg":3,"immersive_aircraft:cargo_airship":1,"additionaladditions:glow_stick":2,"minecraft:skeleton_spawn_egg":1,"minecraft:crafting_table":1,"minecraft:bee_nest":2,"undergarden:forgotten_sword":7,"minecraft:honey_bottle":31,"minecraft:creeper_spawn_egg":6,"undergarden:rotbeast_spawn_egg":1,"minecraft:command_block":13,"minecraft:iron_axe":16,"minecraft:grass_block":2,"minecraft:bread":1,"minecraft:stone_button":4,"minecraft:totem_of_undying":4,"minecraft:deepslate":1,"minecraft:bedrock":1,"minecraft:honeycomb_block":12,"additionaladditions:gilded_netherite_sword":10,"minecraft:wooden_sword":2,"immersive_aircraft:gyrodyne":12,"minecraft:chain_command_block":11,"minecraft:repeating_command_block":10,"immersive_aircraft:biplane":1,"minecraft:stone_pressure_plate":6,"minecraft:splash_potion":1},"minecraft:custom":{"minecraft:mob_kills":10,"minecraft:leave_game":6,"minecraft:time_since_death":16509,"minecraft:time_since_rest":16511,"minecraft:sprint_one_cm":62400,"minecraft:walk_one_cm":52171,"minecraft:damage_taken":1779,"minecraft:damage_absorbed":90,"minecraft:drop":19,"minecraft:damage_dealt":2431,"minecraft:damage_dealt_absorbed":80,"minecraft:fly_one_cm":957903,"minecraft:crouch_one_cm":1832,"minecraft:play_time":238437,"minecraft:deaths":11,"minecraft:sneak_time":6992,"minecraft:walk_under_water_one_cm":37853,"the_bumblezone:bumble_bee_chestplate_fly_time":282,"minecraft:jump":605,"minecraft:walk_on_water_one_cm":8001,"minecraft:total_world_time":238437,"minecraft:fall_one_cm":17553},"minecraft:dropped":{"minecraft:bread":2,"minecraft:oak_log":3,"minecraft:wheat":5,"minecraft:cobblestone":1,"minecraft:rotten_flesh":1,"additionaladditions:glow_stick":2,"minecraft:totem_of_undying":3,"the_bumblezone:bumble_bee_chestplate_2":1,"minecraft:coal":65,"minecraft:dirt":2,"minecraft:andesite":2,"immersive_aircraft:cargo_airship":1},"minecraft:mined":{"minecraft:grass_block":2,"minecraft:birch_log":4,"minecraft:grass":2,"minecraft:oak_log":3},"minecraft:killed_by":{"minecraft:skeleton":1,"minecraft:spider":1},"minecraft:picked_up":{"minecraft:birch_log":4,"minecraft:wheat":10,"minecraft:chicken":1,"immersive_aircraft:nether_engine":2,"minecraft:andesite":2,"minecraft:oak_log":3,"minecraft:gunpowder":64,"immersive_aircraft:gyrodyne":3,"minecraft:dirt":6,"minecraft:iron_leggings":1,"minecraft:beef":3,"minecraft:iron_boots":1,"the_bumblezone:bumble_bee_chestplate_2":1,"immersive_aircraft:sturdy_pipes":2,"immersive_aircraft:rotary_cannon":2,"minecraft:dark_oak_log":1,"minecraft:rotten_flesh":1,"minecraft:command_block":1,"additionaladditions:glow_stick":2,"the_bumblezone:pollen_puff":20,"minecraft:totem_of_undying":1,"immersive_aircraft:steel_boiler":2,"minecraft:coal":1,"minecraft:ender_pearl":16,"minecraft:cobblestone":1,"undergarden:utheric_shard":7},"minecraft:killed":{"undergarden:rotbeast":1,"the_bumblezone:beehemoth":2,"minecraft:skeleton":1,"minecraft:cow":5}},"DataVersion":3337}