{"stats":{"minecraft:picked_up":{"minecraft:seagrass":1,"minecraft:magma_block":53,"minecraft:feather":2,"minecraft:jungle_log":128,"minecraft:andesite":2,"minecraft:brown_mushroom":2,"minecraft:red_mushroom":2,"minecraft:oak_stairs":1,"minecraft:flint":2,"minecraft:nether_wart_block":3,"minecraft:cobblestone_wall":4,"minecraft:string":1,"minecraft:dirt":638,"minecraft:raw_copper":5,"minecraft:flint_and_steel":2,"minecraft:spawner":1,"minecraft:twisting_vines":35,"minecraft:wheat_seeds":9,"minecraft:iron_ingot":91,"minecraft:oak_boat":42,"minecraft:poppy":21,"minecraft:iron_pickaxe":5,"minecraft:tipped_arrow":120,"minecraft:sandstone":8,"minecraft:stone":7,"minecraft:torch":203,"minecraft:gravel":10,"minecraft:sand":28,"minecraft:diorite":12,"minecraft:grass_block":277,"minecraft:spider_eye":1,"minecraft:tnt":112,"minecraft:weeping_vines":1,"minecraft:rotten_flesh":5,"minecraft:diamond":20,"minecraft:granite":5,"minecraft:crossbow":2,"minecraft:totem_of_undying":5,"minecraft:netherrack":793,"minecraft:coal":6,"minecraft:oak_leaves":2,"minecraft:diamond_pickaxe":1,"minecraft:cobblestone":853,"minecraft:wet_sponge":1},"minecraft:used":{"minecraft:water_bucket":20,"minecraft:netherite_sword":45,"minecraft:stone_sword":9,"minecraft:flint_and_steel":92,"minecraft:mycelium":3,"minecraft:iron_golem_spawn_egg":30,"minecraft:chest":6,"minecraft:shield":11,"minecraft:sandstone":8,"minecraft:stone":1,"minecraft:iron_sword":5,"minecraft:gilded_blackstone":2,"minecraft:torch":12,"minecraft:dirt":40,"minecraft:sand":14,"minecraft:yellow_terracotta":1,"minecraft:tnt":312,"minecraft:hopper":5,"minecraft:cobblestone_wall":41,"minecraft:acacia_leaves":16,"minecraft:crossbow":6,"minecraft:sponge":262,"minecraft:spruce_log":3,"minecraft:obsidian":28,"minecraft:lava_bucket":17,"minecraft:acacia_sign":9,"minecraft:grass_block":37,"minecraft:oak_stairs":1,"minecraft:spawner":8,"minecraft:totem_of_undying":5,"minecraft:birch_trapdoor":2,"minecraft:bow":24,"minecraft:cobblestone":14,"minecraft:end_crystal":1,"minecraft:podzol":1,"minecraft:white_stained_glass":4,"minecraft:pearlescent_froglight":8,"minecraft:bone_meal":46,"minecraft:splash_potion":24},"minecraft:killed_by":{"minecraft:piglin":1,"minecraft:player":4,"minecraft:zombie":2},"minecraft:dropped":{"minecraft:enchanted_book":1,"minecraft:iron_ingot":91,"minecraft:netherite_pickaxe":9,"minecraft:netherite_hoe":1,"minecraft:wheat_seeds":2,"minecraft:tnt":64,"minecraft:golden_pickaxe":1,"minecraft:twisting_vines":35,"minecraft:feather":2,"minecraft:cobblestone":8,"minecraft:iron_hoe":2,"minecraft:totem_of_undying":15,"minecraft:grass_block":339,"minecraft:poppy":4,"minecraft:torch":1,"minecraft:leather_horse_armor":1,"minecraft:diamond_pickaxe":3,"minecraft:jungle_log":128,"minecraft:oak_boat":9,"minecraft:iron_axe":1,"minecraft:wooden_pickaxe":1,"minecraft:iron_pickaxe":7,"minecraft:magma_block":52,"minecraft:string":1,"minecraft:oak_leaves":2,"minecraft:netherrack":64},"minecraft:custom":{"minecraft:mob_kills":6,"minecraft:inspect_hopper":2,"minecraft:leave_game":43,"minecraft:time_since_death":38854,"minecraft:sleep_in_bed":1,"minecraft:climb_one_cm":2478,"minecraft:time_since_rest":38886,"minecraft:damage_absorbed":155,"minecraft:sprint_one_cm":753349,"minecraft:damage_taken":6244,"minecraft:walk_one_cm":412799,"minecraft:damage_blocked_by_shield":33,"minecraft:drop":91,"minecraft:damage_dealt":3919,"minecraft:swim_one_cm":5058,"minecraft:fly_one_cm":3554719,"minecraft:player_kills":1869,"minecraft:open_chest":12,"minecraft:crouch_one_cm":13227,"minecraft:play_time":520767,"minecraft:deaths":23,"minecraft:sneak_time":10595,"minecraft:walk_under_water_one_cm":99398,"minecraft:jump":2064,"minecraft:walk_on_water_one_cm":123125,"minecraft:total_world_time":520767,"minecraft:fall_one_cm":25171},"minecraft:killed":{"minecraft:piglin":1,"minecraft:zombified_piglin":1},"minecraft:mined":{"minecraft:short_grass":382,"minecraft:poppy":4,"minecraft:tall_grass":18,"minecraft:fern":13},"minecraft:broken":{"minecraft:flint_and_steel":1}},"DataVersion":3700}