{"stats":{"minecraft:used":{"minecraft:creeper_spawn_egg":6,"minecraft:netherite_sword":2,"minecraft:cow_spawn_egg":5,"minecraft:command_block":11,"minecraft:bread":1,"minecraft:grass_block":2,"minecraft:iron_axe":16,"minecraft:stone_button":4,"minecraft:redstone_block":3,"minecraft:deepslate":1,"minecraft:totem_of_undying":4,"minecraft:wooden_sword":2,"immersive_aircraft:cargo_airship":1,"minecraft:bedrock":1,"additionaladditions:glow_stick":2,"additionaladditions:gilded_netherite_sword":2,"minecraft:skeleton_spawn_egg":1,"minecraft:crafting_table":1,"minecraft:chain_command_block":9,"immersive_aircraft:gyrodyne":11,"minecraft:repeating_command_block":10,"minecraft:stone_pressure_plate":6,"minecraft:spider_spawn_egg":2},"minecraft:dropped":{"minecraft:bread":2,"minecraft:oak_log":3,"minecraft:andesite":2,"minecraft:wheat":5,"minecraft:rotten_flesh":1,"minecraft:cobblestone":1,"additionaladditions:glow_stick":2,"immersive_aircraft:cargo_airship":1,"minecraft:coal":65},"minecraft:custom":{"minecraft:time_since_rest":6502,"minecraft:sprint_one_cm":54513,"minecraft:damage_absorbed":90,"minecraft:damage_taken":1649,"minecraft:walk_one_cm":43385,"minecraft:mob_kills":7,"minecraft:drop":13,"minecraft:damage_dealt":1032,"minecraft:damage_dealt_absorbed":80,"minecraft:fly_one_cm":775899,"minecraft:crouch_one_cm":1725,"minecraft:play_time":202462,"minecraft:deaths":7,"minecraft:sneak_time":6445,"minecraft:walk_under_water_one_cm":35104,"minecraft:jump":547,"minecraft:leave_game":6,"minecraft:time_since_death":6500,"minecraft:walk_on_water_one_cm":6786,"minecraft:total_world_time":202462,"minecraft:fall_one_cm":13947},"minecraft:mined":{"minecraft:birch_log":4,"minecraft:grass":2,"minecraft:grass_block":2,"minecraft:oak_log":3},"minecraft:killed_by":{"minecraft:skeleton":1,"minecraft:spider":1},"minecraft:picked_up":{"minecraft:birch_log":4,"minecraft:wheat":10,"minecraft:chicken":1,"immersive_aircraft:nether_engine":2,"minecraft:andesite":2,"immersive_aircraft:sturdy_pipes":2,"minecraft:oak_log":3,"immersive_aircraft:rotary_cannon":2,"minecraft:gunpowder":64,"immersive_aircraft:gyrodyne":3,"minecraft:dark_oak_log":1,"minecraft:dirt":1,"minecraft:iron_leggings":1,"minecraft:command_block":1,"minecraft:rotten_flesh":1,"additionaladditions:glow_stick":2,"minecraft:beef":3,"immersive_aircraft:steel_boiler":2,"minecraft:coal":1,"minecraft:cobblestone":1,"minecraft:iron_boots":1},"minecraft:killed":{"minecraft:skeleton":1,"minecraft:cow":5}},"DataVersion":3337}