{"stats":{"minecraft:used":{"undergarden:gwib_spawn_egg":2,"minecraft:moss_block":1,"minecraft:oak_fence":1,"minecraft:netherite_sword":11,"undergarden:gloomper_spawn_egg":2,"minecraft:poppy":21,"minecraft:chest":1,"additionaladditions:rope":1,"minecraft:zombie_spawn_egg":1,"undergarden:rotling_spawn_egg":2,"the_bumblezone:beehemoth_spawn_egg":2,"the_bumblezone:honey_slime_spawn_egg":7,"minecraft:bee_spawn_egg":32,"undergarden:muncher_spawn_egg":3,"additionaladditions:glow_stick":2,"minecraft:anvil":1,"minecraft:skeleton_spawn_egg":4,"minecraft:oak_wood":1,"minecraft:bee_nest":6,"minecraft:honey_bottle":31,"minecraft:grass_block":3,"minecraft:iron_axe":16,"minecraft:spawner":28,"minecraft:totem_of_undying":4,"minecraft:bedrock":1,"minecraft:red_carpet":2,"minecraft:honeycomb_block":12,"minecraft:stone_pressure_plate":7,"immersive_aircraft:biplane":1,"the_bumblezone:crystal_cannon":74,"undergarden:sploogie_spawn_egg":1,"minecraft:spider_spawn_egg":2,"the_bumblezone:bumble_bee_chestplate_2":3,"minecraft:cow_spawn_egg":5,"the_bumblezone:super_candle_yellow":2,"minecraft:ender_pearl":10,"minecraft:redstone_block":9,"the_bumblezone:stingless_bee_helmet_2":1,"immersive_aircraft:cargo_airship":1,"minecraft:glow_item_frame":9,"minecraft:yellow_terracotta":3,"minecraft:crafting_table":1,"undergarden:forgotten_guardian_spawn_egg":3,"minecraft:campfire":3,"minecraft:lingering_potion":46,"undergarden:forgotten_sword":7,"minecraft:creeper_spawn_egg":11,"undergarden:rotbeast_spawn_egg":1,"minecraft:command_block":15,"minecraft:bread":1,"minecraft:oak_button":2,"minecraft:stone_button":4,"minecraft:deepslate":1,"minecraft:wooden_sword":2,"additionaladditions:gilded_netherite_sword":10,"the_bumblezone:bee_queen_spawn_egg":4,"minecraft:chain_command_block":14,"immersive_aircraft:gyrodyne":13,"minecraft:repeating_command_block":10,"the_bumblezone:bumble_bee_chestplate_1":1,"minecraft:splash_potion":67},"minecraft:custom":{"minecraft:interact_with_anvil":2,"minecraft:mob_kills":13,"minecraft:interact_with_crafting_table":2,"minecraft:leave_game":6,"minecraft:time_since_death":38501,"minecraft:sprint_one_cm":191035,"minecraft:walk_one_cm":136545,"minecraft:drop":150,"minecraft:damage_dealt_absorbed":110,"minecraft:play_time":454437,"minecraft:walk_under_water_one_cm":42726,"minecraft:deaths":17,"minecraft:sneak_time":10127,"the_bumblezone:bumble_bee_chestplate_fly_time":583,"minecraft:jump":1352,"minecraft:walk_on_water_one_cm":9824,"minecraft:total_world_time":454437,"minecraft:interact_with_furnace":2,"minecraft:time_since_rest":38503,"minecraft:damage_taken":2079,"minecraft:damage_absorbed":90,"minecraft:damage_dealt":3326,"minecraft:swim_one_cm":2474,"minecraft:fly_one_cm":1265197,"minecraft:player_kills":1,"minecraft:open_chest":14,"minecraft:crouch_one_cm":4541,"minecraft:fall_one_cm":20044},"minecraft:dropped":{"minecraft:bread":294,"the_bumblezone:honeycomb_brood_block":64,"minecraft:iron_sword":1,"minecraft:wheat_seeds":2,"minecraft:oak_log":3,"the_bumblezone:glistering_honey_crystal":64,"minecraft:ender_pearl":2,"minecraft:crafting_table":1,"the_bumblezone:carvable_wax_bricks":128,"minecraft:cobblestone":1,"minecraft:iron_helmet":4,"minecraft:honeycomb":12,"the_bumblezone:carvable_wax_chiseled":64,"minecraft:coal":65,"the_bumblezone:carvable_wax_wavy":64,"minecraft:dirt":2,"additionaladditions:chicken_nugget":1,"additionaladditions:honeyed_apple":1,"the_bumblezone:carvable_wax_diamond":128,"the_bumblezone:filled_porous_honeycomb_block":64,"minecraft:iron_leggings":4,"additionaladditions:rose_gold_alloy":2,"minecraft:iron_axe":5,"the_bumblezone:porous_honeycomb_block":64,"the_bumblezone:honey_crystal":64,"the_bumblezone:sugar_infused_stone":64,"minecraft:iron_pickaxe":5,"minecraft:honeycomb_block":128,"the_bumblezone:empty_honeycomb_brood_block":64,"the_bumblezone:beehive_beeswax":64,"minecraft:wheat":5,"the_bumblezone:stingless_bee_helmet_2":1,"minecraft:rotten_flesh":1,"minecraft:iron_boots":5,"additionaladditions:rope":1,"additionaladditions:glow_stick":2,"minecraft:white_bed":18,"the_bumblezone:bumble_bee_chestplate_2":2,"minecraft:totem_of_undying":4,"the_bumblezone:carvable_wax_flower":64,"minecraft:shield":3,"the_bumblezone:sugar_infused_cobblestone":64,"minecraft:iron_chestplate":4,"minecraft:andesite":2,"additionaladditions:rose_gold_sword":4,"the_bumblezone:honey_bucket":1,"immersive_aircraft:cargo_airship":1,"the_bumblezone:carvable_wax":64},"minecraft:mined":{"minecraft:grass_block":2,"minecraft:birch_log":4,"minecraft:grass":2,"minecraft:oak_log":3},"minecraft:crafted":{"additionaladditions:rose_gold_alloy":16},"minecraft:killed_by":{"minecraft:spider":1,"minecraft:skeleton":1},"minecraft:picked_up":{"minecraft:crafting_table":1,"minecraft:wheat":10,"minecraft:chicken":1,"the_bumblezone:honey_crystal_shards":1,"minecraft:iron_leggings":1,"minecraft:cobbled_deepslate":2,"minecraft:beef":3,"minecraft:iron_boots":2,"minecraft:stick":1,"the_bumblezone:bumble_bee_chestplate_2":1,"the_bumblezone:stingless_bee_helmet_2":1,"minecraft:honeycomb_block":64,"immersive_aircraft:rotary_cannon":2,"the_bumblezone:bee_stinger":1,"minecraft:command_block":1,"minecraft:rotten_flesh":1,"additionaladditions:glow_stick":2,"minecraft:totem_of_undying":1,"minecraft:cobblestone":1,"minecraft:birch_log":4,"immersive_aircraft:nether_engine":2,"minecraft:andesite":2,"the_bumblezone:carvable_wax_diamond":64,"minecraft:flint":1,"minecraft:oak_log":3,"minecraft:gunpowder":64,"immersive_aircraft:gyrodyne":3,"the_bumblezone:carvable_wax_bricks":64,"wildwestguns2_3d:bullet_22":64,"minecraft:dirt":10,"minecraft:lantern":1,"minecraft:bone":1,"minecraft:wheat_seeds":3,"additionaladditions:rope":1,"minecraft:honeycomb":25,"wildwestguns2_3d:bullet_4570":64,"immersive_aircraft:sturdy_pipes":2,"minecraft:gravel":4,"minecraft:white_bed":3,"minecraft:dark_oak_log":1,"minecraft:oak_wood":1,"minecraft:sugar":2,"minecraft:slime_ball":6,"minecraft:diamond":5,"the_bumblezone:pollen_puff":20,"minecraft:bread":5,"immersive_aircraft:steel_boiler":2,"minecraft:coal":1,"undergarden:utheric_shard":7,"minecraft:ender_pearl":16},"minecraft:killed":{"undergarden:rotbeast":1,"minecraft:skeleton":1,"minecraft:bee":1,"the_bumblezone:beehemoth":2,"minecraft:zombie":1,"minecraft:cow":5}},"DataVersion":3337}