{"stats":{"minecraft:used":{"minecraft:trident":4,"minecraft:grass_block":26,"minecraft:dispenser":1,"minecraft:ender_pearl":1,"minecraft:leather_helmet":2,"minecraft:iron_sword":17,"minecraft:zombie_spawn_egg":4,"minecraft:redstone_block":2,"minecraft:totem_of_undying":1,"minecraft:dirt":2,"minecraft:bow":58,"minecraft:goat_horn":1,"minecraft:repeating_command_block":3},"minecraft:killed_by":{"minecraft:enderman":1},"minecraft:picked_up":{"minecraft:cooked_beef":64,"minecraft:feather":1,"minecraft:chicken":1,"minecraft:sand":2,"minecraft:trident":3,"minecraft:gunpowder":2,"minecraft:goat_horn":1,"minecraft:spider_eye":1,"minecraft:string":2,"minecraft:dirt":1,"minecraft:leather_helmet":1,"minecraft:stone_sword":5,"minecraft:bone":2,"minecraft:rotten_flesh":3,"minecraft:netherite_sword":2,"minecraft:cooked_chicken":3,"minecraft:netherite_axe":1,"minecraft:totem_of_undying":118,"minecraft:iron_sword":4,"minecraft:ender_pearl":5,"minecraft:egg":1},"minecraft:dropped":{"minecraft:iron_sword":3,"minecraft:cooked_chicken":3,"minecraft:stone_sword":5,"minecraft:ender_pearl":3,"minecraft:netherite_sword":2,"minecraft:chicken":1,"minecraft:feather":1,"minecraft:sand":1,"minecraft:bow":3,"minecraft:string":2,"minecraft:totem_of_undying":3},"minecraft:custom":{"minecraft:time_since_rest":108779,"minecraft:sprint_one_cm":52026,"minecraft:damage_taken":825,"minecraft:walk_one_cm":40144,"minecraft:mob_kills":19,"minecraft:drop":22,"minecraft:damage_dealt":1047,"minecraft:fly_one_cm":420501,"minecraft:player_kills":4,"minecraft:crouch_one_cm":1619,"minecraft:play_time":159761,"minecraft:deaths":1,"minecraft:sneak_time":1333,"minecraft:walk_under_water_one_cm":1912,"minecraft:jump":260,"minecraft:leave_game":5,"minecraft:walk_on_water_one_cm":1202,"minecraft:time_since_death":108759,"minecraft:total_world_time":159761,"minecraft:fall_one_cm":4565,"minecraft:inspect_dispenser":1},"minecraft:killed":{"minecraft:skeleton":1,"minecraft:husk":1,"minecraft:chicken":1,"minecraft:spider":2,"minecraft:endermite":1,"minecraft:enderman":13}},"DataVersion":3700}