{"stats":{"minecraft:used":{"minecraft:spider_spawn_egg":2,"minecraft:oak_fence":1,"minecraft:moss_block":1,"the_bumblezone:bumble_bee_chestplate_2":1,"minecraft:netherite_sword":2,"minecraft:cow_spawn_egg":5,"minecraft:poppy":21,"minecraft:ender_pearl":5,"minecraft:redstone_block":6,"the_bumblezone:beehemoth_spawn_egg":2,"the_bumblezone:stingless_bee_helmet_2":1,"minecraft:bee_spawn_egg":16,"immersive_aircraft:cargo_airship":1,"minecraft:glow_item_frame":9,"additionaladditions:glow_stick":2,"minecraft:skeleton_spawn_egg":1,"minecraft:crafting_table":1,"minecraft:campfire":3,"minecraft:oak_wood":1,"minecraft:bee_nest":6,"undergarden:forgotten_sword":7,"minecraft:honey_bottle":31,"minecraft:creeper_spawn_egg":6,"undergarden:rotbeast_spawn_egg":1,"minecraft:command_block":13,"minecraft:iron_axe":16,"minecraft:grass_block":2,"minecraft:bread":1,"minecraft:oak_button":1,"minecraft:stone_button":4,"minecraft:totem_of_undying":4,"minecraft:deepslate":1,"minecraft:red_carpet":2,"minecraft:bedrock":1,"minecraft:honeycomb_block":12,"additionaladditions:gilded_netherite_sword":10,"minecraft:wooden_sword":2,"immersive_aircraft:gyrodyne":12,"minecraft:chain_command_block":11,"minecraft:repeating_command_block":10,"the_bumblezone:bumble_bee_chestplate_1":1,"immersive_aircraft:biplane":1,"minecraft:stone_pressure_plate":6,"the_bumblezone:crystal_cannon":67,"minecraft:splash_potion":11},"minecraft:custom":{"minecraft:interact_with_furnace":1,"minecraft:mob_kills":11,"minecraft:interact_with_crafting_table":2,"minecraft:leave_game":6,"minecraft:time_since_death":65147,"minecraft:time_since_rest":65149,"minecraft:sprint_one_cm":110844,"minecraft:walk_one_cm":93209,"minecraft:damage_taken":1779,"minecraft:damage_absorbed":90,"minecraft:drop":64,"minecraft:damage_dealt":2468,"minecraft:damage_dealt_absorbed":80,"minecraft:fly_one_cm":1030293,"minecraft:player_kills":1,"minecraft:open_chest":3,"minecraft:crouch_one_cm":2549,"minecraft:play_time":328437,"minecraft:deaths":12,"minecraft:sneak_time":8090,"minecraft:walk_under_water_one_cm":37885,"the_bumblezone:bumble_bee_chestplate_fly_time":488,"minecraft:jump":965,"minecraft:walk_on_water_one_cm":8001,"minecraft:total_world_time":328437,"minecraft:fall_one_cm":17553},"minecraft:dropped":{"minecraft:bread":38,"minecraft:wheat_seeds":2,"minecraft:oak_log":3,"minecraft:ender_pearl":1,"minecraft:wheat":5,"the_bumblezone:stingless_bee_helmet_2":1,"minecraft:cobblestone":1,"minecraft:rotten_flesh":1,"minecraft:honeycomb":2,"additionaladditions:glow_stick":2,"minecraft:white_bed":1,"minecraft:totem_of_undying":3,"the_bumblezone:bumble_bee_chestplate_2":1,"minecraft:coal":65,"minecraft:dirt":2,"minecraft:andesite":2,"additionaladditions:rose_gold_alloy":2,"immersive_aircraft:cargo_airship":1},"minecraft:mined":{"minecraft:grass_block":2,"minecraft:birch_log":4,"minecraft:grass":2,"minecraft:oak_log":3},"minecraft:crafted":{"additionaladditions:rose_gold_alloy":16},"minecraft:killed_by":{"minecraft:skeleton":1,"minecraft:spider":1},"minecraft:picked_up":{"minecraft:birch_log":4,"minecraft:wheat":10,"minecraft:chicken":1,"immersive_aircraft:nether_engine":2,"minecraft:andesite":2,"minecraft:oak_log":3,"minecraft:gunpowder":64,"immersive_aircraft:gyrodyne":3,"minecraft:dirt":10,"minecraft:iron_leggings":1,"minecraft:wheat_seeds":3,"minecraft:beef":3,"minecraft:iron_boots":1,"the_bumblezone:bumble_bee_chestplate_2":1,"the_bumblezone:stingless_bee_helmet_2":1,"immersive_aircraft:sturdy_pipes":2,"immersive_aircraft:rotary_cannon":2,"minecraft:dark_oak_log":1,"minecraft:oak_wood":1,"minecraft:rotten_flesh":1,"minecraft:command_block":1,"additionaladditions:glow_stick":2,"the_bumblezone:pollen_puff":20,"minecraft:totem_of_undying":1,"immersive_aircraft:steel_boiler":2,"minecraft:coal":1,"minecraft:ender_pearl":16,"minecraft:cobblestone":1,"undergarden:utheric_shard":7},"minecraft:killed":{"undergarden:rotbeast":1,"the_bumblezone:beehemoth":2,"minecraft:skeleton":1,"minecraft:bee":1,"minecraft:cow":5}},"DataVersion":3337}