{"stats":{"minecraft:used":{"minecraft:creeper_spawn_egg":6,"minecraft:netherite_sword":2,"minecraft:cow_spawn_egg":5,"minecraft:command_block":6,"minecraft:bread":1,"minecraft:grass_block":2,"minecraft:iron_axe":16,"minecraft:stone_button":4,"minecraft:redstone_block":1,"minecraft:totem_of_undying":4,"minecraft:bedrock":1,"immersive_aircraft:cargo_airship":1,"additionaladditions:glow_stick":2,"additionaladditions:gilded_netherite_sword":2,"minecraft:skeleton_spawn_egg":1,"minecraft:chain_command_block":5,"immersive_aircraft:gyrodyne":10,"minecraft:repeating_command_block":6,"minecraft:stone_pressure_plate":5},"minecraft:dropped":{"minecraft:bread":2,"minecraft:oak_log":3,"minecraft:rotten_flesh":1,"minecraft:cobblestone":1,"additionaladditions:glow_stick":2,"immersive_aircraft:cargo_airship":1,"minecraft:coal":65},"minecraft:custom":{"minecraft:time_since_rest":8245,"minecraft:sprint_one_cm":46206,"minecraft:damage_taken":1459,"minecraft:damage_absorbed":90,"minecraft:walk_one_cm":35040,"minecraft:mob_kills":7,"minecraft:drop":11,"minecraft:damage_dealt":929,"minecraft:damage_dealt_absorbed":80,"minecraft:fly_one_cm":427693,"minecraft:crouch_one_cm":1342,"minecraft:play_time":148667,"minecraft:deaths":3,"minecraft:sneak_time":4578,"minecraft:walk_under_water_one_cm":20968,"minecraft:jump":477,"minecraft:leave_game":3,"minecraft:walk_on_water_one_cm":3690,"minecraft:time_since_death":8243,"minecraft:total_world_time":148667,"minecraft:fall_one_cm":12633},"minecraft:mined":{"minecraft:birch_log":4,"minecraft:grass":2,"minecraft:grass_block":2,"minecraft:oak_log":3},"minecraft:killed_by":{"minecraft:skeleton":1},"minecraft:picked_up":{"minecraft:birch_log":4,"minecraft:chicken":1,"immersive_aircraft:nether_engine":2,"immersive_aircraft:sturdy_pipes":2,"minecraft:oak_log":3,"immersive_aircraft:rotary_cannon":2,"minecraft:gunpowder":64,"immersive_aircraft:gyrodyne":2,"minecraft:dark_oak_log":1,"minecraft:dirt":1,"minecraft:iron_leggings":1,"minecraft:command_block":1,"minecraft:rotten_flesh":1,"additionaladditions:glow_stick":2,"minecraft:beef":3,"immersive_aircraft:steel_boiler":2,"minecraft:coal":1,"minecraft:iron_boots":1,"minecraft:cobblestone":1},"minecraft:killed":{"minecraft:skeleton":1,"minecraft:cow":5}},"DataVersion":3337}