{"stats":{"minecraft:used":{"minecraft:trident":4,"minecraft:grass_block":26,"minecraft:dispenser":1,"minecraft:ender_pearl":1,"minecraft:leather_helmet":2,"minecraft:zombie_spawn_egg":3,"minecraft:redstone_block":2,"minecraft:totem_of_undying":1,"minecraft:bow":58,"minecraft:goat_horn":1,"minecraft:repeating_command_block":3},"minecraft:killed_by":{"minecraft:enderman":1},"minecraft:dropped":{"minecraft:cooked_chicken":3,"minecraft:stone_sword":5,"minecraft:ender_pearl":3,"minecraft:chicken":1,"minecraft:feather":1,"minecraft:sand":1,"minecraft:bow":3,"minecraft:string":2,"minecraft:totem_of_undying":1},"minecraft:picked_up":{"minecraft:cooked_beef":64,"minecraft:feather":1,"minecraft:chicken":1,"minecraft:sand":2,"minecraft:gunpowder":2,"minecraft:trident":3,"minecraft:goat_horn":1,"minecraft:string":2,"minecraft:leather_helmet":1,"minecraft:stone_sword":5,"minecraft:rotten_flesh":1,"minecraft:netherite_sword":1,"minecraft:cooked_chicken":3,"minecraft:netherite_axe":1,"minecraft:totem_of_undying":117,"minecraft:ender_pearl":5,"minecraft:egg":1},"minecraft:custom":{"minecraft:time_since_rest":44651,"minecraft:sprint_one_cm":40374,"minecraft:damage_taken":825,"minecraft:walk_one_cm":32622,"minecraft:mob_kills":15,"minecraft:drop":15,"minecraft:damage_dealt":15,"minecraft:player_kills":3,"minecraft:fly_one_cm":165581,"minecraft:crouch_one_cm":1166,"minecraft:play_time":95633,"minecraft:deaths":1,"minecraft:sneak_time":841,"minecraft:jump":221,"minecraft:time_since_death":44631,"minecraft:leave_game":3,"minecraft:walk_on_water_one_cm":251,"minecraft:total_world_time":95633,"minecraft:fall_one_cm":4565,"minecraft:inspect_dispenser":1},"minecraft:killed":{"minecraft:chicken":1,"minecraft:spider":1,"minecraft:endermite":1,"minecraft:enderman":12}},"DataVersion":3700}