{"stats":{"minecraft:used":{"the_bumblezone:sugar_water_bucket":1,"undergarden:gwib_spawn_egg":2,"minecraft:moss_block":1,"minecraft:oak_fence":1,"additionaladditions:rose_gold_sword":17,"minecraft:netherite_sword":11,"undergarden:gloomper_spawn_egg":2,"minecraft:poppy":21,"minecraft:chest":1,"additionaladditions:rope":1,"minecraft:zombie_spawn_egg":1,"undergarden:rotling_spawn_egg":2,"the_bumblezone:beehemoth_spawn_egg":3,"the_bumblezone:honey_slime_spawn_egg":7,"minecraft:bee_spawn_egg":33,"undergarden:muncher_spawn_egg":3,"additionaladditions:glow_stick":2,"minecraft:birch_pressure_plate":2,"minecraft:soul_sand":8,"minecraft:anvil":1,"minecraft:skeleton_spawn_egg":4,"minecraft:oak_wood":1,"minecraft:bee_nest":6,"minecraft:honey_bottle":31,"minecraft:glass":9,"minecraft:grass_block":3,"minecraft:iron_axe":16,"minecraft:spawner":29,"minecraft:totem_of_undying":11,"minecraft:bedrock":1,"minecraft:red_carpet":2,"minecraft:honeycomb_block":12,"minecraft:stone_pressure_plate":7,"immersive_aircraft:biplane":2,"the_bumblezone:crystal_cannon":74,"undergarden:sploogie_spawn_egg":1,"minecraft:spider_spawn_egg":2,"the_bumblezone:bumble_bee_chestplate_2":3,"minecraft:cow_spawn_egg":5,"minecraft:wither_skeleton_skull":5,"the_bumblezone:super_candle_yellow":2,"minecraft:ender_pearl":12,"minecraft:redstone_block":10,"the_bumblezone:stingless_bee_helmet_2":1,"minecraft:golden_apple":2,"immersive_aircraft:cargo_airship":2,"minecraft:glow_item_frame":9,"minecraft:sand":6,"minecraft:yellow_terracotta":3,"minecraft:crafting_table":1,"undergarden:forgotten_guardian_spawn_egg":7,"minecraft:campfire":3,"minecraft:lingering_potion":46,"undergarden:forgotten_sword":7,"minecraft:creeper_spawn_egg":11,"undergarden:rotbeast_spawn_egg":1,"minecraft:command_block":19,"minecraft:bread":1,"undergarden:cloggrum_shield":3,"minecraft:oak_button":2,"minecraft:stone_button":4,"minecraft:spruce_pressure_plate":1,"minecraft:oak_pressure_plate":1,"minecraft:deepslate":1,"minecraft:wooden_sword":2,"additionaladditions:gilded_netherite_sword":166,"the_bumblezone:bee_queen_spawn_egg":4,"minecraft:piglin_spawn_egg":1,"minecraft:chain_command_block":20,"immersive_aircraft:gyrodyne":16,"minecraft:repeating_command_block":14,"the_bumblezone:bumble_bee_chestplate_1":1,"minecraft:splash_potion":70},"minecraft:custom":{"minecraft:interact_with_anvil":2,"minecraft:mob_kills":180,"minecraft:interact_with_crafting_table":2,"minecraft:leave_game":6,"minecraft:time_since_death":2107,"minecraft:sprint_one_cm":224578,"minecraft:walk_one_cm":179576,"minecraft:damage_blocked_by_shield":360,"minecraft:drop":237,"minecraft:damage_dealt_absorbed":110,"minecraft:play_time":580437,"minecraft:walk_under_water_one_cm":51581,"minecraft:deaths":25,"minecraft:sneak_time":12399,"the_bumblezone:bumble_bee_chestplate_fly_time":583,"minecraft:jump":1622,"minecraft:walk_on_water_one_cm":14666,"minecraft:total_world_time":580437,"minecraft:interact_with_furnace":2,"minecraft:time_since_rest":2109,"minecraft:damage_taken":4475,"minecraft:damage_absorbed":570,"minecraft:damage_dealt":8001,"minecraft:swim_one_cm":2474,"minecraft:fly_one_cm":1722203,"minecraft:player_kills":1,"minecraft:open_chest":15,"minecraft:crouch_one_cm":5622,"minecraft:fall_one_cm":25443},"minecraft:dropped":{"minecraft:water_bucket":1,"minecraft:bread":358,"the_bumblezone:honeycomb_brood_block":64,"minecraft:iron_sword":1,"minecraft:wheat_seeds":2,"minecraft:diamond_axe":2,"minecraft:oak_log":3,"the_bumblezone:glistering_honey_crystal":64,"minecraft:ender_pearl":2,"minecraft:crafting_table":1,"the_bumblezone:carvable_wax_bricks":128,"the_bumblezone:pollen_puff":16,"minecraft:diamond_leggings":2,"immersive_aircraft:enhanced_propeller":1,"minecraft:cobblestone":1,"minecraft:iron_helmet":4,"minecraft:honeycomb":12,"minecraft:saddle":1,"immersive_aircraft:sturdy_pipes":1,"the_bumblezone:carvable_wax_chiseled":64,"minecraft:coal":65,"minecraft:golden_apple":15,"minecraft:coal_block":63,"minecraft:cod":64,"the_bumblezone:carvable_wax_wavy":64,"minecraft:dirt":2,"additionaladditions:chicken_nugget":1,"additionaladditions:rose_gold_leggings":1,"additionaladditions:honeyed_apple":1,"the_bumblezone:carvable_wax_diamond":128,"the_bumblezone:filled_porous_honeycomb_block":64,"minecraft:diamond_helmet":2,"minecraft:iron_leggings":4,"additionaladditions:rose_gold_chestplate":1,"additionaladditions:rose_gold_alloy":2,"the_bumblezone:honey_crystal_shards":320,"minecraft:iron_axe":5,"the_bumblezone:porous_honeycomb_block":64,"the_bumblezone:honey_crystal":64,"the_bumblezone:sugar_infused_stone":64,"minecraft:iron_pickaxe":5,"the_bumblezone:crystal_cannon":2,"minecraft:gold_ingot":64,"minecraft:honeycomb_block":128,"the_bumblezone:sugar_water_bottle":192,"the_bumblezone:empty_honeycomb_brood_block":64,"the_bumblezone:beehive_beeswax":64,"minecraft:netherite_ingot":1,"additionaladditions:rose_gold_boots":1,"the_bumblezone:carpenter_bee_boots_1":2,"minecraft:wheat":5,"the_bumblezone:stingless_bee_helmet_2":3,"minecraft:rotten_flesh":1,"minecraft:iron_boots":5,"minecraft:enchanted_golden_apple":321,"additionaladditions:rope":1,"additionaladditions:glow_stick":2,"additionaladditions:rose_gold_helmet":1,"minecraft:white_bed":18,"the_bumblezone:honey_bee_leggings_2":1,"the_bumblezone:bumble_bee_chestplate_2":4,"minecraft:totem_of_undying":9,"minecraft:diamond_sword":2,"the_bumblezone:carvable_wax_flower":64,"minecraft:shield":3,"minecraft:diamond_chestplate":2,"the_bumblezone:sugar_infused_cobblestone":64,"minecraft:diamond_pickaxe":2,"minecraft:iron_chestplate":4,"minecraft:andesite":2,"additionaladditions:rose_gold_axe":1,"additionaladditions:rose_gold_sword":5,"immersive_aircraft:steel_boiler":1,"the_bumblezone:honey_bucket":1,"minecraft:diamond_boots":2,"additionaladditions:rose_gold_pickaxe":1,"the_bumblezone:beehemoth_spawn_egg":2,"the_bumblezone:honey_bee_leggings_1":1,"immersive_aircraft:cargo_airship":1,"the_bumblezone:carvable_wax":64},"minecraft:mined":{"minecraft:grass_block":2,"minecraft:birch_log":4,"minecraft:grass":2,"minecraft:oak_log":3},"minecraft:crafted":{"additionaladditions:rose_gold_alloy":16},"minecraft:killed_by":{"minecraft:zombified_piglin":2,"minecraft:wither_skeleton":2,"minecraft:spider":1,"minecraft:skeleton":2,"minecraft:blaze":1},"minecraft:picked_up":{"minecraft:crafting_table":1,"minecraft:wheat":10,"minecraft:chicken":1,"the_bumblezone:honey_crystal_shards":1,"minecraft:iron_leggings":1,"immersive_aircraft:bomb_bay":1,"minecraft:gold_nugget":1,"minecraft:cobbled_deepslate":2,"minecraft:beef":3,"minecraft:coal_block":63,"minecraft:iron_boots":2,"minecraft:stick":1,"the_bumblezone:bumble_bee_chestplate_2":1,"the_bumblezone:stingless_bee_helmet_2":1,"minecraft:torch":24,"minecraft:porkchop":3,"minecraft:honeycomb_block":178,"immersive_aircraft:rotary_cannon":2,"the_bumblezone:bee_stinger":5,"the_bumblezone:super_candle_yellow":1,"minecraft:tnt":256,"minecraft:stone_sword":1,"minecraft:command_block":1,"minecraft:rotten_flesh":1,"additionaladditions:glow_stick":2,"minecraft:totem_of_undying":25,"additionaladditions:rose_gold_helmet":4,"minecraft:cod":580,"gildednetherite:gilded_netherite_helmet":1,"minecraft:cobblestone":33,"minecraft:birch_log":4,"immersive_aircraft:nether_engine":2,"minecraft:andesite":2,"minecraft:leather":1,"the_bumblezone:carvable_wax_diamond":64,"minecraft:flint":1,"minecraft:oak_log":3,"additionaladditions:rose_gold_sword":5,"minecraft:gunpowder":64,"immersive_aircraft:gyrodyne":4,"the_bumblezone:carvable_wax_bricks":64,"minecraft:white_banner":1,"wildwestguns2_3d:bullet_22":64,"minecraft:dirt":10,"minecraft:lantern":1,"minecraft:bone":12,"minecraft:wheat_seeds":4,"additionaladditions:rope":1,"minecraft:oak_planks":13,"minecraft:honeycomb":29,"wildwestguns2_3d:bullet_4570":64,"minecraft:cooked_porkchop":2,"immersive_aircraft:sturdy_pipes":3,"minecraft:gravel":4,"minecraft:red_banner":17,"minecraft:white_bed":3,"minecraft:dark_oak_log":1,"immersive_aircraft:enhanced_propeller":1,"minecraft:oak_wood":1,"undergarden:cloggrum_shield":5,"minecraft:sugar":19,"minecraft:slime_ball":13,"minecraft:diamond":5,"the_bumblezone:pollen_puff":57,"minecraft:bone_meal":33,"minecraft:bread":5,"immersive_aircraft:steel_boiler":3,"minecraft:coal":55,"undergarden:utheric_shard":7,"minecraft:ender_pearl":16},"minecraft:killed":{"undergarden:rotbeast":1,"minecraft:zombified_piglin":3,"minecraft:cod":36,"the_bumblezone:honey_slime":1,"minecraft:skeleton":1,"minecraft:bee":1,"the_bumblezone:beehemoth":3,"minecraft:wolf":1,"minecraft:pig":1,"minecraft:zombie":1,"minecraft:cow":5}},"DataVersion":3337}