{"stats":{"minecraft:used":{"minecraft:spider_spawn_egg":2,"minecraft:oak_fence":1,"minecraft:moss_block":1,"the_bumblezone:bumble_bee_chestplate_2":2,"minecraft:netherite_sword":2,"minecraft:cow_spawn_egg":5,"minecraft:poppy":21,"minecraft:ender_pearl":5,"minecraft:redstone_block":9,"the_bumblezone:beehemoth_spawn_egg":2,"the_bumblezone:stingless_bee_helmet_2":1,"minecraft:bee_spawn_egg":16,"immersive_aircraft:cargo_airship":1,"minecraft:glow_item_frame":9,"additionaladditions:glow_stick":2,"minecraft:skeleton_spawn_egg":1,"minecraft:crafting_table":1,"minecraft:campfire":3,"minecraft:oak_wood":1,"minecraft:bee_nest":6,"minecraft:lingering_potion":46,"undergarden:forgotten_sword":7,"minecraft:honey_bottle":31,"minecraft:creeper_spawn_egg":6,"undergarden:rotbeast_spawn_egg":1,"minecraft:command_block":14,"minecraft:iron_axe":16,"minecraft:grass_block":2,"minecraft:bread":1,"minecraft:oak_button":2,"minecraft:stone_button":4,"minecraft:totem_of_undying":4,"minecraft:deepslate":1,"minecraft:red_carpet":2,"minecraft:bedrock":1,"minecraft:honeycomb_block":12,"additionaladditions:gilded_netherite_sword":10,"minecraft:wooden_sword":2,"immersive_aircraft:gyrodyne":12,"minecraft:chain_command_block":13,"minecraft:repeating_command_block":10,"the_bumblezone:bumble_bee_chestplate_1":1,"immersive_aircraft:biplane":1,"minecraft:stone_pressure_plate":6,"the_bumblezone:crystal_cannon":71,"minecraft:splash_potion":34},"minecraft:custom":{"minecraft:interact_with_furnace":2,"minecraft:mob_kills":11,"minecraft:interact_with_crafting_table":2,"minecraft:leave_game":6,"minecraft:time_since_death":13480,"minecraft:time_since_rest":13482,"minecraft:sprint_one_cm":124412,"minecraft:walk_one_cm":99537,"minecraft:damage_taken":1788,"minecraft:damage_absorbed":90,"minecraft:drop":84,"minecraft:damage_dealt":2473,"minecraft:swim_one_cm":2031,"minecraft:damage_dealt_absorbed":110,"minecraft:fly_one_cm":1057871,"minecraft:player_kills":1,"minecraft:open_chest":3,"minecraft:crouch_one_cm":2817,"minecraft:play_time":352437,"minecraft:deaths":15,"minecraft:sneak_time":8823,"minecraft:walk_under_water_one_cm":40843,"the_bumblezone:bumble_bee_chestplate_fly_time":583,"minecraft:jump":1073,"minecraft:walk_on_water_one_cm":9377,"minecraft:total_world_time":352437,"minecraft:fall_one_cm":17553},"minecraft:dropped":{"minecraft:bread":38,"minecraft:wheat_seeds":2,"minecraft:oak_log":3,"minecraft:ender_pearl":1,"minecraft:crafting_table":1,"minecraft:wheat":5,"the_bumblezone:stingless_bee_helmet_2":1,"minecraft:cobblestone":1,"minecraft:rotten_flesh":1,"minecraft:honeycomb":12,"additionaladditions:glow_stick":2,"minecraft:white_bed":18,"minecraft:totem_of_undying":4,"the_bumblezone:bumble_bee_chestplate_2":1,"minecraft:coal":65,"minecraft:dirt":2,"minecraft:andesite":2,"additionaladditions:rose_gold_alloy":2,"immersive_aircraft:cargo_airship":1},"minecraft:mined":{"minecraft:grass_block":2,"minecraft:birch_log":4,"minecraft:grass":2,"minecraft:oak_log":3},"minecraft:crafted":{"additionaladditions:rose_gold_alloy":16},"minecraft:killed_by":{"minecraft:skeleton":1,"minecraft:spider":1},"minecraft:picked_up":{"minecraft:birch_log":4,"minecraft:crafting_table":1,"minecraft:wheat":10,"minecraft:chicken":1,"immersive_aircraft:nether_engine":2,"minecraft:andesite":2,"minecraft:flint":1,"minecraft:oak_log":3,"minecraft:gunpowder":64,"immersive_aircraft:gyrodyne":3,"minecraft:dirt":10,"minecraft:iron_leggings":1,"minecraft:bone":1,"minecraft:wheat_seeds":3,"minecraft:beef":3,"minecraft:honeycomb":10,"minecraft:iron_boots":1,"the_bumblezone:bumble_bee_chestplate_2":1,"the_bumblezone:stingless_bee_helmet_2":1,"immersive_aircraft:sturdy_pipes":2,"minecraft:gravel":4,"immersive_aircraft:rotary_cannon":2,"minecraft:white_bed":3,"the_bumblezone:bee_stinger":1,"minecraft:dark_oak_log":1,"minecraft:oak_wood":1,"minecraft:rotten_flesh":1,"minecraft:command_block":1,"additionaladditions:glow_stick":2,"the_bumblezone:pollen_puff":20,"minecraft:totem_of_undying":1,"immersive_aircraft:steel_boiler":2,"minecraft:coal":1,"minecraft:ender_pearl":16,"minecraft:cobblestone":1,"undergarden:utheric_shard":7},"minecraft:killed":{"undergarden:rotbeast":1,"the_bumblezone:beehemoth":2,"minecraft:skeleton":1,"minecraft:zombie":1,"minecraft:bee":1,"minecraft:cow":5}},"DataVersion":3337}