{"stats":{"minecraft:used":{"minecraft:moss_block":1,"minecraft:acacia_boat":3,"additionaladditions:rose_gold_sword":3,"minecraft:stone_pickaxe":52,"minecraft:wooden_pickaxe":4,"minecraft:shield":4,"minecraft:cobblestone_slab":44,"minecraft:torch":23,"minecraft:dirt":8,"minecraft:oak_slab":46,"minecraft:crafting_table":3,"minecraft:oak_log":1,"minecraft:bread":11,"minecraft:iron_pickaxe":131,"minecraft:stone_axe":10,"minecraft:cobblestone":2,"minecraft:cobbled_deepslate_slab":3,"minecraft:acacia_wood":2},"minecraft:custom":{"minecraft:interact_with_furnace":7,"minecraft:mob_kills":1,"minecraft:interact_with_crafting_table":26,"minecraft:leave_game":1,"minecraft:time_since_death":57895,"minecraft:climb_one_cm":4085,"minecraft:time_since_rest":57895,"minecraft:sprint_one_cm":92829,"minecraft:damage_taken":264,"minecraft:walk_one_cm":149359,"minecraft:damage_blocked_by_shield":225,"minecraft:drop":5,"minecraft:damage_dealt":150,"minecraft:fly_one_cm":118923,"minecraft:open_chest":12,"minecraft:crouch_one_cm":4550,"minecraft:play_time":57895,"minecraft:sneak_time":1874,"minecraft:walk_under_water_one_cm":211,"minecraft:boat_one_cm":14926,"minecraft:jump":913,"minecraft:walk_on_water_one_cm":339,"minecraft:total_world_time":57895,"minecraft:fall_one_cm":18157},"minecraft:dropped":{"minecraft:bread":5},"minecraft:mined":{"minecraft:oak_slab":2,"minecraft:tuff":2,"minecraft:deepslate_diamond_ore":4,"minecraft:crafting_table":3,"minecraft:oak_wood":2,"minecraft:grass_block":14,"minecraft:tall_grass":6,"minecraft:copper_ore":7,"minecraft:deepslate_gold_ore":5,"minecraft:moss_block":1,"minecraft:diorite":18,"minecraft:wall_torch":3,"minecraft:deepslate_copper_ore":4,"minecraft:acacia_wood":4,"minecraft:grass":33,"minecraft:oak_log":7,"minecraft:cobblestone_slab":1,"minecraft:vine":1,"minecraft:dirt":11,"minecraft:stone":49,"minecraft:gold_ore":5,"minecraft:oak_leaves":5,"minecraft:deepslate":92},"minecraft:crafted":{"minecraft:cobbled_deepslate_slab":180,"minecraft:oak_slab":42,"minecraft:oak_planks":32,"minecraft:cobblestone_slab":42,"minecraft:crafting_table":1,"minecraft:wooden_pickaxe":1,"minecraft:copper_ingot":29,"minecraft:stone_axe":1,"minecraft:acacia_boat":1,"minecraft:air":0,"minecraft:stick":12,"minecraft:stone_pickaxe":1,"minecraft:stone_sword":1,"minecraft:iron_leggings":1,"minecraft:acacia_planks":8,"minecraft:torch":20},"minecraft:picked_up":{"minecraft:iron_chestplate":1,"minecraft:crafting_table":3,"minecraft:acacia_wood":4,"minecraft:tuff":2,"minecraft:oak_log":7,"additionaladditions:rose_gold_sword":1,"minecraft:shield":1,"minecraft:acacia_boat":3,"minecraft:dirt":25,"minecraft:raw_copper":45,"minecraft:iron_axe":2,"minecraft:iron_leggings":1,"minecraft:wheat_seeds":5,"minecraft:cobbled_deepslate":92,"minecraft:raw_gold":10,"minecraft:iron_ingot":7,"minecraft:cobblestone_slab":2,"minecraft:iron_pickaxe":2,"minecraft:moss_block":1,"minecraft:iron_sword":1,"minecraft:iron_boots":1,"minecraft:oak_slab":4,"minecraft:torch":3,"minecraft:diorite":18,"minecraft:oak_wood":2,"minecraft:pumpkin_seeds":4,"minecraft:rotten_flesh":2,"minecraft:diamond":4,"minecraft:iron_helmet":1,"minecraft:bread":130,"minecraft:coal":18,"minecraft:cobblestone":49},"minecraft:killed":{"minecraft:zombie":1}},"DataVersion":3337}