{"stats":{"minecraft:used":{"minecraft:moss_block":1,"additionaladditions:rose_gold_sword":9,"minecraft:stone_sword":136,"minecraft:shield":14,"minecraft:torch":37,"minecraft:dirt":12,"minecraft:diamond_helmet":1,"minecraft:tuff":2,"additionaladditions:rose_gold_axe":1,"minecraft:iron_axe":41,"minecraft:totem_of_undying":3,"minecraft:diamond_chestplate":2,"minecraft:honeycomb_block":4,"minecraft:mangrove_roots":1,"additionaladditions:rose_gold_leggings":1,"minecraft:acacia_wood":2,"minecraft:cobbled_deepslate":12,"minecraft:acacia_boat":3,"the_bumblezone:bumble_bee_chestplate_2":1,"minecraft:diamond_boots":1,"minecraft:birch_planks":5,"minecraft:stone_pickaxe":52,"minecraft:ender_pearl":3,"minecraft:wooden_pickaxe":4,"additionaladditions:rose_gold_boots":1,"minecraft:cobblestone_slab":81,"minecraft:white_wool":1,"additionaladditions:rose_gold_pickaxe":33,"minecraft:oak_slab":48,"minecraft:crafting_table":5,"minecraft:oak_log":1,"minecraft:bread":34,"minecraft:iron_pickaxe":293,"minecraft:stone_axe":10,"minecraft:diamond_sword":77,"minecraft:cobblestone":15,"minecraft:cobbled_deepslate_slab":192,"minecraft:cooked_porkchop":8,"minecraft:smithing_table":1,"minecraft:oak_boat":13,"minecraft:dandelion":1,"minecraft:diamond_leggings":1},"minecraft:dropped":{"minecraft:bread":5,"minecraft:cobblestone":17,"minecraft:diorite":19,"additionaladditions:rose_gold_alloy":5,"minecraft:stone_axe":1,"minecraft:stone_sword":1,"minecraft:enchanted_golden_apple":63,"minecraft:stone_pickaxe":1,"minecraft:wooden_pickaxe":1},"minecraft:custom":{"minecraft:interact_with_smithing_table":11,"minecraft:mob_kills":167,"minecraft:interact_with_crafting_table":45,"minecraft:leave_game":2,"minecraft:time_since_death":45591,"minecraft:climb_one_cm":6443,"minecraft:sprint_one_cm":368167,"minecraft:walk_one_cm":460820,"minecraft:damage_blocked_by_shield":1125,"minecraft:drop":13,"minecraft:damage_dealt_absorbed":40,"minecraft:talked_to_villager":6,"minecraft:play_time":167517,"minecraft:sneak_time":4174,"minecraft:deaths":8,"minecraft:walk_under_water_one_cm":84670,"minecraft:boat_one_cm":14926,"the_bumblezone:bumble_bee_chestplate_fly_time":287,"minecraft:jump":2217,"minecraft:walk_on_water_one_cm":31837,"minecraft:total_world_time":167517,"minecraft:interact_with_furnace":33,"minecraft:time_since_rest":45595,"minecraft:damage_taken":9225,"minecraft:damage_absorbed":80,"minecraft:damage_dealt":7818,"minecraft:swim_one_cm":200185,"minecraft:fly_one_cm":389218,"minecraft:open_chest":34,"minecraft:crouch_one_cm":8421,"minecraft:interact_with_smoker":6,"minecraft:fall_one_cm":45764},"minecraft:mined":{"the_bumblezone:super_candle_base_yellow":1,"minecraft:tuff":2,"minecraft:deepslate_diamond_ore":4,"minecraft:cobbled_deepslate_slab":7,"minecraft:grass_block":16,"the_bumblezone:filled_porous_honeycomb_block":7,"minecraft:moss_block":1,"minecraft:tall_seagrass":9,"minecraft:carrots":1,"minecraft:iron_ore":2,"minecraft:acacia_wood":4,"minecraft:vine":1,"minecraft:cobblestone_slab":2,"minecraft:deepslate_iron_ore":6,"minecraft:azalea_leaves":2,"minecraft:stone":79,"minecraft:oak_slab":4,"minecraft:dandelion":1,"the_bumblezone:pile_of_pollen":7,"minecraft:crafting_table":3,"minecraft:torch":1,"minecraft:oak_wood":3,"minecraft:copper_ore":7,"minecraft:tall_grass":32,"minecraft:honeycomb_block":84,"minecraft:deepslate_gold_ore":25,"minecraft:diorite":19,"minecraft:wall_torch":7,"the_bumblezone:porous_honeycomb_block":8,"minecraft:deepslate_copper_ore":4,"minecraft:seagrass":4,"minecraft:birch_log":6,"minecraft:grass":87,"minecraft:oak_log":17,"minecraft:coal_ore":20,"minecraft:beetroots":1,"minecraft:sunflower":3,"minecraft:dirt":15,"minecraft:gold_ore":9,"minecraft:oak_leaves":6,"minecraft:deepslate":161},"minecraft:crafted":{"minecraft:cobbled_deepslate_slab":180,"minecraft:oak_planks":72,"minecraft:cobblestone_slab":78,"additionaladditions:rose_gold_pickaxe":1,"additionaladditions:rose_gold_alloy":6,"additionaladditions:rose_gold_axe":1,"minecraft:diamond_helmet":1,"minecraft:stone_pickaxe":1,"minecraft:diamond_boots":1,"minecraft:oak_slab":42,"minecraft:diamond_sword":1,"minecraft:cooked_porkchop":14,"minecraft:crafting_table":4,"minecraft:wooden_pickaxe":1,"minecraft:smithing_table":1,"minecraft:copper_ingot":33,"minecraft:birch_planks":24,"minecraft:stone_axe":1,"minecraft:acacia_boat":1,"minecraft:air":0,"additionaladditions:rose_gold_chestplate":1,"minecraft:oak_boat":1,"minecraft:stick":28,"minecraft:iron_ingot":2,"additionaladditions:rose_gold_helmet":1,"minecraft:stone_sword":1,"minecraft:iron_leggings":1,"minecraft:gold_ingot":27,"minecraft:acacia_planks":8,"minecraft:torch":68},"minecraft:killed_by":{"minecraft:player":6,"minecraft:wither":1},"minecraft:broken":{"minecraft:stone_sword":1,"minecraft:iron_pickaxe":1},"minecraft:picked_up":{"the_bumblezone:porous_honeycomb_block":22,"minecraft:crafting_table":4,"minecraft:iron_chestplate":1,"minecraft:chicken":3,"minecraft:diamond_sword":1,"minecraft:shield":1,"minecraft:raw_copper":45,"minecraft:iron_axe":2,"minecraft:iron_leggings":1,"minecraft:beetroot":1,"minecraft:diamond_leggings":2,"minecraft:cobbled_deepslate":161,"minecraft:beef":4,"minecraft:oak_boat":13,"minecraft:cobblestone_slab":3,"minecraft:iron_pickaxe":3,"minecraft:iron_boots":1,"minecraft:raw_iron":8,"the_bumblezone:bumble_bee_chestplate_2":1,"minecraft:torch":8,"minecraft:porkchop":15,"additionaladditions:rose_gold_alloy":5,"minecraft:honeycomb_block":274,"minecraft:diorite":19,"minecraft:carrot":2,"the_bumblezone:super_candle_yellow":1,"the_bumblezone:sugar_water_bottle":48,"minecraft:rotten_flesh":2,"minecraft:diamond_chestplate":2,"minecraft:diamond_boots":1,"minecraft:mangrove_roots":2,"minecraft:totem_of_undying":3,"minecraft:mutton":5,"minecraft:white_wool":3,"minecraft:cobblestone":96,"minecraft:birch_log":6,"minecraft:feather":4,"minecraft:birch_leaves":9,"minecraft:salmon":90,"minecraft:leather":2,"minecraft:acacia_wood":4,"minecraft:tuff":2,"minecraft:oak_log":17,"additionaladditions:rose_gold_sword":1,"minecraft:acacia_boat":3,"minecraft:dirt":31,"minecraft:wheat_seeds":9,"minecraft:raw_gold":34,"minecraft:cobbled_deepslate_slab":12,"minecraft:iron_ingot":7,"minecraft:diamond_helmet":1,"minecraft:moss_block":1,"minecraft:iron_sword":1,"minecraft:honeycomb":7,"minecraft:oak_slab":6,"minecraft:dandelion":1,"minecraft:ink_sac":22,"minecraft:dark_oak_log":1,"minecraft:oak_wood":3,"minecraft:pumpkin_seeds":4,"minecraft:diamond":19,"minecraft:iron_helmet":1,"the_bumblezone:pollen_puff":6,"minecraft:diamond_axe":1,"minecraft:bone_meal":6,"minecraft:bread":130,"minecraft:coal":38,"minecraft:sunflower":1,"minecraft:diamond_pickaxe":1},"minecraft:killed":{"minecraft:bee":1,"minecraft:chicken":2,"minecraft:pig":7,"minecraft:salmon":132,"minecraft:squid":17,"minecraft:sheep":3,"minecraft:zombie":1,"minecraft:cow":3}},"DataVersion":3337}