{"stats":{"minecraft:used":{"minecraft:oak_log":1,"minecraft:moss_block":1,"minecraft:acacia_boat":2,"minecraft:bread":4,"minecraft:stone_pickaxe":9,"minecraft:wooden_pickaxe":4,"minecraft:stone_axe":8,"minecraft:dirt":8,"minecraft:crafting_table":3,"minecraft:acacia_wood":2},"minecraft:custom":{"minecraft:time_since_rest":29000,"minecraft:interact_with_furnace":2,"minecraft:sprint_one_cm":56450,"minecraft:damage_taken":40,"minecraft:walk_one_cm":52130,"minecraft:interact_with_crafting_table":9,"minecraft:fly_one_cm":74975,"minecraft:open_chest":3,"minecraft:crouch_one_cm":1139,"minecraft:play_time":29000,"minecraft:sneak_time":331,"minecraft:walk_under_water_one_cm":211,"minecraft:boat_one_cm":8195,"minecraft:jump":472,"minecraft:time_since_death":29000,"minecraft:walk_on_water_one_cm":339,"minecraft:total_world_time":29000,"minecraft:climb_one_cm":4085,"minecraft:fall_one_cm":12361},"minecraft:mined":{"minecraft:acacia_wood":4,"minecraft:crafting_table":3,"minecraft:grass":23,"minecraft:oak_wood":2,"minecraft:grass_block":10,"minecraft:oak_log":7,"minecraft:vine":1,"minecraft:dirt":11,"minecraft:tall_grass":2,"minecraft:stone":13,"minecraft:moss_block":1,"minecraft:oak_leaves":5},"minecraft:crafted":{"minecraft:oak_planks":32,"minecraft:crafting_table":1,"minecraft:stick":8,"minecraft:wooden_pickaxe":1,"minecraft:stone_pickaxe":1,"minecraft:stone_sword":1,"minecraft:acacia_planks":8,"minecraft:stone_axe":1,"minecraft:acacia_boat":1},"minecraft:picked_up":{"minecraft:crafting_table":3,"minecraft:acacia_wood":4,"minecraft:oak_log":7,"minecraft:acacia_boat":2,"minecraft:dirt":21,"minecraft:oak_wood":2,"minecraft:wheat_seeds":4,"minecraft:iron_ingot":7,"minecraft:bread":64,"minecraft:moss_block":1,"minecraft:cobblestone":13}},"DataVersion":3337}