{"stats":{"minecraft:used":{"minecraft:oak_log":1,"minecraft:moss_block":1},"minecraft:custom":{"minecraft:jump":34,"minecraft:damage_taken":10,"minecraft:time_since_rest":5000,"minecraft:sprint_one_cm":10041,"minecraft:play_time":5000,"minecraft:time_since_death":5000,"minecraft:walk_one_cm":3781,"minecraft:sneak_time":2,"minecraft:total_world_time":5000,"minecraft:fall_one_cm":1972,"minecraft:fly_one_cm":11147},"minecraft:mined":{"minecraft:grass":3,"minecraft:oak_wood":2,"minecraft:oak_log":1,"minecraft:moss_block":1},"minecraft:crafted":{"minecraft:oak_planks":8},"minecraft:picked_up":{"minecraft:oak_wood":2,"minecraft:oak_log":1,"minecraft:moss_block":1,"minecraft:wheat_seeds":2}},"DataVersion":3337}