{"stats":{"minecraft:used":{"minecraft:moss_block":1,"minecraft:acacia_boat":3,"additionaladditions:rose_gold_sword":9,"minecraft:birch_planks":5,"minecraft:stone_pickaxe":52,"minecraft:ender_pearl":3,"minecraft:wooden_pickaxe":4,"minecraft:shield":14,"additionaladditions:rose_gold_boots":1,"minecraft:cobblestone_slab":81,"minecraft:torch":37,"minecraft:dirt":8,"additionaladditions:rose_gold_pickaxe":33,"minecraft:oak_slab":46,"minecraft:crafting_table":3,"minecraft:tuff":2,"additionaladditions:rose_gold_axe":1,"minecraft:oak_log":1,"minecraft:iron_axe":13,"minecraft:bread":15,"minecraft:iron_pickaxe":293,"minecraft:totem_of_undying":2,"minecraft:stone_axe":10,"minecraft:honeycomb_block":3,"minecraft:cobblestone":15,"minecraft:mangrove_roots":1,"minecraft:cobbled_deepslate_slab":192,"minecraft:cooked_porkchop":8,"minecraft:smithing_table":1,"additionaladditions:rose_gold_leggings":1,"minecraft:acacia_wood":2,"minecraft:cobbled_deepslate":12},"minecraft:dropped":{"minecraft:bread":5,"minecraft:stone_axe":1,"minecraft:stone_sword":1,"minecraft:cobblestone":17,"minecraft:diorite":19,"minecraft:wooden_pickaxe":1,"minecraft:stone_pickaxe":1},"minecraft:custom":{"minecraft:interact_with_smithing_table":11,"minecraft:interact_with_furnace":29,"minecraft:mob_kills":2,"minecraft:interact_with_crafting_table":41,"minecraft:leave_game":1,"minecraft:time_since_death":561,"minecraft:climb_one_cm":4109,"minecraft:time_since_rest":565,"minecraft:sprint_one_cm":191202,"minecraft:damage_taken":7473,"minecraft:walk_one_cm":318422,"minecraft:damage_blocked_by_shield":1125,"minecraft:drop":11,"minecraft:damage_dealt":493,"minecraft:damage_dealt_absorbed":40,"minecraft:fly_one_cm":211826,"minecraft:deaths":4,"minecraft:open_chest":15,"minecraft:crouch_one_cm":8035,"minecraft:play_time":105895,"minecraft:sneak_time":3427,"minecraft:walk_under_water_one_cm":1558,"minecraft:boat_one_cm":14926,"minecraft:jump":1412,"minecraft:walk_on_water_one_cm":2170,"minecraft:interact_with_smoker":6,"minecraft:total_world_time":105895,"minecraft:fall_one_cm":25676},"minecraft:mined":{"the_bumblezone:super_candle_base_yellow":1,"minecraft:oak_slab":2,"minecraft:tuff":2,"minecraft:deepslate_diamond_ore":4,"the_bumblezone:pile_of_pollen":7,"minecraft:crafting_table":3,"minecraft:torch":1,"minecraft:cobbled_deepslate_slab":7,"minecraft:oak_wood":2,"minecraft:grass_block":14,"minecraft:tall_grass":24,"minecraft:copper_ore":7,"minecraft:honeycomb_block":83,"minecraft:deepslate_gold_ore":25,"the_bumblezone:filled_porous_honeycomb_block":7,"minecraft:moss_block":1,"the_bumblezone:porous_honeycomb_block":8,"minecraft:diorite":19,"minecraft:wall_torch":7,"minecraft:deepslate_copper_ore":4,"minecraft:birch_log":6,"minecraft:iron_ore":2,"minecraft:acacia_wood":4,"minecraft:coal_ore":20,"minecraft:grass":69,"minecraft:oak_log":13,"minecraft:deepslate_iron_ore":6,"minecraft:cobblestone_slab":2,"minecraft:vine":1,"minecraft:dirt":11,"minecraft:stone":79,"minecraft:gold_ore":9,"minecraft:oak_leaves":6,"minecraft:deepslate":161},"minecraft:crafted":{"minecraft:cobbled_deepslate_slab":180,"minecraft:oak_slab":42,"minecraft:oak_planks":56,"minecraft:cobblestone_slab":78,"minecraft:cooked_porkchop":14,"minecraft:crafting_table":2,"minecraft:wooden_pickaxe":1,"additionaladditions:rose_gold_pickaxe":1,"minecraft:smithing_table":1,"minecraft:copper_ingot":33,"minecraft:birch_planks":24,"additionaladditions:rose_gold_alloy":6,"minecraft:stone_axe":1,"minecraft:acacia_boat":1,"minecraft:air":0,"additionaladditions:rose_gold_axe":1,"additionaladditions:rose_gold_chestplate":1,"minecraft:stick":24,"minecraft:iron_ingot":2,"additionaladditions:rose_gold_helmet":1,"minecraft:stone_pickaxe":1,"minecraft:stone_sword":1,"minecraft:gold_ingot":27,"minecraft:iron_leggings":1,"minecraft:acacia_planks":8,"minecraft:torch":68},"minecraft:killed_by":{"minecraft:player":3,"minecraft:wither":1},"minecraft:broken":{"minecraft:iron_pickaxe":1},"minecraft:picked_up":{"minecraft:birch_log":6,"minecraft:iron_chestplate":1,"minecraft:crafting_table":4,"minecraft:acacia_wood":4,"minecraft:tuff":2,"minecraft:oak_log":13,"additionaladditions:rose_gold_sword":1,"minecraft:shield":1,"minecraft:acacia_boat":3,"minecraft:dirt":25,"minecraft:raw_copper":45,"minecraft:iron_axe":2,"minecraft:iron_leggings":1,"minecraft:wheat_seeds":9,"minecraft:cobbled_deepslate":161,"minecraft:raw_gold":34,"minecraft:cobbled_deepslate_slab":12,"minecraft:iron_ingot":7,"minecraft:cobblestone_slab":3,"minecraft:iron_pickaxe":3,"minecraft:moss_block":1,"minecraft:honeycomb":7,"minecraft:iron_sword":1,"minecraft:iron_boots":1,"minecraft:oak_slab":4,"minecraft:raw_iron":8,"minecraft:torch":8,"additionaladditions:rose_gold_alloy":5,"minecraft:honeycomb_block":258,"minecraft:diorite":19,"minecraft:dark_oak_log":1,"the_bumblezone:super_candle_yellow":1,"minecraft:oak_wood":2,"minecraft:pumpkin_seeds":4,"minecraft:rotten_flesh":2,"minecraft:diamond":4,"minecraft:iron_helmet":1,"the_bumblezone:pollen_puff":6,"minecraft:mangrove_roots":2,"minecraft:bread":130,"minecraft:coal":38,"minecraft:birch_leaves":9,"minecraft:cobblestone":96,"the_bumblezone:porous_honeycomb_block":22},"minecraft:killed":{"minecraft:zombie":1}},"DataVersion":3337}