{"stats":{"minecraft:used":{"minecraft:oak_trapdoor":2,"minecraft:stone_sword":46,"minecraft:stone_shovel":123,"minecraft:chest":3,"minecraft:shield":12,"minecraft:iron_sword":18,"minecraft:wooden_shovel":61,"minecraft:cooked_salmon":1,"minecraft:cooked_chicken":5,"minecraft:iron_chestplate":1,"minecraft:oak_door":2,"minecraft:torch":62,"minecraft:dirt":58,"additionaladditions:chicken_nugget":1,"minecraft:dark_oak_planks":5,"minecraft:wooden_axe":196,"minecraft:oak_stairs":2,"minecraft:iron_helmet":1,"minecraft:furnace":7,"minecraft:oak_sapling":2,"minecraft:egg":3,"minecraft:cooked_beef":1,"minecraft:cobbled_deepslate":44,"minecraft:cooked_mutton":15,"minecraft:stone_pickaxe":526,"minecraft:oak_planks":11,"minecraft:wooden_pickaxe":107,"minecraft:oak_slab":49,"minecraft:crafting_table":15,"minecraft:black_wool":1,"minecraft:iron_pickaxe":68,"minecraft:leather_helmet":1,"minecraft:gravel":1,"minecraft:stone_axe":39,"minecraft:cobblestone":65,"minecraft:cooked_porkchop":3},"minecraft:custom":{"minecraft:mob_kills":41,"minecraft:interact_with_crafting_table":53,"minecraft:leave_game":4,"minecraft:time_since_death":88188,"minecraft:climb_one_cm":4723,"minecraft:sprint_one_cm":464755,"minecraft:walk_one_cm":275500,"minecraft:damage_blocked_by_shield":585,"minecraft:drop":39,"minecraft:damage_dealt_absorbed":52,"minecraft:play_time":169464,"minecraft:deaths":3,"minecraft:sneak_time":8111,"minecraft:walk_under_water_one_cm":8958,"minecraft:jump":1985,"minecraft:walk_on_water_one_cm":7196,"minecraft:total_world_time":169464,"minecraft:interact_with_furnace":57,"minecraft:time_since_rest":88193,"minecraft:damage_taken":1850,"minecraft:damage_dealt":4254,"minecraft:swim_one_cm":13166,"minecraft:fly_one_cm":250085,"minecraft:open_chest":11,"minecraft:crouch_one_cm":9894,"minecraft:fall_one_cm":62629},"minecraft:dropped":{"minecraft:iron_ingot":2,"minecraft:wheat_seeds":3,"immersive_aircraft:rotary_cannon":1,"minecraft:cobblestone":6,"minecraft:granite":5,"immersive_aircraft:sturdy_pipes":1,"minecraft:leather_helmet":2,"minecraft:dirt":1,"minecraft:diorite":2,"minecraft:stone_axe":3,"minecraft:stone_sword":1,"minecraft:rotten_flesh":3,"minecraft:light_gray_wool":1,"minecraft:oak_planks":34,"immersive_aircraft:nether_engine":1,"minecraft:gunpowder":62,"immersive_aircraft:steel_boiler":1,"minecraft:oak_sapling":1,"minecraft:stone_pickaxe":3,"minecraft:wooden_pickaxe":2},"minecraft:mined":{"minecraft:tuff":10,"minecraft:deepslate_diamond_ore":4,"minecraft:dark_oak_log":25,"minecraft:granite":15,"minecraft:grass_block":91,"minecraft:oak_trapdoor":2,"minecraft:furnace":1,"minecraft:iron_ore":16,"minecraft:cobbled_deepslate":2,"minecraft:deepslate_iron_ore":38,"minecraft:vine":1,"minecraft:oak_stairs":2,"minecraft:stone":295,"minecraft:oak_slab":13,"minecraft:crafting_table":4,"minecraft:cobblestone":16,"minecraft:tall_grass":4,"minecraft:copper_ore":8,"minecraft:deepslate_gold_ore":8,"minecraft:sugar_cane":1,"minecraft:diorite":2,"minecraft:grass":27,"minecraft:coal_ore":131,"minecraft:oak_log":123,"minecraft:dirt":114,"minecraft:gravel":1,"minecraft:oak_leaves":43,"minecraft:deepslate":119},"minecraft:crafted":{"minecraft:oak_door":3,"minecraft:oak_planks":452,"minecraft:stone_shovel":1,"minecraft:cooked_chicken":5,"minecraft:furnace":6,"minecraft:cooked_mutton":20,"minecraft:oak_trapdoor":2,"minecraft:iron_boots":1,"minecraft:stone_pickaxe":6,"minecraft:chest":3,"minecraft:dark_oak_planks":96,"minecraft:cooked_beef":1,"minecraft:oak_slab":78,"minecraft:wooden_shovel":1,"minecraft:cooked_porkchop":11,"minecraft:crafting_table":11,"minecraft:wooden_pickaxe":3,"minecraft:iron_helmet":2,"minecraft:iron_sword":1,"minecraft:cooked_salmon":1,"minecraft:stone_axe":2,"minecraft:air":0,"minecraft:iron_chestplate":1,"minecraft:shield":1,"minecraft:stick":220,"minecraft:wooden_axe":4,"minecraft:iron_ingot":51,"minecraft:iron_pickaxe":2,"minecraft:oak_stairs":4,"minecraft:stone_sword":1,"minecraft:iron_leggings":2,"minecraft:torch":248},"minecraft:killed_by":{"minecraft:skeleton":2},"minecraft:broken":{"minecraft:wooden_shovel":1,"minecraft:wooden_pickaxe":1,"minecraft:stone_pickaxe":2,"minecraft:wooden_axe":4},"minecraft:picked_up":{"minecraft:crafting_table":4,"minecraft:chicken":7,"minecraft:wooden_pickaxe":1,"minecraft:oak_stairs":2,"minecraft:string":2,"minecraft:oak_trapdoor":2,"minecraft:raw_copper":29,"additionaladditions:chicken_nugget":1,"minecraft:cobbled_deepslate":119,"minecraft:beef":1,"minecraft:light_gray_wool":1,"minecraft:sugar_cane":3,"minecraft:egg":4,"minecraft:furnace":1,"minecraft:raw_iron":63,"minecraft:stick":2,"minecraft:porkchop":13,"immersive_aircraft:rotary_cannon":1,"minecraft:diorite":2,"minecraft:rotten_flesh":5,"minecraft:stone_sword":2,"minecraft:arrow":2,"minecraft:mutton":24,"minecraft:white_wool":14,"minecraft:cobblestone":310,"minecraft:feather":4,"immersive_aircraft:nether_engine":1,"minecraft:salmon":1,"minecraft:leather":2,"minecraft:tuff":10,"minecraft:oak_log":121,"minecraft:gunpowder":62,"minecraft:dirt":203,"minecraft:bone":1,"minecraft:wheat_seeds":7,"minecraft:raw_gold":8,"minecraft:iron_ingot":2,"minecraft:stone_pickaxe":3,"minecraft:oak_slab":14,"immersive_aircraft:sturdy_pipes":1,"minecraft:gravel":1,"minecraft:spider_eye":1,"minecraft:dark_oak_log":24,"minecraft:leather_helmet":2,"minecraft:diamond":4,"minecraft:stone_axe":4,"minecraft:granite":16,"immersive_aircraft:steel_boiler":1,"minecraft:oak_sapling":3,"minecraft:black_wool":1,"minecraft:coal":131},"minecraft:killed":{"minecraft:spider":3,"minecraft:skeleton":1,"minecraft:chicken":7,"minecraft:pig":7,"minecraft:zombie_villager":1,"minecraft:salmon":1,"minecraft:sheep":16,"minecraft:zombie":3,"minecraft:cow":1}},"DataVersion":3337}