{"stats":{"minecraft:used":{"minecraft:oak_trapdoor":2,"minecraft:stone_sword":46,"minecraft:stone_shovel":123,"minecraft:chest":3,"minecraft:shield":37,"minecraft:iron_sword":64,"minecraft:wooden_shovel":61,"minecraft:cooked_salmon":1,"minecraft:cooked_chicken":5,"minecraft:iron_chestplate":2,"minecraft:oak_door":2,"minecraft:torch":95,"minecraft:dirt":58,"additionaladditions:chicken_nugget":1,"minecraft:dark_oak_planks":5,"minecraft:wooden_axe":196,"minecraft:oak_stairs":2,"minecraft:iron_helmet":1,"minecraft:furnace":7,"minecraft:oak_sapling":2,"minecraft:egg":3,"minecraft:cooked_beef":1,"minecraft:cobbled_deepslate":89,"minecraft:cooked_mutton":17,"minecraft:stone_pickaxe":529,"minecraft:oak_planks":11,"minecraft:wooden_pickaxe":107,"minecraft:oak_slab":49,"minecraft:crafting_table":15,"minecraft:campfire":2,"minecraft:shears":26,"minecraft:black_wool":1,"minecraft:iron_pickaxe":150,"minecraft:leather_helmet":1,"minecraft:gravel":1,"minecraft:stone_axe":82,"minecraft:cobblestone":70,"minecraft:cooked_porkchop":11},"minecraft:custom":{"minecraft:mob_kills":57,"minecraft:interact_with_crafting_table":73,"minecraft:leave_game":4,"minecraft:time_since_death":142188,"minecraft:climb_one_cm":4771,"minecraft:sprint_one_cm":702978,"minecraft:walk_one_cm":351316,"minecraft:damage_blocked_by_shield":1935,"minecraft:drop":48,"minecraft:damage_dealt_absorbed":52,"minecraft:play_time":223464,"minecraft:deaths":3,"minecraft:sneak_time":10304,"minecraft:walk_under_water_one_cm":9138,"minecraft:jump":2892,"minecraft:walk_on_water_one_cm":7425,"minecraft:total_world_time":223464,"minecraft:interact_with_furnace":71,"minecraft:time_since_rest":142193,"minecraft:damage_taken":2256,"minecraft:damage_dealt":5464,"minecraft:swim_one_cm":13915,"minecraft:fly_one_cm":344572,"minecraft:open_chest":32,"minecraft:crouch_one_cm":15308,"minecraft:fall_one_cm":75584},"minecraft:dropped":{"minecraft:iron_ingot":9,"minecraft:wheat_seeds":4,"immersive_aircraft:rotary_cannon":1,"minecraft:cobblestone":6,"minecraft:granite":5,"immersive_aircraft:sturdy_pipes":1,"minecraft:coal":18,"minecraft:leather_helmet":2,"minecraft:dirt":1,"minecraft:diorite":2,"minecraft:stone_axe":3,"minecraft:stone_sword":1,"minecraft:rotten_flesh":3,"minecraft:light_gray_wool":1,"minecraft:oak_planks":34,"immersive_aircraft:nether_engine":1,"minecraft:gunpowder":62,"immersive_aircraft:steel_boiler":1,"minecraft:oak_sapling":1,"minecraft:stone_pickaxe":3,"minecraft:wooden_pickaxe":2},"minecraft:mined":{"minecraft:tuff":10,"minecraft:deepslate_diamond_ore":4,"minecraft:dark_oak_log":25,"minecraft:granite":15,"minecraft:grass_block":96,"minecraft:oak_trapdoor":2,"minecraft:furnace":1,"minecraft:iron_ore":35,"minecraft:cobbled_deepslate":2,"minecraft:deepslate_iron_ore":53,"minecraft:vine":1,"minecraft:oak_stairs":2,"minecraft:stone":305,"minecraft:oak_slab":13,"minecraft:crafting_table":4,"minecraft:campfire":1,"minecraft:cobblestone":16,"minecraft:tall_grass":4,"minecraft:copper_ore":8,"minecraft:deepslate_gold_ore":10,"minecraft:sugar_cane":1,"minecraft:diorite":2,"minecraft:grass":32,"minecraft:coal_ore":166,"minecraft:oak_log":157,"minecraft:dirt":116,"minecraft:gravel":1,"minecraft:oak_leaves":85,"minecraft:deepslate":123},"minecraft:crafted":{"minecraft:oak_door":3,"minecraft:oak_planks":480,"minecraft:stone_shovel":1,"minecraft:cooked_chicken":5,"minecraft:furnace":6,"minecraft:cooked_mutton":24,"minecraft:oak_trapdoor":2,"minecraft:iron_boots":2,"minecraft:stone_pickaxe":6,"minecraft:chest":3,"minecraft:dark_oak_planks":96,"minecraft:cooked_beef":1,"minecraft:oak_slab":78,"minecraft:wooden_shovel":1,"minecraft:cooked_porkchop":11,"minecraft:crafting_table":11,"minecraft:wooden_pickaxe":3,"minecraft:iron_helmet":2,"minecraft:iron_sword":1,"minecraft:cooked_salmon":1,"minecraft:copper_ingot":16,"minecraft:campfire":2,"minecraft:stone_axe":3,"minecraft:air":0,"minecraft:iron_chestplate":2,"minecraft:shield":2,"minecraft:stick":228,"minecraft:wooden_axe":4,"minecraft:iron_ingot":85,"minecraft:iron_pickaxe":2,"minecraft:oak_stairs":4,"minecraft:stone_sword":1,"minecraft:gold_ingot":8,"minecraft:iron_leggings":2,"minecraft:torch":248,"minecraft:shears":1},"minecraft:killed_by":{"minecraft:skeleton":2},"minecraft:broken":{"minecraft:wooden_shovel":1,"minecraft:wooden_pickaxe":1,"minecraft:stone_pickaxe":3,"minecraft:wooden_axe":4},"minecraft:picked_up":{"minecraft:charcoal":2,"minecraft:crafting_table":4,"minecraft:chicken":15,"minecraft:wooden_pickaxe":1,"minecraft:oak_stairs":2,"minecraft:string":2,"minecraft:oak_trapdoor":2,"minecraft:raw_copper":29,"additionaladditions:chicken_nugget":1,"minecraft:cobbled_deepslate":123,"minecraft:beef":1,"minecraft:light_gray_wool":1,"minecraft:sugar_cane":3,"minecraft:egg":7,"minecraft:furnace":1,"minecraft:raw_iron":97,"minecraft:stick":2,"minecraft:porkchop":16,"immersive_aircraft:rotary_cannon":1,"minecraft:diorite":2,"minecraft:rotten_flesh":6,"minecraft:stone_sword":2,"minecraft:arrow":3,"minecraft:mutton":31,"minecraft:white_wool":18,"minecraft:cobblestone":320,"minecraft:feather":13,"immersive_aircraft:nether_engine":1,"minecraft:salmon":1,"minecraft:leather":2,"minecraft:tuff":10,"minecraft:oak_log":155,"minecraft:gunpowder":62,"minecraft:dirt":203,"minecraft:bone":3,"minecraft:bow":1,"minecraft:wheat_seeds":8,"minecraft:raw_gold":10,"minecraft:iron_ingot":2,"minecraft:stone_pickaxe":3,"minecraft:honeycomb":6,"minecraft:oak_slab":14,"immersive_aircraft:sturdy_pipes":1,"minecraft:gravel":1,"minecraft:spider_eye":1,"minecraft:dark_oak_log":24,"minecraft:leather_helmet":2,"minecraft:pumpkin_seeds":24,"minecraft:diamond":4,"minecraft:stone_axe":4,"minecraft:granite":16,"immersive_aircraft:steel_boiler":1,"minecraft:oak_sapling":3,"minecraft:black_wool":1,"minecraft:coal":166,"minecraft:oak_leaves":9},"minecraft:killed":{"minecraft:spider":3,"minecraft:skeleton":2,"minecraft:chicken":15,"minecraft:pig":8,"minecraft:zombie_villager":1,"minecraft:salmon":1,"minecraft:sheep":20,"minecraft:zombie":5,"minecraft:cow":1}},"DataVersion":3337}