{"stats":{"minecraft:used":{"minecraft:cooked_mutton":13,"minecraft:stone_sword":46,"minecraft:stone_pickaxe":149,"minecraft:shield":12,"minecraft:wooden_pickaxe":90,"minecraft:iron_chestplate":1,"minecraft:torch":7,"minecraft:dirt":5,"minecraft:crafting_table":9,"additionaladditions:chicken_nugget":1,"minecraft:dark_oak_planks":5,"minecraft:wooden_axe":99,"minecraft:black_wool":1,"minecraft:iron_pickaxe":4,"minecraft:leather_helmet":1,"minecraft:gravel":1,"minecraft:stone_axe":39,"minecraft:cobblestone":30,"minecraft:furnace":4},"minecraft:custom":{"minecraft:interact_with_furnace":32,"minecraft:mob_kills":19,"minecraft:interact_with_crafting_table":20,"minecraft:leave_game":4,"minecraft:time_since_death":2080,"minecraft:climb_one_cm":1488,"minecraft:time_since_rest":2085,"minecraft:sprint_one_cm":249991,"minecraft:damage_taken":1445,"minecraft:walk_one_cm":115055,"minecraft:damage_blocked_by_shield":585,"minecraft:drop":39,"minecraft:damage_dealt":2277,"minecraft:swim_one_cm":11340,"minecraft:fly_one_cm":155021,"minecraft:crouch_one_cm":2245,"minecraft:play_time":83356,"minecraft:deaths":3,"minecraft:sneak_time":3030,"minecraft:walk_under_water_one_cm":3706,"minecraft:jump":894,"minecraft:walk_on_water_one_cm":5477,"minecraft:total_world_time":83356,"minecraft:fall_one_cm":38176},"minecraft:dropped":{"minecraft:iron_ingot":2,"minecraft:stone_axe":3,"minecraft:wheat_seeds":3,"immersive_aircraft:rotary_cannon":1,"minecraft:stone_sword":1,"minecraft:cobblestone":6,"minecraft:rotten_flesh":3,"minecraft:light_gray_wool":1,"minecraft:oak_planks":34,"minecraft:granite":5,"immersive_aircraft:sturdy_pipes":1,"minecraft:leather_helmet":2,"immersive_aircraft:nether_engine":1,"minecraft:dirt":1,"minecraft:gunpowder":62,"minecraft:diorite":2,"immersive_aircraft:steel_boiler":1,"minecraft:oak_sapling":1,"minecraft:wooden_pickaxe":2,"minecraft:stone_pickaxe":3},"minecraft:mined":{"minecraft:deepslate_diamond_ore":2,"minecraft:dark_oak_log":25,"minecraft:crafting_table":2,"minecraft:granite":4,"minecraft:grass_block":4,"minecraft:cobblestone":13,"minecraft:diorite":2,"minecraft:iron_ore":16,"minecraft:grass":9,"minecraft:deepslate_iron_ore":17,"minecraft:oak_log":78,"minecraft:coal_ore":78,"minecraft:vine":1,"minecraft:gravel":1,"minecraft:dirt":2,"minecraft:stone":84,"minecraft:deepslate":14,"minecraft:oak_leaves":28},"minecraft:crafted":{"minecraft:oak_planks":276,"minecraft:crafting_table":7,"minecraft:wooden_pickaxe":2,"minecraft:iron_helmet":1,"minecraft:furnace":4,"minecraft:stone_axe":2,"minecraft:cooked_mutton":18,"minecraft:air":0,"minecraft:iron_boots":1,"minecraft:iron_chestplate":1,"minecraft:shield":1,"minecraft:stick":168,"minecraft:iron_pickaxe":1,"minecraft:iron_ingot":30,"minecraft:stone_pickaxe":2,"minecraft:wooden_axe":2,"minecraft:stone_sword":1,"minecraft:iron_leggings":1,"minecraft:torch":140,"minecraft:dark_oak_planks":96},"minecraft:killed_by":{"minecraft:skeleton":2},"minecraft:broken":{"minecraft:wooden_axe":2,"minecraft:wooden_pickaxe":1},"minecraft:picked_up":{"minecraft:crafting_table":2,"immersive_aircraft:nether_engine":1,"minecraft:wooden_pickaxe":1,"minecraft:oak_log":77,"minecraft:gunpowder":62,"minecraft:string":2,"minecraft:dirt":6,"minecraft:bone":1,"additionaladditions:chicken_nugget":1,"minecraft:wheat_seeds":3,"minecraft:cobbled_deepslate":14,"minecraft:iron_ingot":2,"minecraft:stone_pickaxe":3,"minecraft:light_gray_wool":1,"minecraft:stick":2,"minecraft:raw_iron":42,"immersive_aircraft:sturdy_pipes":1,"minecraft:gravel":1,"minecraft:porkchop":2,"immersive_aircraft:rotary_cannon":1,"minecraft:diorite":2,"minecraft:dark_oak_log":24,"minecraft:spider_eye":1,"minecraft:leather_helmet":2,"minecraft:stone_sword":2,"minecraft:arrow":2,"minecraft:rotten_flesh":4,"minecraft:diamond":2,"minecraft:stone_axe":4,"minecraft:granite":5,"immersive_aircraft:steel_boiler":1,"minecraft:oak_sapling":1,"minecraft:black_wool":1,"minecraft:mutton":18,"minecraft:coal":78,"minecraft:white_wool":10,"minecraft:cobblestone":96},"minecraft:killed":{"minecraft:pig":1,"minecraft:spider":3,"minecraft:skeleton":1,"minecraft:sheep":12,"minecraft:zombie":1}},"DataVersion":3337}