{"stats":{"minecraft:used":{"minecraft:oak_trapdoor":2,"minecraft:stone_sword":46,"minecraft:stone_shovel":123,"minecraft:chest":3,"minecraft:shield":39,"minecraft:iron_sword":182,"minecraft:wooden_shovel":61,"minecraft:cooked_salmon":1,"minecraft:cooked_chicken":8,"minecraft:iron_chestplate":2,"minecraft:oak_door":2,"minecraft:torch":115,"minecraft:dirt":59,"additionaladditions:chicken_nugget":1,"minecraft:dark_oak_planks":5,"minecraft:wooden_axe":196,"minecraft:oak_stairs":2,"minecraft:iron_helmet":1,"minecraft:totem_of_undying":1,"minecraft:furnace":7,"minecraft:oak_sapling":2,"minecraft:egg":7,"minecraft:cooked_beef":1,"minecraft:cobbled_deepslate":92,"minecraft:cooked_mutton":30,"minecraft:stone_pickaxe":593,"minecraft:oak_planks":11,"minecraft:ender_pearl":1,"minecraft:wooden_pickaxe":107,"the_bumblezone:pollen_puff":10,"minecraft:oak_slab":49,"minecraft:crafting_table":15,"minecraft:campfire":2,"minecraft:shears":29,"minecraft:smoker":1,"minecraft:black_wool":1,"minecraft:apple":1,"minecraft:iron_pickaxe":150,"minecraft:leather_helmet":1,"minecraft:gravel":1,"minecraft:stone_axe":131,"minecraft:cobblestone":110,"minecraft:cooked_porkchop":11},"minecraft:dropped":{"minecraft:iron_ingot":9,"minecraft:wheat_seeds":4,"immersive_aircraft:rotary_cannon":1,"minecraft:diamond":5,"minecraft:cobblestone":6,"minecraft:honeycomb":15,"minecraft:granite":5,"immersive_aircraft:sturdy_pipes":1,"minecraft:coal":18,"minecraft:leather_helmet":2,"minecraft:dirt":1,"minecraft:diorite":2,"minecraft:stone_axe":3,"minecraft:stone_sword":1,"minecraft:rotten_flesh":3,"minecraft:light_gray_wool":1,"minecraft:oak_planks":34,"immersive_aircraft:nether_engine":1,"minecraft:gunpowder":62,"immersive_aircraft:steel_boiler":1,"minecraft:oak_sapling":1,"minecraft:arrow":1,"minecraft:stone_pickaxe":3,"minecraft:wooden_pickaxe":2},"minecraft:custom":{"minecraft:interact_with_smithing_table":3,"minecraft:mob_kills":89,"minecraft:interact_with_crafting_table":78,"minecraft:leave_game":4,"minecraft:time_since_death":190188,"minecraft:climb_one_cm":4771,"minecraft:sprint_one_cm":1018916,"minecraft:walk_one_cm":487093,"minecraft:damage_blocked_by_shield":1950,"minecraft:drop":51,"minecraft:damage_dealt_absorbed":308,"minecraft:talked_to_villager":2,"minecraft:play_time":271464,"minecraft:deaths":3,"minecraft:sneak_time":11546,"minecraft:walk_under_water_one_cm":12686,"minecraft:jump":3838,"minecraft:walk_on_water_one_cm":10949,"minecraft:total_world_time":271464,"minecraft:interact_with_furnace":76,"minecraft:time_since_rest":190193,"minecraft:damage_taken":3177,"minecraft:damage_dealt":8049,"minecraft:swim_one_cm":17756,"minecraft:fly_one_cm":472784,"minecraft:open_chest":42,"minecraft:crouch_one_cm":17953,"minecraft:interact_with_smoker":7,"minecraft:fall_one_cm":96847},"minecraft:mined":{"the_bumblezone:super_candle_base_yellow":1,"minecraft:tuff":10,"minecraft:deepslate_diamond_ore":4,"minecraft:dark_oak_log":25,"minecraft:granite":15,"minecraft:grass_block":97,"minecraft:oak_trapdoor":2,"minecraft:furnace":1,"minecraft:iron_ore":35,"minecraft:cobbled_deepslate":2,"minecraft:deepslate_iron_ore":56,"minecraft:vine":1,"minecraft:oak_stairs":2,"minecraft:stone":312,"minecraft:oak_slab":14,"the_bumblezone:pile_of_pollen":10,"minecraft:crafting_table":4,"minecraft:campfire":1,"minecraft:cobblestone":30,"minecraft:tall_grass":5,"minecraft:copper_ore":8,"minecraft:honeycomb_block":4,"minecraft:deepslate_gold_ore":10,"minecraft:sugar_cane":1,"minecraft:diorite":2,"minecraft:bee_nest":1,"minecraft:grass":43,"minecraft:coal_ore":195,"minecraft:oak_log":196,"minecraft:dirt":116,"minecraft:gravel":1,"minecraft:oak_leaves":103,"minecraft:deepslate":127},"minecraft:crafted":{"minecraft:oak_door":3,"minecraft:oak_planks":480,"minecraft:stone_shovel":1,"minecraft:cooked_chicken":16,"minecraft:furnace":7,"minecraft:cooked_mutton":35,"minecraft:oak_trapdoor":2,"minecraft:iron_boots":2,"minecraft:stone_pickaxe":6,"minecraft:chest":3,"minecraft:dark_oak_planks":96,"minecraft:smoker":1,"minecraft:cooked_beef":1,"minecraft:oak_slab":78,"minecraft:wooden_shovel":1,"minecraft:cooked_porkchop":11,"minecraft:crafting_table":11,"minecraft:wooden_pickaxe":3,"minecraft:iron_helmet":2,"minecraft:iron_sword":1,"minecraft:cooked_salmon":1,"minecraft:copper_ingot":28,"minecraft:campfire":2,"minecraft:stone_axe":3,"minecraft:air":0,"minecraft:iron_chestplate":2,"minecraft:shield":2,"minecraft:stick":228,"minecraft:wooden_axe":4,"minecraft:iron_ingot":85,"minecraft:iron_pickaxe":2,"minecraft:oak_stairs":4,"minecraft:stone_sword":1,"minecraft:gold_ingot":8,"minecraft:iron_leggings":2,"minecraft:torch":248,"minecraft:shears":1},"minecraft:killed_by":{"minecraft:skeleton":2},"minecraft:broken":{"minecraft:wooden_shovel":1,"minecraft:wooden_pickaxe":1,"minecraft:stone_pickaxe":3,"minecraft:wooden_axe":4},"minecraft:picked_up":{"the_bumblezone:porous_honeycomb_block":4,"minecraft:charcoal":2,"minecraft:crafting_table":4,"minecraft:chicken":18,"minecraft:smithing_table":2,"minecraft:wooden_pickaxe":1,"minecraft:oak_stairs":2,"minecraft:shield":1,"minecraft:string":2,"minecraft:oak_trapdoor":2,"minecraft:raw_copper":29,"additionaladditions:chicken_nugget":1,"minecraft:cobbled_deepslate":183,"minecraft:beef":12,"minecraft:oak_boat":1,"minecraft:coal_block":5,"minecraft:light_gray_wool":1,"minecraft:sugar_cane":3,"minecraft:egg":8,"minecraft:furnace":3,"minecraft:raw_iron":100,"minecraft:stick":2,"minecraft:oak_door":2,"minecraft:torch":128,"minecraft:porkchop":27,"minecraft:honeycomb_block":53,"immersive_aircraft:rotary_cannon":1,"minecraft:diorite":2,"minecraft:rotten_flesh":6,"minecraft:stone_sword":2,"minecraft:arrow":64,"minecraft:totem_of_undying":2,"minecraft:mutton":35,"minecraft:white_wool":20,"minecraft:cobblestone":342,"minecraft:feather":16,"immersive_aircraft:nether_engine":1,"minecraft:water_bucket":1,"minecraft:salmon":1,"minecraft:brown_wool":1,"minecraft:leather":7,"minecraft:tuff":10,"minecraft:oak_log":193,"minecraft:gunpowder":62,"minecraft:dirt":204,"minecraft:bone":4,"minecraft:apple":1,"minecraft:bow":2,"minecraft:wheat_seeds":8,"minecraft:raw_gold":10,"minecraft:iron_ingot":2,"minecraft:stone_pickaxe":3,"minecraft:oak_planks":64,"minecraft:honeycomb":32,"minecraft:oak_slab":15,"the_bumblezone:stingless_bee_helmet_1":1,"minecraft:cooked_porkchop":10,"immersive_aircraft:sturdy_pipes":1,"minecraft:gravel":1,"minecraft:spider_eye":1,"minecraft:dark_oak_log":24,"minecraft:leather_helmet":2,"minecraft:pumpkin_seeds":24,"minecraft:diamond":9,"minecraft:stone_axe":4,"the_bumblezone:pollen_puff":11,"minecraft:granite":16,"minecraft:grass":1,"immersive_aircraft:steel_boiler":1,"minecraft:oak_sapling":3,"minecraft:black_wool":2,"minecraft:coal":259,"minecraft:oak_leaves":9,"minecraft:ender_pearl":1},"minecraft:killed":{"minecraft:spider":3,"the_bumblezone:honey_slime":13,"minecraft:skeleton":2,"minecraft:bee":1,"minecraft:chicken":18,"minecraft:pig":13,"minecraft:zombie_villager":1,"minecraft:salmon":1,"minecraft:sheep":24,"minecraft:zombie":6,"minecraft:cow":6}},"DataVersion":3337}