{"stats":{"minecraft:used":{"minecraft:cooked_mutton":1,"minecraft:chicken":2,"minecraft:stone_pickaxe":47,"minecraft:oak_planks":26,"minecraft:wooden_pickaxe":9,"minecraft:cooked_salmon":2,"minecraft:white_wool":2,"minecraft:stone_axe":67,"minecraft:dirt":3,"minecraft:crafting_table":2,"minecraft:furnace":2,"minecraft:jungle_planks":2},"minecraft:custom":{"minecraft:time_since_rest":1183,"minecraft:interact_with_furnace":5,"minecraft:sprint_one_cm":54378,"minecraft:damage_taken":420,"minecraft:walk_one_cm":35057,"minecraft:mob_kills":16,"minecraft:animals_bred":1,"minecraft:damage_dealt":1670,"minecraft:interact_with_crafting_table":3,"minecraft:swim_one_cm":10855,"minecraft:fly_one_cm":109913,"minecraft:crouch_one_cm":4572,"minecraft:play_time":20811,"minecraft:deaths":1,"minecraft:sneak_time":1956,"minecraft:walk_under_water_one_cm":2174,"minecraft:jump":499,"minecraft:leave_game":1,"minecraft:walk_on_water_one_cm":3359,"minecraft:time_since_death":1180,"minecraft:total_world_time":20811,"minecraft:climb_one_cm":615,"minecraft:fall_one_cm":17689},"minecraft:mined":{"minecraft:furnace":2,"minecraft:iron_ore":4,"minecraft:birch_log":14,"minecraft:dandelion":2,"minecraft:pumpkin":3,"minecraft:crafting_table":2,"minecraft:grass":1,"minecraft:coal_ore":26,"minecraft:grass_block":1,"minecraft:oak_log":19,"minecraft:vine":1,"minecraft:jungle_log":6,"minecraft:dirt":2,"minecraft:stone":24,"minecraft:oak_planks":2,"minecraft:oak_leaves":1},"minecraft:crafted":{"minecraft:oak_planks":76,"minecraft:crafting_table":1,"minecraft:stick":8,"minecraft:wooden_pickaxe":1,"minecraft:stone_pickaxe":1,"minecraft:wooden_axe":1,"minecraft:furnace":1,"minecraft:cooked_salmon":5,"minecraft:stone_axe":1,"minecraft:air":0,"minecraft:cooked_mutton":1,"minecraft:jungle_planks":24},"minecraft:killed_by":{"minecraft:zombie":1},"minecraft:picked_up":{"minecraft:wooden_axe":1,"minecraft:birch_log":26,"minecraft:raw_iron":8,"minecraft:crafting_table":3,"minecraft:chicken":2,"minecraft:salmon":5,"minecraft:pumpkin":6,"minecraft:jungle_log":6,"minecraft:wooden_pickaxe":1,"minecraft:dandelion":2,"minecraft:jungle_planks":3,"minecraft:porkchop":6,"minecraft:oak_log":19,"minecraft:dirt":3,"minecraft:cooked_salmon":3,"minecraft:rotten_flesh":12,"minecraft:stone_axe":1,"minecraft:iron_ingot":2,"minecraft:stone_pickaxe":1,"minecraft:light_gray_wool":2,"minecraft:oak_planks":54,"minecraft:coal":41,"minecraft:mutton":9,"minecraft:white_wool":4,"minecraft:cobblestone":34,"minecraft:furnace":3},"minecraft:killed":{"minecraft:sheep":3,"minecraft:zombie":5,"minecraft:pig":1,"minecraft:chicken":2,"minecraft:salmon":5}},"DataVersion":3337}