{"stats":{"minecraft:killed_by":{"minecraft:player":2},"minecraft:picked_up":{"minecraft:rotten_flesh":4,"minecraft:bow":1},"minecraft:custom":{"minecraft:jump":31,"minecraft:time_since_rest":2143,"minecraft:leave_game":1,"minecraft:damage_dealt":582,"minecraft:deaths":2,"minecraft:sprint_one_cm":1026,"minecraft:play_time":7678,"minecraft:damage_taken":550,"minecraft:time_since_death":1206,"minecraft:walk_one_cm":3957,"minecraft:total_world_time":7678,"minecraft:mob_kills":3,"minecraft:fly_one_cm":6146},"minecraft:killed":{"minecraft:husk":2,"minecraft:zombie":1}},"DataVersion":3700}