{"stats":{"minecraft:crafted":{"minecraft:cooked_beef":4,"minecraft:cooked_porkchop":3,"minecraft:crafting_table":3,"minecraft:wooden_pickaxe":1,"minecraft:furnace":1,"minecraft:stone_axe":1,"minecraft:air":0,"minecraft:iron_boots":1,"minecraft:iron_chestplate":1,"minecraft:shield":1,"minecraft:iron_axe":1,"minecraft:stick":16,"minecraft:iron_pickaxe":1,"minecraft:stone_pickaxe":1,"minecraft:iron_leggings":1,"minecraft:acacia_planks":72,"minecraft:smoker":1},"minecraft:killed":{"minecraft:pig":6,"minecraft:iron_golem":6,"minecraft:cow":5},"minecraft:mined":{"minecraft:acacia_leaves":2,"minecraft:smoker":1,"minecraft:crafting_table":2,"minecraft:short_grass":21,"minecraft:acacia_log":22,"minecraft:grass_block":2,"minecraft:cobblestone":8,"minecraft:tall_grass":2,"minecraft:iron_ore":3,"minecraft:dirt":14,"minecraft:stone":12,"minecraft:fern":1},"minecraft:used":{"minecraft:stone_pickaxe":14,"minecraft:wooden_pickaxe":12,"minecraft:shield":13,"minecraft:iron_chestplate":1,"minecraft:dirt":23,"minecraft:crafting_table":3,"minecraft:acacia_sapling":1,"minecraft:smoker":1,"minecraft:iron_axe":42,"minecraft:iron_pickaxe":1,"minecraft:iron_boots":1,"minecraft:stone_axe":61,"minecraft:porkchop":1,"minecraft:cooked_porkchop":3,"minecraft:cooked_beef":2,"minecraft:acacia_planks":6,"minecraft:iron_leggings":1},"minecraft:picked_up":{"minecraft:iron_chestplate":1,"minecraft:crafting_table":3,"minecraft:cooked_beef":2,"minecraft:leather":16,"minecraft:smoker":2,"minecraft:dirt":24,"minecraft:iron_leggings":1,"minecraft:acacia_planks":13,"minecraft:wheat_seeds":4,"minecraft:beef":11,"minecraft:iron_ingot":54,"minecraft:stone_pickaxe":2,"minecraft:poppy":9,"minecraft:iron_pickaxe":1,"minecraft:acacia_sapling":3,"minecraft:iron_boots":1,"minecraft:stick":11,"minecraft:raw_iron":12,"minecraft:cooked_porkchop":4,"minecraft:acacia_log":22,"minecraft:porkchop":26,"minecraft:stone_axe":2,"minecraft:cobblestone":21},"minecraft:killed_by":{"minecraft:player":2},"minecraft:custom":{"minecraft:mob_kills":17,"minecraft:interact_with_crafting_table":5,"minecraft:leave_game":1,"minecraft:time_since_death":1286,"minecraft:time_since_rest":1317,"minecraft:sprint_one_cm":67831,"minecraft:damage_taken":1214,"minecraft:walk_one_cm":46906,"minecraft:damage_blocked_by_shield":520,"minecraft:drop":32,"minecraft:damage_dealt":7431,"minecraft:player_kills":2,"minecraft:fly_one_cm":193593,"minecraft:crouch_one_cm":2945,"minecraft:play_time":18481,"minecraft:deaths":3,"minecraft:sneak_time":1460,"minecraft:jump":652,"minecraft:total_world_time":18481,"minecraft:interact_with_smoker":3,"minecraft:fall_one_cm":6839},"minecraft:dropped":{"minecraft:stone_axe":1,"minecraft:wheat_seeds":2,"minecraft:cooked_beef":1,"minecraft:crafting_table":1,"minecraft:cobblestone":7,"minecraft:stick":5,"minecraft:poppy":9,"minecraft:dirt":1,"minecraft:acacia_sapling":2,"minecraft:wooden_pickaxe":1,"minecraft:stone_pickaxe":1,"minecraft:acacia_planks":1}},"DataVersion":3700}