{"stats":{"minecraft:used":{"minecraft:wooden_pickaxe":14},"minecraft:dropped":{"minecraft:wooden_pickaxe":1},"minecraft:custom":{"minecraft:time_since_rest":8859,"minecraft:crouch_one_cm":629,"minecraft:play_time":8859,"minecraft:interact_with_furnace":1,"minecraft:sprint_one_cm":24498,"minecraft:damage_taken":210,"minecraft:walk_one_cm":11503,"minecraft:sneak_time":408,"minecraft:drop":1,"minecraft:jump":150,"minecraft:time_since_death":8859,"minecraft:walk_on_water_one_cm":264,"minecraft:total_world_time":8859,"minecraft:climb_one_cm":2409,"minecraft:interact_with_crafting_table":2,"minecraft:fall_one_cm":12450,"minecraft:fly_one_cm":41438},"minecraft:mined":{"minecraft:jungle_log":9,"minecraft:jungle_leaves":2,"minecraft:stone":14,"minecraft:oak_leaves":8},"minecraft:crafted":{"minecraft:stick":4,"minecraft:wooden_pickaxe":1,"minecraft:jungle_planks":36},"minecraft:picked_up":{"minecraft:jungle_log":9,"minecraft:wooden_pickaxe":1,"minecraft:cobblestone":14}},"DataVersion":3337}