{"stats":{"minecraft:used":{"minecraft:oak_planks":1,"minecraft:ender_pearl":6},"minecraft:dropped":{"minecraft:oak_planks":1},"minecraft:custom":{"minecraft:jump":30,"minecraft:time_since_rest":54642,"minecraft:crouch_one_cm":805,"minecraft:damage_dealt":6,"minecraft:deaths":1,"minecraft:sprint_one_cm":1118,"minecraft:play_time":55467,"minecraft:damage_taken":306,"minecraft:time_since_death":54638,"minecraft:walk_one_cm":3014,"minecraft:sneak_time":762,"minecraft:total_world_time":55467,"minecraft:walk_under_water_one_cm":523,"minecraft:drop":1,"minecraft:fall_one_cm":858,"minecraft:fly_one_cm":32503,"minecraft:leave_game":1},"minecraft:killed_by":{"minecraft:player":1},"minecraft:picked_up":{"minecraft:ender_pearl":1}},"DataVersion":3337}