{"stats":{"minecraft:used":{"the_bumblezone:honeycomb_brood_block":3,"minecraft:honeycomb_block":29,"the_bumblezone:filled_porous_honeycomb_block":2,"minecraft:grass_block":1,"the_bumblezone:porous_honeycomb_block":1,"minecraft:oak_planks":1,"minecraft:ender_pearl":8,"the_bumblezone:empty_honeycomb_brood_block":2},"minecraft:dropped":{"minecraft:bread":64,"minecraft:oak_planks":1,"minecraft:grass_block":1},"minecraft:custom":{"minecraft:open_chest":1,"minecraft:time_since_rest":119861,"minecraft:crouch_one_cm":1057,"minecraft:deaths":1,"minecraft:sprint_one_cm":6375,"minecraft:play_time":120686,"minecraft:damage_taken":306,"minecraft:walk_one_cm":7797,"minecraft:sneak_time":1143,"minecraft:walk_under_water_one_cm":751,"minecraft:drop":3,"minecraft:jump":78,"minecraft:damage_dealt":16,"minecraft:leave_game":1,"minecraft:walk_on_water_one_cm":52,"minecraft:time_since_death":119857,"minecraft:total_world_time":120686,"minecraft:swim_one_cm":949,"minecraft:fall_one_cm":858,"minecraft:fly_one_cm":85655},"minecraft:killed_by":{"minecraft:player":1},"minecraft:picked_up":{"the_bumblezone:porous_honeycomb_block":64,"the_bumblezone:filled_porous_honeycomb_block":64,"the_bumblezone:empty_honeycomb_brood_block":64,"the_bumblezone:honeycomb_brood_block":64,"minecraft:honeycomb_block":64,"minecraft:ender_pearl":2}},"DataVersion":3337}