{"stats":{"minecraft:used":{"minecraft:ender_pearl":6,"minecraft:oak_planks":1},"minecraft:dropped":{"minecraft:oak_planks":1},"minecraft:custom":{"minecraft:jump":30,"minecraft:time_since_rest":71861,"minecraft:damage_dealt":6,"minecraft:damage_taken":306,"minecraft:leave_game":1,"minecraft:crouch_one_cm":805,"minecraft:time_since_death":71857,"minecraft:play_time":72686,"minecraft:sprint_one_cm":1118,"minecraft:walk_one_cm":3014,"minecraft:deaths":1,"minecraft:sneak_time":762,"minecraft:total_world_time":72686,"minecraft:walk_under_water_one_cm":523,"minecraft:fall_one_cm":858,"minecraft:drop":1,"minecraft:fly_one_cm":39795},"minecraft:killed_by":{"minecraft:player":1},"minecraft:picked_up":{"minecraft:ender_pearl":1}},"DataVersion":3337}