{"stats":{"minecraft:killed":{"minecraft:pig":3,"goblinsanddungeons:gob":1,"minecraft:skeleton":1,"undead:thepregnant":1,"undead:themoonflower":1,"minecraft:cow":5},"minecraft:custom":{"minecraft:mob_kills":13,"minecraft:open_barrel":2,"minecraft:play_one_minute":80767,"minecraft:leave_game":7,"minecraft:time_since_death":18807,"minecraft:time_since_rest":18715,"minecraft:sprint_one_cm":22941,"minecraft:walk_one_cm":24611,"minecraft:drop":27,"minecraft:damage_dealt":2116,"minecraft:swim_one_cm":7489,"minecraft:fly_one_cm":488393,"minecraft:open_chest":9,"minecraft:crouch_one_cm":1095,"tombstone:undead_killed":3,"minecraft:deaths":1,"minecraft:sneak_time":1398,"minecraft:walk_under_water_one_cm":4958,"minecraft:jump":117,"minecraft:walk_on_water_one_cm":2107},"minecraft:dropped":{"butchersdelight:dead_cow":4,"modernlife:chainsaw":1,"minecraft:diamond":64,"webasemod:basic_baseball":64,"tombstone:gift":1,"dungeons_gear:ice_wand":1,"casinocraft:module_card_red":64,"dungeons_gear:fighters_binding":1,"casinocraft:dice_basic_red":2,"minecraft:grass_block":65,"mexicraft:brain":1,"dungeons_gear:wind_horn":3,"dungeons_gear:mauler":1,"webasemod:iron_bat":1,"casinocraft:module_chip_red":1,"casinocraft:cardtable_base_red":64,"swiaf:battleaxe_lightning_dragonsteel":1,"ars_nouveau:spell_bow":1,"nzgexpansion:dyeable_tactical_stock":1,"nzgexpansion:carbine_stock":1},"minecraft:used":{"webasemod:catcher_glove":1,"undead:thepregnant_spawn_egg":1,"minecraft:cow_spawn_egg":1,"webasemod:basic_baseball":99,"swiaf:battleaxe_lightning_dragonsteel":4,"webasemod:dirtball":23,"nzgexpansion:sniper_rifle":4,"casinocraft:dice_basic_red":2,"casinocraft:arcade_slot_red":1,"minecraft:torch":2,"dungeons_gear:fighters_binding":1,"goblinsanddungeons:urn":1,"casinocraft:cardtable_base_red":1,"nzgexpansion:double_barreled_shotgun":2,"mexicraft:chili_habanero":1,"minecraft:diamond":4,"dungeons_gear:gauntlet":4,"goblinsanddungeons:goblin_king_spawn_egg":1,"mexicraft:horchata_water":1,"casinocraft:cardtable_wide_red":1,"webasemod:super_slimeball":1,"minecraft:slime_ball":2,"nzgexpansion:revolver":1,"goblinsanddungeons:gob_spawn_egg":1,"undead:themoonflower_spawn_egg":1,"webasemod:stoneball":1,"casinocraft:arcade_base_red":2,"webasemod:iron_bat":9,"webasemod:netherite_bat":3,"nzgexpansion:rapid_smg":21},"minecraft:picked_up":{"casinocraft:dice_basic_red":2,"minecraft:iron_chestplate":2,"casinocraft:module_chip_red":1,"undead:stuffedflesh":2,"minecraft:flint":10,"minecraft:gunpowder":77,"minecraft:flint_and_steel":2,"minecraft:iron_leggings":2,"butchersdelight:dead_cow":4,"minecraft:spruce_wood":25,"minecraft:iron_ingot":78,"minecraft:cobweb":24,"minecraft:book":22,"minecraft:quartz":48,"mexicraft:brain":1,"minecraft:grass_block":1,"minecraft:redstone":10,"dungeons_gear:wind_horn":3,"minecraft:tnt":16,"minecraft:slime_ball":1,"minecraft:diamond":130,"ars_nouveau:worn_notebook":1,"minecraft:iron_helmet":3,"minecraft:gold_ingot":31,"minecraft:emerald":8,"minecraft:coal":24,"minecraft:skeleton_skull":1}},"DataVersion":2586}