{"stats":{"minecraft:custom":{"minecraft:mob_kills":19,"minecraft:inspect_hopper":1,"minecraft:interact_with_crafting_table":2,"minecraft:play_one_minute":199670,"minecraft:leave_game":22,"minecraft:time_since_death":438,"minecraft:climb_one_cm":12464,"minecraft:time_since_rest":1,"minecraft:sprint_one_cm":105732,"minecraft:damage_taken":4105,"minecraft:walk_one_cm":141640,"minecraft:damage_blocked_by_shield":893,"minecraft:drop":10,"minecraft:damage_dealt":3777,"minecraft:swim_one_cm":30007,"minecraft:fly_one_cm":441040,"minecraft:open_chest":24,"minecraft:crouch_one_cm":5520,"tombstone:undead_killed":7,"minecraft:deaths":8,"minecraft:sneak_time":3460,"minecraft:walk_under_water_one_cm":30222,"minecraft:jump":676,"minecraft:walk_on_water_one_cm":18155,"minecraft:fall_one_cm":22255},"minecraft:crafted":{"nzgexpansion:sniper_rifle":2},"minecraft:mined":{"minecraft:grass_block":2,"mexicraft:black_onyx":1,"minecraft:tall_grass":1,"dynamictrees:oak_leaves":3,"iceandfire:copper_ore":1,"minecraft:ice":2,"exp_ore:block_exp_ore":1,"create:copper_ore":38,"minecraft:dirt":1,"minecraft:stone":7},"minecraft:killed":{"minecraft:pig":3,"minecraft:skeleton":1,"minecraft:sheep":1,"minecraft:zombie":3,"trouble_rpg:cyclops":1,"trouble_rpg:shroomix":1,"ars_nouveau:summon_wolf":2,"undead:thebomber":1,"ars_nouveau:wilden_hunter":1,"undead:themoonflower":2},"minecraft:killed_by":{"undead:fleshserpent":1,"undead:sucker":1,"iceandfire:ice_dragon":3,"minecraft:witch":2},"minecraft:dropped":{"minecraft:crafting_table":1,"minecraft:cobblestone":5,"iceandfire:dragon_skull_ice":1,"dynamictrees:spruce_seed":4,"artifacts:night_vision_goggles":1,"minecraft:dirt":4,"minecraft:diorite":1,"minecraft:black_stained_glass":1,"thingsthatgoboom:molotov":1},"minecraft:used":{"oddsandends:trash_can_universal":3,"flamboyant:amaranth_concrete":10,"minecraft:diorite":6,"securitycraft:projector":2,"webasemod:basic_baseball":1,"mexicraft:papel_picado_white":2,"adorn:dark_oak_shelf":10,"chisel:marble/solid_bricks":7,"modernlife:old_tv":1,"iceandfire:dragon_skull_ice":3,"minecraft:chest":8,"minecraft:stone":16,"minecraft:iron_sword":60,"adorn:dark_oak_coffee_table":4,"securitycraft:scanner_door_item":3,"adorn:red_sofa":7,"modernlife:massive_mirror":2,"smallships:oak_cog":1,"modernlife:flatscreen_tv":3,"chipped:glowstone_7":17,"minecraft:dirt":15,"ironchest:diamond_chest":40,"nzgexpansion:double_barreled_shotgun":1,"minecraft:crafting_table":1,"minecraft:hopper":1,"minecraft:red_bed":2,"ironchest:copper_chest":1,"nzgexpansion:heavy_assault_rifle":5,"prettypipes:pipe":78,"ironchest:iron_chest":12,"adorn:red_table_lamp":1,"biomesoplenty:hellbark_planks":2,"prettypipes:crafting_terminal":2,"spartanshields:shield_tower_iron":27,"minecraft:dark_oak_planks":2,"twilightforest:iron_ladder":37,"flamboyant:navy_stained_glass":2,"iceandfire:podium_dark_oak":5,"minecraft:iron_axe":23,"butchersdelight:cooked_leg_cow":8,"minecraft:iron_pickaxe":48,"thingsthatgoboom:molotov":19,"nzgexpansion:machine_gun":45,"chipped:stone_1":2,"goblinsanddungeons:scoria":10,"tconstruct:diamond_item_frame":1,"framedblocks:framed_secret_storage":4,"mexicraft:papel_picado_wall_white":4,"mexicraft:papel_picado_wall_red":1,"nzgexpansion:revolver":4,"minecraft:black_stained_glass":2,"ironchest:obsidian_chest":31,"webasemod:stoneball":86,"farmersdelight:safety_net":4,"tconstruct:clear_item_frame":1,"ironchest:silver_chest":22,"cgm:mini_gun":292,"mininggadgets:modificationtable":1,"webasemod:iron_bat":9,"modernlife:dark_oak_small_table":8},"minecraft:picked_up":{"minecraft:birch_log":3,"artifacts:night_vision_goggles":1,"iceandfire:copper_ore":1,"dynamictrees:spruce_seed":4,"butchersdelight:deadpig":6,"minecraft:oak_log":3,"minecraft:dirt":4,"nzgexpansion:machine_gun":1,"securitycraft:scanner_door_item":1,"create:copper_ore":38,"dynamictrees:birch_seed":4,"mexicraft:black_onyx":1,"dynamictrees:oak_seed":1,"minecraft:black_stained_glass":1,"minecraft:stick":22,"minecraft:dandelion":1,"tombstone:grave_dust":2,"minecraft:diorite":1,"minecraft:spruce_log":6,"iceandfire:frozen_dirt":1,"smallships:oak_cog":1,"iceandfire:dragon_skull_ice":4,"minecraft:arrow":2,"minecraft:rotten_flesh":4,"ars_nouveau:worn_notebook":1,"minecraft:bone_meal":1,"minecraft:white_wool":1,"minecraft:cobblestone":5}},"DataVersion":2586}