{"stats":{"minecraft:used":{"minecraft:moss_block":1,"minecraft:enchanting_table":1,"minecraft:flint_and_steel":1,"minecraft:diamond_hoe":54,"minecraft:oak_sign":3,"minecraft:chest":1,"minecraft:netherrack":207,"minecraft:oak_door":6,"minecraft:torch":6,"minecraft:soul_sand":26,"minecraft:dirt":4,"minecraft:spyglass":12,"minecraft:obsidian":16,"minecraft:lava_bucket":1,"minecraft:totem_of_undying":3,"minecraft:soul_soil":15,"minecraft:furnace":2,"minecraft:pumpkin":1,"minecraft:pointed_dripstone":1,"minecraft:water_bucket":2,"minecraft:glass_bottle":12,"minecraft:cauldron":6,"minecraft:diamond_axe":122,"minecraft:jungle_boat":5,"minecraft:oak_leaves":1,"minecraft:white_wool":3,"minecraft:sand":3,"minecraft:crafting_table":6,"minecraft:white_bed":6,"minecraft:oak_log":1,"minecraft:diamond_pickaxe":1002,"minecraft:diamond_shovel":116,"minecraft:crying_obsidian":1,"minecraft:bread":39,"minecraft:suspicious_stew":1,"minecraft:gravel":8,"minecraft:diamond_sword":114,"minecraft:potion":5,"minecraft:cobblestone":116,"minecraft:bucket":5,"minecraft:yellow_bed":2,"minecraft:air":4,"minecraft:dandelion":1},"minecraft:dropped":{"minecraft:wheat_seeds":2,"minecraft:diamond_axe":1,"minecraft:crafting_table":1,"minecraft:cobblestone":13,"minecraft:stick":1,"minecraft:dirt":9,"minecraft:jungle_button":1,"minecraft:jungle_sapling":2,"wildwestguns2_3d:silver_ore":1,"minecraft:gold_ingot":1,"minecraft:stone_brick_slab":1,"minecraft:oak_door":1,"minecraft:gravel":1,"minecraft:soul_soil":1,"minecraft:iron_nugget":12,"minecraft:bowl":1,"minecraft:oak_planks":1,"minecraft:filled_map":1,"minecraft:poppy":1,"minecraft:diamond_pickaxe":1,"minecraft:beef":2,"minecraft:quartz":5,"minecraft:netherrack":11},"minecraft:custom":{"minecraft:mob_kills":56,"minecraft:interact_with_crafting_table":30,"minecraft:bell_ring":1,"minecraft:time_since_death":106562,"minecraft:climb_one_cm":1168,"minecraft:sprint_one_cm":294181,"minecraft:walk_one_cm":202983,"minecraft:drop":30,"minecraft:talked_to_villager":10,"minecraft:play_time":121713,"minecraft:deaths":2,"minecraft:sneak_time":15279,"minecraft:walk_under_water_one_cm":40555,"minecraft:boat_one_cm":139645,"minecraft:jump":1846,"minecraft:walk_on_water_one_cm":17391,"minecraft:enchant_item":8,"minecraft:total_world_time":121713,"minecraft:interact_with_furnace":10,"minecraft:traded_with_villager":1,"minecraft:time_since_rest":106566,"minecraft:damage_taken":3007,"minecraft:damage_dealt":4892,"minecraft:swim_one_cm":126325,"minecraft:fly_one_cm":346653,"minecraft:player_kills":1,"minecraft:open_chest":67,"minecraft:crouch_one_cm":39544,"minecraft:use_cauldron":1,"minecraft:fall_one_cm":50158},"minecraft:mined":{"minecraft:crying_obsidian":1,"minecraft:white_bed":5,"minecraft:mossy_cobblestone":1,"minecraft:oak_door":4,"minecraft:mossy_stone_brick_slab":1,"minecraft:jungle_leaves":5,"minecraft:obsidian":18,"minecraft:nether_bricks":12,"minecraft:granite":18,"minecraft:grass_block":7,"minecraft:jungle_log":5,"minecraft:soul_soil":16,"wildwestguns2_3d:silver_ore":1,"minecraft:moss_block":1,"minecraft:nether_wart":18,"minecraft:hay_block":55,"minecraft:tall_seagrass":3,"minecraft:magma_block":6,"minecraft:furnace":2,"minecraft:iron_ore":1,"minecraft:fire":47,"minecraft:andesite":25,"minecraft:pumpkin":14,"minecraft:nether_brick_stairs":4,"minecraft:gold_block":1,"minecraft:bookshelf":4,"minecraft:pointed_dripstone":1,"minecraft:deepslate_iron_ore":10,"minecraft:vine":2,"minecraft:stone":105,"minecraft:bone_block":2,"minecraft:white_wool":3,"minecraft:blackstone":3,"minecraft:soul_sand":43,"minecraft:soul_fire":2,"minecraft:stone_brick_slab":1,"minecraft:dandelion":1,"minecraft:crafting_table":5,"minecraft:lectern":1,"minecraft:nether_quartz_ore":6,"minecraft:tall_grass":11,"minecraft:cobblestone":13,"minecraft:lapis_ore":2,"minecraft:sugar_cane":10,"minecraft:oak_planks":1,"minecraft:wall_torch":2,"minecraft:cauldron":5,"minecraft:seagrass":4,"minecraft:birch_planks":2,"minecraft:birch_log":6,"minecraft:yellow_bed":2,"minecraft:stone_brick_stairs":1,"minecraft:grass":41,"minecraft:coal_ore":31,"minecraft:oak_log":68,"minecraft:dripstone_block":2,"minecraft:gravel":27,"minecraft:sand":12,"minecraft:dirt":8,"minecraft:cracked_stone_bricks":1,"minecraft:ancient_debris":6,"minecraft:netherrack":699,"minecraft:deepslate":2,"minecraft:fern":1,"minecraft:oak_leaves":9},"minecraft:crafted":{"minecraft:jungle_button":1,"minecraft:oak_door":3,"minecraft:oak_planks":48,"minecraft:oak_sign":3,"minecraft:leather_leggings":1,"minecraft:diamond_hoe":1,"minecraft:diamond_shovel":1,"minecraft:glass":9,"minecraft:diamond_helmet":1,"minecraft:diamond_leggings":2,"minecraft:chest":1,"minecraft:diamond_boots":1,"minecraft:glass_bottle":9,"minecraft:diamond_sword":1,"minecraft:cauldron":2,"minecraft:diamond_axe":1,"minecraft:crafting_table":2,"minecraft:enchanting_table":1,"minecraft:jungle_boat":1,"minecraft:bucket":1,"minecraft:birch_planks":24,"minecraft:jungle_slab":6,"minecraft:air":0,"minecraft:jungle_planks":20,"minecraft:diamond_pickaxe":1,"minecraft:shield":1,"minecraft:stick":76,"minecraft:iron_ingot":12,"minecraft:white_bed":1,"minecraft:torch":4,"minecraft:diamond_chestplate":1},"minecraft:picked_up":{"minecraft:crafting_table":6,"minecraft:nether_wart":62,"minecraft:gold_block":1,"minecraft:potion":1,"minecraft:soul_soil":16,"wildwestguns2_3d:silver_ore":1,"minecraft:cracked_stone_bricks":1,"minecraft:beef":2,"minecraft:jungle_sapling":2,"minecraft:iron_nugget":11,"minecraft:poppy":1,"minecraft:lectern":1,"minecraft:sugar_cane":21,"minecraft:furnace":2,"minecraft:raw_iron":11,"minecraft:stick":1,"minecraft:oak_door":5,"minecraft:torch":2,"minecraft:pointed_dripstone":1,"minecraft:cauldron":5,"minecraft:arrow":1,"minecraft:tropical_fish":9,"minecraft:nether_bricks":4,"minecraft:hay_block":55,"minecraft:gold_ingot":1,"minecraft:totem_of_undying":3,"minecraft:mutton":7,"minecraft:obsidian":18,"minecraft:bone_block":2,"minecraft:cod":12,"minecraft:white_wool":8,"minecraft:cobblestone":129,"minecraft:birch_log":6,"minecraft:jungle_boat":5,"minecraft:jungle_log":5,"minecraft:leather":2,"minecraft:birch_planks":2,"minecraft:filled_map":1,"minecraft:flint":2,"minecraft:ancient_debris":6,"minecraft:oak_log":68,"minecraft:jungle_button":1,"minecraft:yellow_bed":2,"minecraft:lapis_lazuli":10,"minecraft:dirt":15,"minecraft:bone":3,"minecraft:bow":1,"minecraft:wheat_seeds":3,"minecraft:iron_ingot":4,"minecraft:moss_block":1,"minecraft:soul_sand":43,"minecraft:oak_planks":1,"minecraft:book":12,"minecraft:pumpkin":14,"minecraft:stone_brick_slab":1,"minecraft:quartz":5,"minecraft:dandelion":1,"minecraft:gravel":9,"minecraft:jungle_planks":16,"minecraft:sand":12,"minecraft:nether_brick_stairs":4,"minecraft:ink_sac":5,"minecraft:white_bed":5,"minecraft:crying_obsidian":1,"minecraft:jungle_slab":6,"minecraft:mossy_cobblestone":1,"minecraft:diamond":60,"minecraft:diamond_axe":1,"minecraft:bread":63,"minecraft:netherrack":564,"minecraft:coal":31,"minecraft:oak_leaves":107,"minecraft:diamond_pickaxe":1},"minecraft:killed":{"minecraft:cod":13,"minecraft:skeleton":4,"minecraft:tropical_fish":22,"minecraft:piglin":1,"minecraft:iron_golem":1,"minecraft:squid":4,"minecraft:sheep":5,"minecraft:zombie":3,"minecraft:wither_skeleton":2,"minecraft:cow":1}},"DataVersion":3337}