{"stats":{"minecraft:used":{"minecraft:moss_block":1,"minecraft:enchanting_table":1,"minecraft:flint_and_steel":1,"minecraft:bone_block":2,"minecraft:diamond_hoe":54,"minecraft:oak_sign":3,"minecraft:chest":3,"minecraft:shield":7,"minecraft:netherrack":507,"minecraft:oak_door":6,"minecraft:torch":6,"minecraft:soul_sand":26,"minecraft:dirt":318,"minecraft:spyglass":12,"minecraft:nether_bricks":1,"minecraft:obsidian":16,"minecraft:lava_bucket":1,"minecraft:totem_of_undying":3,"minecraft:soul_soil":15,"minecraft:furnace":2,"immersive_aircraft:biplane":1,"minecraft:pumpkin":2,"minecraft:pointed_dripstone":1,"minecraft:water_bucket":14,"minecraft:glass_bottle":12,"minecraft:oak_planks":1,"minecraft:cauldron":7,"minecraft:diamond_axe":127,"minecraft:jungle_boat":5,"minecraft:oak_leaves":1,"minecraft:white_wool":3,"minecraft:sand":3,"minecraft:crafting_table":7,"minecraft:white_bed":6,"minecraft:oak_log":1,"minecraft:diamond_pickaxe":1043,"minecraft:diamond_shovel":680,"minecraft:crying_obsidian":1,"minecraft:bread":55,"minecraft:suspicious_stew":1,"minecraft:gravel":8,"minecraft:diamond_sword":140,"minecraft:potion":6,"minecraft:cobblestone":121,"minecraft:bucket":17,"minecraft:yellow_bed":2,"minecraft:air":4,"minecraft:dandelion":1},"minecraft:dropped":{"minecraft:wheat_seeds":2,"minecraft:diamond_axe":1,"minecraft:crafting_table":1,"minecraft:cobblestone":13,"minecraft:leather":1,"gildednetherite:golden_core":1,"minecraft:stick":1,"minecraft:dirt":9,"minecraft:jungle_button":1,"minecraft:cornflower":1,"minecraft:jungle_sapling":2,"minecraft:bone_block":2,"wildwestguns2_3d:silver_ore":1,"minecraft:bone":3,"minecraft:gold_ingot":2,"minecraft:stone_brick_slab":1,"minecraft:oak_door":1,"minecraft:gravel":1,"minecraft:soul_soil":1,"minecraft:iron_nugget":12,"minecraft:bowl":1,"minecraft:oak_planks":1,"minecraft:filled_map":1,"minecraft:poppy":1,"minecraft:diamond_pickaxe":1,"minecraft:beef":2,"minecraft:quartz":5,"minecraft:netherrack":11,"minecraft:firework_rocket":64},"minecraft:custom":{"minecraft:mob_kills":65,"minecraft:interact_with_crafting_table":35,"minecraft:bell_ring":5,"minecraft:time_since_death":154562,"minecraft:climb_one_cm":1168,"minecraft:sprint_one_cm":375547,"minecraft:damage_blocked_by_shield":375,"minecraft:walk_one_cm":366049,"minecraft:drop":38,"minecraft:talked_to_villager":12,"minecraft:play_time":169713,"minecraft:deaths":2,"minecraft:sneak_time":20209,"minecraft:walk_under_water_one_cm":40555,"minecraft:boat_one_cm":139645,"minecraft:jump":2390,"minecraft:walk_on_water_one_cm":20799,"minecraft:enchant_item":11,"minecraft:total_world_time":169713,"minecraft:interact_with_furnace":11,"minecraft:traded_with_villager":1,"minecraft:time_since_rest":154566,"minecraft:damage_taken":3649,"minecraft:damage_dealt":6672,"minecraft:swim_one_cm":126325,"minecraft:fly_one_cm":404215,"minecraft:player_kills":1,"minecraft:open_chest":77,"minecraft:crouch_one_cm":60536,"minecraft:use_cauldron":2,"minecraft:fall_one_cm":66726},"minecraft:mined":{"minecraft:crying_obsidian":1,"minecraft:white_bed":5,"minecraft:mossy_cobblestone":1,"minecraft:oak_door":4,"minecraft:mossy_stone_brick_slab":1,"minecraft:jungle_leaves":5,"minecraft:obsidian":18,"minecraft:nether_bricks":13,"minecraft:granite":18,"minecraft:grass_block":522,"minecraft:jungle_log":5,"minecraft:soul_soil":16,"wildwestguns2_3d:silver_ore":1,"minecraft:moss_block":1,"minecraft:oak_wall_sign":2,"minecraft:nether_wart":18,"minecraft:hay_block":55,"minecraft:tall_seagrass":3,"minecraft:magma_block":6,"minecraft:furnace":2,"minecraft:iron_ore":1,"minecraft:fire":47,"minecraft:andesite":25,"minecraft:pumpkin":15,"minecraft:nether_brick_stairs":4,"minecraft:gold_block":1,"minecraft:oak_sign":1,"minecraft:bookshelf":4,"minecraft:pointed_dripstone":1,"minecraft:water_cauldron":1,"minecraft:deepslate_iron_ore":10,"minecraft:vine":2,"minecraft:stone":105,"minecraft:bone_block":2,"minecraft:white_wool":3,"minecraft:glass_pane":1,"minecraft:blackstone":3,"minecraft:soul_sand":43,"minecraft:soul_fire":2,"minecraft:stone_brick_slab":1,"minecraft:dandelion":1,"minecraft:crafting_table":5,"minecraft:lectern":1,"minecraft:nether_quartz_ore":6,"minecraft:tall_grass":38,"minecraft:cobblestone":18,"minecraft:honeycomb_block":1,"minecraft:lapis_ore":2,"minecraft:sugar_cane":10,"minecraft:oak_planks":1,"minecraft:wall_torch":2,"minecraft:cauldron":5,"minecraft:seagrass":4,"minecraft:birch_planks":2,"minecraft:birch_log":6,"minecraft:yellow_bed":2,"minecraft:stone_brick_stairs":1,"minecraft:grass":152,"minecraft:coal_ore":31,"minecraft:oak_log":68,"minecraft:dripstone_block":2,"minecraft:gravel":27,"minecraft:sand":12,"minecraft:dirt":41,"minecraft:cracked_stone_bricks":1,"minecraft:ancient_debris":6,"minecraft:netherrack":730,"minecraft:deepslate":2,"minecraft:fern":1,"minecraft:oak_leaves":9},"minecraft:crafted":{"minecraft:jungle_button":1,"minecraft:oak_door":3,"minecraft:oak_planks":268,"minecraft:oak_sign":3,"minecraft:leather_leggings":1,"minecraft:diamond_hoe":1,"minecraft:diamond_shovel":1,"minecraft:glass":9,"minecraft:bow":2,"minecraft:diamond_helmet":1,"minecraft:diamond_leggings":2,"minecraft:chest":3,"minecraft:diamond_boots":1,"minecraft:glass_bottle":9,"minecraft:diamond_sword":1,"minecraft:cauldron":2,"minecraft:diamond_axe":1,"minecraft:crafting_table":3,"minecraft:enchanting_table":1,"minecraft:jungle_boat":1,"minecraft:bucket":1,"minecraft:birch_planks":24,"minecraft:jungle_slab":6,"minecraft:air":0,"minecraft:jungle_planks":20,"minecraft:diamond_pickaxe":1,"minecraft:shield":1,"minecraft:stick":76,"minecraft:iron_ingot":12,"minecraft:gold_ingot":9,"minecraft:white_bed":1,"minecraft:torch":4,"minecraft:diamond_chestplate":1},"minecraft:picked_up":{"minecraft:crafting_table":6,"minecraft:nether_wart":62,"minecraft:gold_block":1,"minecraft:potion":1,"minecraft:nether_brick":4,"minecraft:cornflower":2,"minecraft:string":9,"immersive_aircraft:biplane":1,"minecraft:soul_soil":16,"wildwestguns2_3d:silver_ore":1,"minecraft:oak_sign":2,"minecraft:cracked_stone_bricks":1,"minecraft:gold_nugget":1,"minecraft:beef":3,"minecraft:jungle_sapling":2,"minecraft:iron_nugget":11,"minecraft:poppy":1,"minecraft:lectern":1,"minecraft:sugar_cane":21,"minecraft:furnace":2,"minecraft:raw_iron":11,"minecraft:stick":1,"minecraft:oak_door":5,"minecraft:torch":2,"minecraft:honeycomb_block":1,"minecraft:pointed_dripstone":1,"minecraft:cauldron":6,"minecraft:arrow":1,"minecraft:tropical_fish":9,"minecraft:nether_bricks":5,"minecraft:hay_block":55,"minecraft:gold_ingot":2,"minecraft:totem_of_undying":3,"minecraft:blaze_rod":2,"minecraft:mutton":7,"minecraft:obsidian":18,"minecraft:bone_block":4,"minecraft:cod":12,"minecraft:white_wool":8,"minecraft:cobblestone":134,"minecraft:birch_log":6,"minecraft:jungle_boat":5,"minecraft:jungle_log":5,"minecraft:leather":3,"minecraft:birch_planks":2,"minecraft:filled_map":1,"minecraft:flint":2,"minecraft:ancient_debris":6,"minecraft:oak_log":68,"minecraft:jungle_button":1,"minecraft:yellow_bed":2,"minecraft:lapis_lazuli":10,"minecraft:dirt":556,"minecraft:bone":4,"minecraft:bow":1,"minecraft:wheat_seeds":28,"minecraft:iron_ingot":4,"minecraft:moss_block":1,"minecraft:soul_sand":49,"minecraft:oak_planks":2,"minecraft:book":12,"minecraft:pumpkin":15,"minecraft:stone_brick_slab":1,"minecraft:quartz":5,"minecraft:dandelion":1,"minecraft:gravel":9,"minecraft:jungle_planks":16,"minecraft:sand":12,"minecraft:nether_brick_stairs":4,"minecraft:ink_sac":5,"minecraft:white_bed":5,"minecraft:spectral_arrow":18,"minecraft:crying_obsidian":1,"minecraft:jungle_slab":6,"minecraft:mossy_cobblestone":1,"minecraft:firework_rocket":64,"minecraft:diamond":60,"gildednetherite:golden_core":2,"minecraft:diamond_axe":1,"minecraft:bread":63,"minecraft:netherrack":592,"minecraft:coal":95,"minecraft:oak_leaves":107,"minecraft:diamond_pickaxe":1},"minecraft:killed":{"minecraft:cod":13,"minecraft:skeleton":4,"minecraft:tropical_fish":22,"minecraft:piglin":1,"minecraft:iron_golem":1,"minecraft:squid":4,"minecraft:sheep":5,"minecraft:zombie":3,"minecraft:wither_skeleton":4,"minecraft:blaze":6,"minecraft:cow":2}},"DataVersion":3337}