{"stats":{"minecraft:used":{"minecraft:moss_block":1,"minecraft:enchanting_table":1,"minecraft:diamond_hoe":54,"minecraft:oak_sign":3,"minecraft:chest":1,"minecraft:netherrack":16,"minecraft:torch":6,"minecraft:dirt":4,"minecraft:spyglass":11,"minecraft:obsidian":16,"minecraft:totem_of_undying":1,"minecraft:furnace":2,"minecraft:pumpkin":1,"minecraft:diamond_axe":118,"minecraft:jungle_boat":5,"minecraft:oak_leaves":1,"minecraft:white_wool":3,"minecraft:sand":3,"minecraft:crafting_table":6,"minecraft:white_bed":1,"minecraft:oak_log":1,"minecraft:diamond_pickaxe":252,"minecraft:diamond_shovel":34,"minecraft:crying_obsidian":1,"minecraft:bread":17,"minecraft:suspicious_stew":1,"minecraft:diamond_sword":100,"minecraft:cobblestone":64,"minecraft:bucket":1,"minecraft:dandelion":1},"minecraft:dropped":{"minecraft:wheat_seeds":2,"minecraft:diamond_axe":1,"minecraft:crafting_table":1,"minecraft:cobblestone":13,"minecraft:stick":1,"minecraft:dirt":9,"minecraft:jungle_button":1,"minecraft:jungle_sapling":2,"wildwestguns2_3d:silver_ore":1,"minecraft:stone_brick_slab":1,"minecraft:iron_nugget":12,"minecraft:bowl":1,"minecraft:filled_map":1,"minecraft:poppy":1,"minecraft:diamond_pickaxe":1,"minecraft:beef":2},"minecraft:custom":{"minecraft:mob_kills":51,"minecraft:interact_with_crafting_table":25,"minecraft:time_since_death":64562,"minecraft:climb_one_cm":1168,"minecraft:sprint_one_cm":207331,"minecraft:walk_one_cm":121807,"minecraft:drop":20,"minecraft:talked_to_villager":1,"minecraft:play_time":79713,"minecraft:deaths":2,"minecraft:sneak_time":6567,"minecraft:walk_under_water_one_cm":40555,"minecraft:boat_one_cm":139645,"minecraft:jump":1164,"minecraft:walk_on_water_one_cm":16885,"minecraft:enchant_item":6,"minecraft:total_world_time":79713,"minecraft:interact_with_furnace":2,"minecraft:time_since_rest":64566,"minecraft:damage_taken":1594,"minecraft:damage_dealt":3810,"minecraft:swim_one_cm":126325,"minecraft:fly_one_cm":275547,"minecraft:player_kills":1,"minecraft:open_chest":45,"minecraft:crouch_one_cm":10135,"minecraft:fall_one_cm":39512},"minecraft:mined":{"minecraft:crying_obsidian":1,"minecraft:white_bed":5,"minecraft:mossy_stone_brick_slab":1,"minecraft:jungle_leaves":5,"minecraft:obsidian":18,"minecraft:granite":18,"minecraft:grass_block":7,"minecraft:jungle_log":5,"wildwestguns2_3d:silver_ore":1,"minecraft:moss_block":1,"minecraft:hay_block":55,"minecraft:tall_seagrass":3,"minecraft:furnace":2,"minecraft:iron_ore":1,"minecraft:andesite":25,"minecraft:pumpkin":14,"minecraft:gold_block":1,"minecraft:bookshelf":4,"minecraft:deepslate_iron_ore":10,"minecraft:vine":2,"minecraft:stone":105,"minecraft:white_wool":3,"minecraft:stone_brick_slab":1,"minecraft:dandelion":1,"minecraft:crafting_table":5,"minecraft:lectern":1,"minecraft:tall_grass":11,"minecraft:cobblestone":1,"minecraft:lapis_ore":2,"minecraft:sugar_cane":10,"minecraft:oak_planks":1,"minecraft:wall_torch":2,"minecraft:seagrass":4,"minecraft:birch_planks":2,"minecraft:birch_log":6,"minecraft:yellow_bed":2,"minecraft:stone_brick_stairs":1,"minecraft:grass":40,"minecraft:coal_ore":31,"minecraft:oak_log":68,"minecraft:dripstone_block":2,"minecraft:gravel":11,"minecraft:sand":12,"minecraft:dirt":8,"minecraft:cracked_stone_bricks":1,"minecraft:netherrack":17,"minecraft:deepslate":2,"minecraft:fern":1,"minecraft:oak_leaves":9},"minecraft:crafted":{"minecraft:jungle_button":1,"minecraft:oak_planks":40,"minecraft:oak_sign":3,"minecraft:diamond_hoe":1,"minecraft:diamond_shovel":1,"minecraft:diamond_helmet":1,"minecraft:diamond_leggings":1,"minecraft:chest":1,"minecraft:diamond_boots":1,"minecraft:diamond_sword":1,"minecraft:diamond_axe":1,"minecraft:crafting_table":2,"minecraft:enchanting_table":1,"minecraft:jungle_boat":1,"minecraft:bucket":1,"minecraft:birch_planks":24,"minecraft:jungle_slab":6,"minecraft:jungle_planks":20,"minecraft:diamond_pickaxe":1,"minecraft:shield":1,"minecraft:stick":76,"minecraft:iron_ingot":1,"minecraft:white_bed":1,"minecraft:torch":4,"minecraft:diamond_chestplate":1},"minecraft:picked_up":{"minecraft:crafting_table":6,"minecraft:gold_block":1,"wildwestguns2_3d:silver_ore":1,"minecraft:cracked_stone_bricks":1,"minecraft:beef":2,"minecraft:jungle_sapling":2,"minecraft:iron_nugget":11,"minecraft:poppy":1,"minecraft:lectern":1,"minecraft:sugar_cane":21,"minecraft:furnace":2,"minecraft:raw_iron":11,"minecraft:stick":1,"minecraft:torch":2,"minecraft:tropical_fish":9,"minecraft:hay_block":55,"minecraft:totem_of_undying":3,"minecraft:mutton":7,"minecraft:obsidian":18,"minecraft:cod":12,"minecraft:white_wool":8,"minecraft:cobblestone":117,"minecraft:birch_log":6,"minecraft:jungle_boat":5,"minecraft:jungle_log":5,"minecraft:leather":2,"minecraft:birch_planks":2,"minecraft:filled_map":1,"minecraft:flint":2,"minecraft:oak_log":68,"minecraft:jungle_button":1,"minecraft:yellow_bed":2,"minecraft:lapis_lazuli":10,"minecraft:dirt":15,"minecraft:wheat_seeds":3,"minecraft:iron_ingot":4,"minecraft:moss_block":1,"minecraft:oak_planks":1,"minecraft:book":12,"minecraft:pumpkin":14,"minecraft:stone_brick_slab":1,"minecraft:dandelion":1,"minecraft:jungle_planks":16,"minecraft:sand":12,"minecraft:ink_sac":5,"minecraft:white_bed":5,"minecraft:crying_obsidian":1,"minecraft:jungle_slab":6,"minecraft:diamond":60,"minecraft:diamond_axe":1,"minecraft:bread":63,"minecraft:netherrack":16,"minecraft:coal":31,"minecraft:oak_leaves":107,"minecraft:diamond_pickaxe":1},"minecraft:killed":{"minecraft:cod":13,"minecraft:skeleton":2,"minecraft:tropical_fish":22,"minecraft:iron_golem":1,"minecraft:squid":4,"minecraft:sheep":5,"minecraft:zombie":3,"minecraft:cow":1}},"DataVersion":3337}