{
  "__COMMENT1": "To apply this configuration to all newly generated worlds",
  "__COMMENT2": "please place this configuration file into your config directory",
  "__COMMENT3": "with the following name: cpm-server-default.json",
  "player_scaling": {
    "a590b674-5a40-362e-897f-0ba02d892ee2": {
      "scale": 1.0,
      "eyeHeight": 1.0,
      "hitboxW": 1.0,
      "hitboxH": 1.0,
      "thirdPerson": 1.0,
      "viewBonning": 1.0,
      "motion": 1.0,
      "stepHeight": 1.0,
      "flight": 1.0,
      "fdmg": 1.0,
      "reach": 1.0,
      "msp": 1.0,
      "asp": 1.0,
      "akb": 1.0,
      "attack": 1.0,
      "defense": 1.0,
      "health": 1.0,
      "mob_vis": 1.0,
      "width": 1.0,
      "height": 1.0,
      "jump_height": 1.0,
      "proj_dmg": 1.0,
      "exp_dmg": 1.0,
      "kbr": 1.0
    },
    "9d6791b6-5406-334a-bf2c-8df436ffd634": {},
    "83224404-a12f-3705-a7ae-f75ebc8ed473": {},
    "c7e2cac2-55e5-3aca-9502-a0db48d9b2b6": {},
    "0ac2004f-9d6d-3302-949c-8c3681a1f20b": {},
    "cb565b3c-8aea-37a7-bc7c-311a6df26955": {},
    "e492ccca-6564-34ef-8f89-98c8a9b0ba5b": {},
    "edd84d58-7fd8-3f10-8913-faa9974db45d": {
      "flight": 1.0,
      "mob_vis": 1.0,
      "motion": 1.0,
      "reach": 1.0,
      "scale": 1.0,
      "health": 1.0,
      "jump_height": 1.0,
      "proj_dmg": 1.0,
      "msp": 1.0,
      "viewBonning": 1.0,
      "exp_dmg": 1.0,
      "hitboxH": 1.0,
      "defense": 1.0,
      "attack": 1.0,
      "fdmg": 1.0,
      "eyeHeight": 1.0,
      "width": 1.0,
      "akb": 1.0,
      "hitboxW": 1.0,
      "thirdPerson": 1.0,
      "kbr": 1.0,
      "stepHeight": 1.0,
      "asp": 1.0,
      "height": 1.0
    },
    "197e0834-8258-396c-ae5d-4307eec997b1": {},
    "45e62d28-34cf-3f5f-9bb1-15fdcd3731ab": {},
    "bfb4a8a5-7cc8-37c2-bb06-263cdb025fcd": {},
    "40b20b3e-5383-30a7-8935-8fc256a2073c": {},
    "1efb274a-3354-3783-bd82-90504bff8e7c": {},
    "8c8bdd0b-bcb9-3940-9dec-5c0a4f4ac7e1": {}
  },
  "player_scaling_settings": {},
  "scaling_settings": {
    "projectile_dmg": {},
    "mining_speed": {},
    "motion": {},
    "third_person": {},
    "hitbox_width": {},
    "eye_height": {},
    "mob_visibility": {},
    "flight_speed": {},
    "knockback_resist": {},
    "reach": {},
    "health": {},
    "jump_height": {},
    "attack_speed": {},
    "explosion_dmg": {},
    "view_bobbing": {},
    "defense": {},
    "attack_knockback": {},
    "step_height": {},
    "width": {},
    "hitbox_height": {},
    "attack_dmg": {},
    "fall_damage": {},
    "entity": {},
    "height": {}
  },
  "skins": {}
}