{
  "minecraft:recipes/decorations/crafting_table": {
    "criteria": {
      "unlock_right_away": "2024-08-05 22:08:10 +0000"
    },
    "done": true
  },
  "minecraft:adventure/root": {
    "criteria": {
      "killed_by_something": "2024-08-05 22:09:06 +0000"
    },
    "done": true
  },
  "minecraft:adventure/adventuring_time": {
    "criteria": {
      "minecraft:badlands": "2024-08-05 22:11:14 +0000",
      "minecraft:desert": "2024-08-05 22:08:11 +0000",
      "minecraft:plains": "2024-08-05 22:10:49 +0000"
    },
    "done": false
  },
  "DataVersion": 3700
}