{
  "minecraft:recipes/decorations/crafting_table": {
    "criteria": {
      "unlock_right_away": "2024-08-05 18:36:33 +0000"
    },
    "done": true
  },
  "minecraft:adventure/adventuring_time": {
    "criteria": {
      "minecraft:badlands": "2024-08-05 18:38:07 +0000",
      "minecraft:beach": "2024-08-05 18:36:48 +0000",
      "minecraft:desert": "2024-08-05 18:37:27 +0000",
      "minecraft:ocean": "2024-08-05 18:36:46 +0000",
      "minecraft:river": "2024-08-05 18:36:44 +0000",
      "minecraft:savanna": "2024-08-05 18:36:49 +0000",
      "minecraft:plains": "2024-08-05 18:36:34 +0000"
    },
    "done": false
  },
  "DataVersion": 3700
}