{
  "minecraft:recipes/decorations/crafting_table": {
    "criteria": {
      "unlock_right_away": "2024-08-05 18:48:01 +0000"
    },
    "done": true
  },
  "minecraft:adventure/adventuring_time": {
    "criteria": {
      "minecraft:badlands": "2024-08-05 19:02:02 +0000",
      "minecraft:desert": "2024-08-05 18:51:16 +0000",
      "minecraft:forest": "2024-08-05 18:48:02 +0000",
      "minecraft:river": "2024-08-05 19:02:47 +0000",
      "minecraft:meadow": "2024-08-05 18:50:48 +0000",
      "minecraft:birch_forest": "2024-08-05 18:50:58 +0000",
      "minecraft:savanna": "2024-08-05 18:53:55 +0000"
    },
    "done": false
  },
  "minecraft:adventure/shoot_arrow": {
    "criteria": {
      "shot_arrow": "2024-08-05 19:09:26 +0000"
    },
    "done": true
  },
  "minecraft:recipes/redstone/dispenser": {
    "criteria": {
      "has_bow": "2024-08-05 19:09:14 +0000"
    },
    "done": true
  },
  "minecraft:adventure/root": {
    "criteria": {
      "killed_something": "2024-08-05 19:09:28 +0000"
    },
    "done": true
  },
  "minecraft:adventure/kill_all_mobs": {
    "criteria": {
      "minecraft:skeleton": "2024-08-05 19:12:30 +0000",
      "minecraft:spider": "2024-08-05 19:12:01 +0000",
      "minecraft:zombie": "2024-08-05 19:09:37 +0000",
      "minecraft:creeper": "2024-08-05 19:09:28 +0000"
    },
    "done": false
  },
  "minecraft:adventure/kill_a_mob": {
    "criteria": {
      "minecraft:creeper": "2024-08-05 19:09:28 +0000"
    },
    "done": true
  },
  "DataVersion": 3700
}